name,date,stage,net_pct,cash
PT_U1,2024-02-26,U,0.1885324877840999,33.1817178500016
PT_U1,2024-03-14,U,0.1550922832674674,35.31451290000233
PT_U1,2024-05-17,U,1.790465982142854,451.19742749999926
PT_U1,2024-06-21,U,3.335372444909102,917.227422350003
PT_U1,2024-06-25,U,-1.383951388639742,-370.3453915999949
PT_U1,2024-10-16,U,-0.5328272676831685,-125.80051789999608
PT_U1,2025-02-25,U,1.030995488596497,235.0669714000013
PT_U1,2025-07-23,U,0.1118711147169778,29.645845399999125
PT_U1,2025-08-04,U,1.5746436584876615,510.1845453500024
PT_U1,2025-08-15,U,5.144731509812165,2191.141150029001
PT_U1,2025-08-22,U,2.806286679080897,1248.797572190999
PT_U1,2025-08-27,U,1.4191128763200147,638.6007943440067
PT_U1,2025-08-28,U,9.540744023582985,4255.171834518011
PT_U1,2025-09-09,U,-3.369841558624988,-1698.4001455469938
PT_U1,2025-09-17,U,3.585729258733456,2111.994533394005
PT_U1,2025-09-24,U,-0.4258650826438902,-292.9951768589965
PT_U1,2025-10-13,U,3.8818633742557287,2367.9366582959947
PT_U1,2025-10-23,U,-1.4276236533749838,-925.1001273869896
PT_U1,2025-11-03,U,6.251889854791096,4398.829701831015
PT_U1,2025-11-05,U,6.824720805590963,4798.461198411006
PT_U1,2026-05-18,U,4.52108200724047,2978.4888263700213
PT_U1,2026-06-05,U,-4.6126820117264495,-3574.8285590879987
PT_U1,2026-06-08,U,0.5202433456536848,364.118317623014
PT_U1,2026-06-17,U,1.1304619140000025,810.5411923380018
PT_U1,2026-06-24,U,4.993097887405519,3644.9614578060296
PT_R1,2024-03-28,R,4.392895484611964,984.8871676500024
PT_R1,2024-04-24,R,5.598586898667947,1176.8229661000023
PT_R1,2024-07-09,R,6.81511534870849,1846.8962595000007
PT_R1,2024-07-16,R,1.6636597459198847,448.52266750000086
PT_R1,2024-10-31,R,-1.2121691377550723,-296.9814387499927
PT_R1,2024-11-04,R,2.116505404751891,503.3049852499997
PT_R1,2024-11-19,R,0.9556043980810272,224.0892313500009
PT_R1,2024-11-26,R,0.715078682046606,156.53072350000204
PT_R1,2024-11-27,R,1.625379479927012,356.28318200000103
PT_R1,2025-03-04,R,2.983599623589994,608.3559632499998
PT_R1,2025-03-05,R,-0.1995035171102703,-41.97554000000088
PT_R1,2025-05-28,R,0.2259667318919068,41.80384540000277
PT_R1,2025-11-12,R,3.052755509864547,2028.5560363049915
PT_R1,2026-06-09,R,3.6365458298722175,2617.949342925009
PT_D1,2024-01-31,D,-0.1520509206766802,-20.222772449998477
PT_D1,2024-08-02,D,-2.809603229393796,-644.2420204999974
PT_D1,2024-08-05,D,-3.418863025592392,-721.3800983999947
PT_D1,2024-08-08,D,2.1956016120000283,439.1203224000057
PT_D1,2024-08-12,D,0.4324654346660307,88.6986606500029
PT_D1,2024-08-21,D,2.111697018965518,428.67449485000014
PT_D1,2024-09-09,D,2.382638457528969,431.9723523500021
PT_D1,2024-09-23,D,0.1157966638069689,21.59607779999971
PT_D1,2025-01-13,D,1.0274791129363523,200.15293120000143
PT_D1,2025-04-03,D,-3.253217508905826,-639.2572404999949
PT_D1,2025-04-07,D,-0.2102840379008831,-36.06371250000146
PT_D1,2025-04-09,D,11.770061668381356,1716.074991250002
PT_D1,2025-04-17,D,0.8341936753775027,143.64815090000596
PT_D1,2025-12-04,D,0.6741062348948762,410.3958758040006
PT_D1,2026-01-09,D,1.4389248747867922,870.5495492460093
PT_D1,2026-01-30,D,1.04760894015791,597.1370958900087
PT_D1,2026-02-05,D,2.8975786819341933,1514.5643770470028
PT_D1,2026-03-04,D,-0.5861466691255934,-316.40197199399535
PT_D1,2026-03-23,D,-2.9338132137793544,-1436.1015681449942
PT_D1,2026-03-27,D,1.669535233251106,811.8949839300128
PT_C1,2024-01-23,C,2.9764635391459104,418.1931272500004
PT_C1,2024-02-05,C,6.18160804719021,858.0071969500011
PT_C1,2024-10-14,C,2.331211463325204,572.0792931000051
PT_C1,2024-12-26,C,2.8484811658569043,644.8961359500031
PT_C1,2025-02-05,C,-2.9215982626458734,-600.6806027999916
PT_C1,2025-02-12,C,1.7797276226979848,386.5568396500023
PT_C1,2025-02-19,C,2.6327761646017778,595.0074132000018
PT_C1,2025-05-16,C,0.9521189794736812,180.90260609999945
PT_C1,2025-12-11,C,-2.8474535593141788,-1822.655023317006
PT_C1,2025-12-12,C,1.0490453147950938,639.9176420250072
PT_C1,2026-01-21,C,4.669755304368941,2741.613339195005
PT_C1,2026-09-02,C,-0.0495857942060835,-30.604352183994763
PT_C1,2026-09-11,C,2.0686076891270377,1296.189578007002
PT_PT_matrix,2024-01-23,C,2.9764635391459104,418.1931272500004
PT_PT_matrix,2024-01-31,D,-0.1520509206766802,-20.222772449998477
PT_PT_matrix,2024-02-05,C,6.18160804719021,858.0071969500011
PT_PT_matrix,2024-02-26,U,0.1885324877840999,33.1817178500016
PT_PT_matrix,2024-03-14,U,0.1550922832674674,35.31451290000233
PT_PT_matrix,2024-03-28,R,4.392895484611964,984.8871676500024
PT_PT_matrix,2024-04-24,R,5.598586898667947,1176.8229661000023
PT_PT_matrix,2024-05-17,U,1.790465982142854,451.19742749999926
PT_PT_matrix,2024-06-21,U,3.335372444909102,917.227422350003
PT_PT_matrix,2024-06-25,U,-1.383951388639742,-370.3453915999949
PT_PT_matrix,2024-07-09,R,6.81511534870849,1846.8962595000007
PT_PT_matrix,2024-07-16,R,1.6636597459198847,448.52266750000086
PT_PT_matrix,2024-08-02,D,-2.809603229393796,-644.2420204999974
PT_PT_matrix,2024-08-05,D,-3.418863025592392,-721.3800983999947
PT_PT_matrix,2024-08-08,D,2.1956016120000283,439.1203224000057
PT_PT_matrix,2024-08-12,D,0.4324654346660307,88.6986606500029
PT_PT_matrix,2024-08-21,D,2.111697018965518,428.67449485000014
PT_PT_matrix,2024-09-09,D,2.382638457528969,431.9723523500021
PT_PT_matrix,2024-09-23,D,0.1157966638069689,21.59607779999971
PT_PT_matrix,2024-10-14,C,2.331211463325204,572.0792931000051
PT_PT_matrix,2024-10-16,U,-0.5328272676831685,-125.80051789999608
PT_PT_matrix,2024-10-31,R,-1.2121691377550723,-296.9814387499927
PT_PT_matrix,2024-11-04,R,2.116505404751891,503.3049852499997
PT_PT_matrix,2024-11-19,R,0.9556043980810272,224.0892313500009
PT_PT_matrix,2024-11-26,R,0.715078682046606,156.53072350000204
PT_PT_matrix,2024-11-27,R,1.625379479927012,356.28318200000103
PT_PT_matrix,2024-12-26,C,2.8484811658569043,644.8961359500031
PT_PT_matrix,2025-01-13,D,1.0274791129363523,200.15293120000143
PT_PT_matrix,2025-02-05,C,-2.9215982626458734,-600.6806027999916
PT_PT_matrix,2025-02-12,C,1.7797276226979848,386.5568396500023
PT_PT_matrix,2025-02-19,C,2.6327761646017778,595.0074132000018
PT_PT_matrix,2025-02-25,U,1.030995488596497,235.0669714000013
PT_PT_matrix,2025-03-04,R,2.983599623589994,608.3559632499998
PT_PT_matrix,2025-03-05,R,-0.1995035171102703,-41.97554000000088
PT_PT_matrix,2025-04-03,D,-3.253217508905826,-639.2572404999949
PT_PT_matrix,2025-04-07,D,-0.2102840379008831,-36.06371250000146
PT_PT_matrix,2025-04-09,D,11.770061668381356,1716.074991250002
PT_PT_matrix,2025-04-17,D,0.8341936753775027,143.64815090000596
PT_PT_matrix,2025-05-16,C,0.9521189794736812,180.90260609999945
PT_PT_matrix,2025-05-28,R,0.2259667318919068,41.80384540000277
PT_PT_matrix,2025-07-23,U,0.1118711147169778,29.645845399999125
PT_PT_matrix,2025-08-04,U,1.5746436584876615,510.1845453500024
PT_PT_matrix,2025-08-15,U,5.144731509812165,2191.141150029001
PT_PT_matrix,2025-08-22,U,2.806286679080897,1248.797572190999
PT_PT_matrix,2025-08-27,U,1.4191128763200147,638.6007943440067
PT_PT_matrix,2025-08-28,U,9.540744023582985,4255.171834518011
PT_PT_matrix,2025-09-09,U,-3.369841558624988,-1698.4001455469938
PT_PT_matrix,2025-09-17,U,3.585729258733456,2111.994533394005
PT_PT_matrix,2025-09-24,U,-0.4258650826438902,-292.9951768589965
PT_PT_matrix,2025-10-13,U,3.8818633742557287,2367.9366582959947
PT_PT_matrix,2025-10-23,U,-1.4276236533749838,-925.1001273869896
PT_PT_matrix,2025-11-03,U,6.251889854791096,4398.829701831015
PT_PT_matrix,2025-11-05,U,6.824720805590963,4798.461198411006
PT_PT_matrix,2025-11-12,R,3.052755509864547,2028.5560363049915
PT_PT_matrix,2025-12-04,D,0.6741062348948762,410.3958758040006
PT_PT_matrix,2025-12-11,C,-2.8474535593141788,-1822.655023317006
PT_PT_matrix,2025-12-12,C,1.0490453147950938,639.9176420250072
PT_PT_matrix,2026-01-09,D,1.4389248747867922,870.5495492460093
PT_PT_matrix,2026-01-21,C,4.669755304368941,2741.613339195005
PT_PT_matrix,2026-01-30,D,1.04760894015791,597.1370958900087
PT_PT_matrix,2026-02-05,D,2.8975786819341933,1514.5643770470028
PT_PT_matrix,2026-03-04,D,-0.5861466691255934,-316.40197199399535
PT_PT_matrix,2026-03-23,D,-2.9338132137793544,-1436.1015681449942
PT_PT_matrix,2026-03-27,D,1.669535233251106,811.8949839300128
PT_PT_matrix,2026-05-18,U,4.52108200724047,2978.4888263700213
PT_PT_matrix,2026-06-05,U,-4.6126820117264495,-3574.8285590879987
PT_PT_matrix,2026-06-08,U,0.5202433456536848,364.118317623014
PT_PT_matrix,2026-06-09,R,3.6365458298722175,2617.949342925009
PT_PT_matrix,2026-06-17,U,1.1304619140000025,810.5411923380018
PT_PT_matrix,2026-06-24,U,4.993097887405519,3644.9614578060296
PT_PT_matrix,2026-09-02,C,-0.0495857942060835,-30.604352183994763
PT_PT_matrix,2026-09-11,C,2.0686076891270377,1296.189578007002
RT_UR_volume,2024-02-21,U,0.8073696187253275,143.14663340000058
RT_UR_volume,2024-02-28,U,4.259749431758549,811.4822667500036
RT_UR_volume,2024-03-14,U,-0.5474111018884396,-124.64550789999768
RT_UR_volume,2024-03-15,U,-2.821165319919948,-634.4800804499962
RT_UR_volume,2024-04-29,R,0.777436959612295,192.49339120000425
RT_UR_volume,2024-06-07,R,4.91832754003869,1271.3876691000014
RT_UR_volume,2024-06-11,R,0.9914858222449148,242.9140264500041
RT_UR_volume,2024-11-11,R,-6.953841041699601,-1759.3217835499988
RT_UR_volume,2024-11-12,R,4.58944634931509,1239.6094589500058
RT_UR_volume,2025-06-06,R,0.7265464680488039,148.9420259500048
RT_UR_volume,2025-07-04,U,-2.34097114972114,-545.6803749999976
RT_UR_volume,2025-07-07,U,-0.9506800457983016,-226.26185089999575
RT_UR_volume,2025-07-09,U,1.2932250074074236,349.1707520000044
RT_UR_volume,2025-07-10,U,2.563182634572495,689.4961287000011
RT_UR_volume,2025-07-16,U,0.7747852864023691,209.11454879999943
RT_UR_volume,2025-08-01,U,2.7612897205882567,938.8385050000072
RT_UR_volume,2025-11-25,R,-0.6229183218151051,-351.0767661749933
RT_UR_volume,2025-11-27,R,-0.5958516813978499,-357.6301791749895
RT_UR_volume,2026-04-23,U,-1.583364860164202,-1060.5377833379823
RT_UR_volume,2026-04-24,U,2.165855526381241,1441.810023911992
RT_UR_volume,2026-05-14,U,7.122952503486502,5270.984852580012
RT_UR_volume,2026-05-15,U,2.527726998094946,1756.7702636759875
RT_UR_volume,2026-06-22,U,-1.204306508913929,-940.322522159996
RT_R_deceleration,2024-04-16,R,-1.4995960004644429,-322.8630188999946
RT_R_deceleration,2024-04-19,R,1.4106470517625915,316.1260042999968
RT_R_deceleration,2024-04-30,R,2.9721673083004188,751.9583290000058
RT_R_deceleration,2024-06-11,R,0.9914858222449148,242.9140264500041
RT_R_deceleration,2024-07-15,R,0.5113653349907908,138.8356884499997
RT_R_deceleration,2024-11-12,R,4.58944634931509,1239.6094589500058
RT_R_deceleration,2024-11-15,R,3.3578992112903348,832.759004400003
RT_R_deceleration,2024-12-04,R,1.4668506262921408,326.37426435000134
RT_R_deceleration,2024-12-09,R,1.9711457004863115,445.8731574500037
RT_R_deceleration,2025-03-18,R,-0.4780020032588211,-102.67483029999477
RT_R_deceleration,2025-03-19,R,1.577902578971967,337.6711519000009
RT_R_deceleration,2025-06-03,R,-0.0456237770988132,-8.586394849996651
RT_R_deceleration,2025-12-01,R,0.1876649800000029,112.65528749400174
RT_R_deceleration,2025-12-02,R,-2.068958700737071,-1237.8579906509894
RT_R_deceleration,2026-07-13,R,3.22283313077183,2104.510034394005
PT_unconditional,2024-01-02,C,-5.546589693333324,-831.9884539999986
PT_unconditional,2024-01-03,D,-1.851250397944687,-261.2114311499953
PT_unconditional,2024-01-04,D,-2.4719095359215992,-340.6291340499964
PT_unconditional,2024-01-05,D,-1.3404399684014598,-180.2891757499964
PT_unconditional,2024-01-08,D,-1.4347426797583072,-189.95993079999985
PT_unconditional,2024-01-09,D,-1.2761958229557406,-170.11690320000022
PT_unconditional,2024-01-10,D,-1.526809429281324,-199.7066733499972
PT_unconditional,2024-01-11,D,1.235433552854936,160.1121884499997
PT_unconditional,2024-01-12,D,-1.3047337361538345,-169.61538569999848
PT_unconditional,2024-01-15,D,-0.8544689093749875,-109.3720203999984
PT_unconditional,2024-01-16,D,1.9028301333069797,240.5177288500022
PT_unconditional,2024-01-17,D,-1.7044858659673632,-219.36733094999963
PT_unconditional,2024-01-18,D,7.883986850552053,999.6895326500004
PT_unconditional,2024-01-19,C,2.3743002297687963,328.6031518000014
PT_unconditional,2024-01-22,C,-2.325237943915693,-342.04250154999846
PT_unconditional,2024-01-23,C,2.9764635391459104,418.1931272500004
PT_unconditional,2024-01-24,C,-1.040339094391229,-152.09757559999767
PT_unconditional,2024-01-25,C,4.134280091003477,597.4034731500024
PT_unconditional,2024-01-26,C,-3.048643287929865,-452.11379959999897
PT_unconditional,2024-01-29,C,-4.648204681082973,-660.9747056499988
PT_unconditional,2024-01-30,R,-0.594406828413268,-80.54212524999781
PT_unconditional,2024-01-31,D,-0.1520509206766802,-20.222772449998477
PT_unconditional,2024-02-01,D,10.651955423838542,1398.6017471500006
PT_unconditional,2024-02-02,C,-4.480544175378238,-651.4711230999959
PT_unconditional,2024-02-05,C,6.18160804719021,858.0071969500011
PT_unconditional,2024-02-06,C,8.37080831223777,1197.025588650001
PT_unconditional,2024-02-07,C,-0.0211976087098758,-3.236874849998035
PT_unconditional,2024-02-08,C,1.0725285548387071,166.24192599999964
PT_unconditional,2024-02-19,C,3.1978719781437306,534.044620350003
PT_unconditional,2024-02-20,C,3.084920253910616,552.2007254500003
PT_unconditional,2024-02-21,U,-1.2225798838127435,-216.76341339999945
PT_unconditional,2024-02-22,U,-0.5352046728766788,-97.67485279999389
PT_unconditional,2024-02-23,U,-3.655395115568519,-687.9453607499953
PT_unconditional,2024-02-26,U,0.1885324877840999,33.1817178500016
PT_unconditional,2024-02-27,U,9.67317021716885,1701.510641200001
PT_unconditional,2024-02-28,U,-4.661905271653563,-888.0929542500037
PT_unconditional,2024-02-29,U,2.708514180341433,491.8661751500044
PT_unconditional,2024-03-01,U,4.8822535950131245,930.0693098500002
PT_unconditional,2024-03-04,U,5.659410149519232,1177.1573111000002
PT_unconditional,2024-03-05,U,4.6357658652073965,1005.9611927500052
PT_unconditional,2024-03-06,U,-0.4688731209786915,-103.48029779999725
PT_unconditional,2024-03-07,U,0.4259450520694381,95.70985320000275
PT_unconditional,2024-03-08,U,7.45933561190476,1723.1065263499995
PT_unconditional,2024-03-11,U,8.833832203125015,2091.851465700004
PT_unconditional,2024-03-12,U,-2.0107854406175725,-507.92440229999886
PT_unconditional,2024-03-13,U,-4.84578237451057,-1237.6128184499996
PT_unconditional,2024-03-14,U,0.1550922832674674,35.31451290000233
PT_unconditional,2024-03-15,U,2.424300013116941,545.2250729500001
PT_unconditional,2024-03-18,U,6.451115822174857,1512.786660300004
PT_unconditional,2024-03-19,U,4.351628209221334,1061.7972830500055
PT_unconditional,2024-03-20,U,-1.0601878699604692,-268.2275310999987
PT_unconditional,2024-03-21,U,-0.5503367342503835,-138.0244529499962
PT_unconditional,2024-03-22,U,-1.7619919196212586,-437.3263944499964
PT_unconditional,2024-03-25,U,-3.971093067203238,-986.8166272000046
PT_unconditional,2024-03-26,U,-1.3175057035416733,-316.2013688500016
PT_unconditional,2024-03-27,U,-4.298447592212251,-1004.547202300003
PT_unconditional,2024-03-28,R,4.392895484611964,984.8871676500024
PT_unconditional,2024-03-29,R,-1.7925385019446765,-414.7934093499981
PT_unconditional,2024-04-01,R,1.592942050436699,364.78372955000407
PT_unconditional,2024-04-02,R,-1.656521844664355,-384.9756766999961
PT_unconditional,2024-04-03,R,-3.6286816030836735,-823.710723899994
PT_unconditional,2024-04-08,R,1.1830345691244308,256.7185015000015
PT_unconditional,2024-04-09,R,-1.3697513715575478,-303.3999287999968
PT_unconditional,2024-04-10,R,-2.915480073536177,-632.3676279499969
PT_unconditional,2024-04-11,R,-0.1049669684408588,-22.28448739999433
PT_unconditional,2024-04-12,R,1.910114528899088,416.4049673000012
PT_unconditional,2024-04-15,R,1.4459979972577806,316.38436180000235
PT_unconditional,2024-04-16,R,1.1007759122155214,236.99705390000173
PT_unconditional,2024-04-17,R,-0.1964194444444444,-44.194375
PT_unconditional,2024-04-18,R,4.555023468435511,995.7281302000026
PT_unconditional,2024-04-19,R,-1.801401558679159,-403.6940892999996
PT_unconditional,2024-04-22,R,2.0537929946025666,418.56301230000304
PT_unconditional,2024-04-23,R,-2.3825475287410742,-501.5262547999961
PT_unconditional,2024-04-24,R,5.598586898667947,1176.8229661000023
PT_unconditional,2024-04-25,R,2.246292936980629,486.54705015000434
PT_unconditional,2024-04-26,R,4.9246761776486006,1143.509808450005
PT_unconditional,2024-04-29,R,-1.1606893021001592,-287.3866711999994
PT_unconditional,2024-04-30,R,-3.350363158102744,-847.6418789999942
PT_unconditional,2024-05-06,U,-0.9112479835999996,-227.81199589999983
PT_unconditional,2024-05-07,U,0.5219069281746141,131.52054590000276
PT_unconditional,2024-05-08,U,-1.323022984640238,-327.3158863999949
PT_unconditional,2024-05-09,U,-0.5220129440329153,-126.8491453999984
PT_unconditional,2024-05-10,U,-0.5266384183333146,-126.3932203999955
PT_unconditional,2024-05-13,U,0.0984609291684072,23.561700349999853
PT_unconditional,2024-05-14,U,-2.649492020491782,-646.4760529999949
PT_unconditional,2024-05-15,U,1.5631669895310027,373.28427710000346
PT_unconditional,2024-05-16,U,-0.7732285493587207,-198.95170574999884
PT_unconditional,2024-05-17,U,1.790465982142854,451.19742749999926
PT_unconditional,2024-05-20,U,3.441191144664052,870.6213596000052
PT_unconditional,2024-05-21,U,-1.0377801507324662,-269.20017110000174
PT_unconditional,2024-05-22,U,-1.2019456745815542,-308.7798438000013
PT_unconditional,2024-05-23,U,-1.650499218846131,-429.12979689999406
PT_unconditional,2024-05-24,U,-4.3541169355158695,-1097.2374677499993
PT_unconditional,2024-05-27,R,0.8632179524390114,212.3516162999968
PT_unconditional,2024-05-28,U,-2.3404733170385184,-576.9266726499948
PT_unconditional,2024-05-29,R,-2.371994142222205,-587.0685501999959
PT_unconditional,2024-05-30,R,-0.4433892304166563,-106.41341529999752
PT_unconditional,2024-05-31,R,-3.4017958441064526,-805.2050762999972
PT_unconditional,2024-06-03,R,3.9904547023134183,914.2131723000042
PT_unconditional,2024-06-04,R,-0.5286788977796318,-126.19565289999812
PT_unconditional,2024-06-05,R,-0.0676078362906534,-16.00277484999767
PT_unconditional,2024-06-06,R,4.585960705184894,1140.9870234500015
PT_unconditional,2024-06-07,R,-5.291886553578331,-1367.9526740999986
PT_unconditional,2024-06-11,R,-1.375269587550989,-336.9410489499923
PT_unconditional,2024-06-12,R,-0.9251654109979596,-227.12810839999912
PT_unconditional,2024-06-13,R,4.238707582661282,1051.199480499998
PT_unconditional,2024-06-14,U,4.334813871017277,1129.219013400001
PT_unconditional,2024-06-17,U,1.4348580705578369,388.4160797000064
PT_unconditional,2024-06-18,U,3.767020197784246,1037.0606604500028
PT_unconditional,2024-06-19,U,-2.650340822541972,-773.6344861000017
PT_unconditional,2024-06-20,U,0.3041494668071879,86.59135320000641
PT_unconditional,2024-06-21,U,3.335372444909102,917.227422350003
PT_unconditional,2024-06-24,U,-1.0863187544964,-301.99661374999926
PT_unconditional,2024-06-25,U,-1.383951388639742,-370.3453915999949
PT_unconditional,2024-06-26,U,-0.0046685370575103,-1.2661072499968
PT_unconditional,2024-06-27,U,0.3349340202474767,89.32690320000204
PT_unconditional,2024-06-28,U,2.429647391385771,648.7158535000008
PT_unconditional,2024-07-01,U,1.961867577344042,537.7479029500018
PT_unconditional,2024-07-02,U,-1.5919973403603482,-441.7792619499967
PT_unconditional,2024-07-03,U,0.6574826745856509,178.50654615000423
PT_unconditional,2024-07-04,U,-1.915994179819814,-531.6883848999984
PT_unconditional,2024-07-05,U,0.1069850755555658,28.88597040000277
PT_unconditional,2024-07-08,U,0.1454166001116725,39.0734404500064
PT_unconditional,2024-07-09,R,6.81511534870849,1846.8962595000007
PT_unconditional,2024-07-10,U,-0.3586974577586157,-104.02226274999856
PT_unconditional,2024-07-11,U,-2.5265192307300373,-744.059913449996
PT_unconditional,2024-07-12,U,-1.5972053777576654,-441.62728694999447
PT_unconditional,2024-07-15,R,-0.8879166149171014,-241.069360949993
PT_unconditional,2024-07-16,R,1.6636597459198847,448.52266750000086
PT_unconditional,2024-07-17,R,-4.28678351090169,-1160.0036180499974
PT_unconditional,2024-07-18,R,2.182449860797752,541.684055450002
PT_unconditional,2024-07-19,R,-1.4322592573087507,-357.6351365499951
PT_unconditional,2024-07-22,R,1.520446017149869,372.3572296000029
PT_unconditional,2024-07-23,R,-3.383462599802745,-857.707769049996
PT_unconditional,2024-07-24,R,-0.6023808422130938,-146.9809254999949
PT_unconditional,2024-07-25,R,-1.4698348999999935,-345.4112014999985
PT_unconditional,2024-07-26,R,1.0967192952586269,254.43887650000147
PT_unconditional,2024-07-29,R,1.5129656068376285,354.0339520000051
PT_unconditional,2024-07-30,R,-2.9163588365261583,-685.0526906999946
PT_unconditional,2024-07-31,R,4.544463819859406,1034.319965400001
PT_unconditional,2024-08-01,R,-2.751015083943104,-676.7497106500035
PT_unconditional,2024-08-02,D,-2.809603229393796,-644.2420204999974
PT_unconditional,2024-08-05,D,-3.418863025592392,-721.3800983999947
PT_unconditional,2024-08-06,D,-1.2445943823109762,-261.73819859999827
PT_unconditional,2024-08-07,D,-1.170412140776699,-241.104901
PT_unconditional,2024-08-08,D,2.1956016120000283,439.1203224000057
PT_unconditional,2024-08-09,D,-0.2480803007211629,-51.60070255000189
PT_unconditional,2024-08-12,D,0.4324654346660307,88.6986606500029
PT_unconditional,2024-08-13,D,-0.5353290424460194,-111.61610534999504
PT_unconditional,2024-08-14,D,0.6490544617924486,137.59954589999913
PT_unconditional,2024-08-15,D,-0.5855295824493416,-121.43883539999344
PT_unconditional,2024-08-16,D,0.038170229652547,8.019565250000142
PT_unconditional,2024-08-19,D,-1.2461552671428369,-261.69260609999577
PT_unconditional,2024-08-20,D,-2.3762076731406965,-501.617439800001
PT_unconditional,2024-08-21,D,2.111697018965518,428.67449485000014
PT_unconditional,2024-08-22,D,-2.0750077211260787,-431.1866044499992
PT_unconditional,2024-08-23,D,1.084349090594069,219.0385163000019
PT_unconditional,2024-08-26,D,-2.528262972815519,-520.8221723999969
PT_unconditional,2024-08-27,D,-1.4507128187499636,-290.14256374999275
PT_unconditional,2024-08-28,D,0.6634757313775443,130.0412433499987
PT_unconditional,2024-08-29,D,0.9521189794736812,180.90260609999945
PT_unconditional,2024-08-30,D,7.073373293763114,1349.5996244500022
PT_unconditional,2024-09-02,C,-4.712952096710849,-960.0283420999998
PT_unconditional,2024-09-03,D,0.3128596716649649,60.507060500004215
PT_unconditional,2024-09-04,D,2.0619488221621864,381.4605321000045
PT_unconditional,2024-09-05,D,-0.0990598085895829,-18.682679899995343
PT_unconditional,2024-09-06,D,-2.9049428328034,-548.1627125500016
PT_unconditional,2024-09-09,D,2.382638457528969,431.9723523500021
PT_unconditional,2024-09-10,D,0.97586293602151,181.51050610000087
PT_unconditional,2024-09-11,D,0.1147953808760878,21.48969530000364
PT_unconditional,2024-09-12,D,-3.037197487106746,-588.912592749998
PT_unconditional,2024-09-13,D,1.8607832155355428,350.94371445000337
PT_unconditional,2024-09-18,D,-1.5190674407894735,-288.62281375
PT_unconditional,2024-09-19,D,-0.3108504907260232,-58.65748760000058
PT_unconditional,2024-09-20,D,-0.9407046615789488,-178.7338857000003
PT_unconditional,2024-09-23,D,0.1157966638069689,21.59607779999971
PT_unconditional,2024-09-24,D,8.675028324867736,1639.580353400002
PT_unconditional,2024-09-25,C,-1.370303160178218,-292.14863374999607
PT_unconditional,2024-09-26,C,2.403423580056853,507.3627177500016
PT_unconditional,2024-09-27,C,4.248617415531359,935.5455549000052
PT_unconditional,2024-09-30,C,3.4657259339506363,842.1714019500047
PT_unconditional,2024-10-08,C,-0.1880630548538402,-52.11227249999913
PT_unconditional,2024-10-09,C,-6.319063207581208,-1750.380508499995
PT_unconditional,2024-10-10,C,-2.901873128205114,-769.5767535999962
PT_unconditional,2024-10-11,C,-3.377101403740139,-857.7837565499954
PT_unconditional,2024-10-14,C,2.331211463325204,572.0792931000051
PT_unconditional,2024-10-15,C,-2.531507554386649,-637.6867529499968
PT_unconditional,2024-10-16,U,-0.5328272676831685,-125.80051789999608
PT_unconditional,2024-10-17,U,-0.4462089726545828,-106.06387279999431
PT_unconditional,2024-10-18,U,8.554778692660555,2051.435930500001
PT_unconditional,2024-10-21,U,-2.462247493659073,-660.1285530499974
PT_unconditional,2024-10-22,U,-1.057100551717602,-280.0259361499928
PT_unconditional,2024-10-23,U,-0.8879899123691383,-229.01259840000077
PT_unconditional,2024-10-24,U,0.5626837776232219,141.57123845000262
PT_unconditional,2024-10-25,U,0.8709764330445287,221.14091635000585
PT_unconditional,2024-10-28,U,-0.3888359749110873,-98.41438524999622
PT_unconditional,2024-10-29,U,-0.7862945962301444,-198.1462382499964
PT_unconditional,2024-10-30,U,-0.4328561859437564,-107.78119029999534
PT_unconditional,2024-10-31,R,-1.2121691377550723,-296.9814387499927
PT_unconditional,2024-11-01,R,-0.9059722467505216,-216.0743808499994
PT_unconditional,2024-11-04,R,2.116505404751891,503.3049852499997
PT_unconditional,2024-11-05,R,1.4897094887017326,362.5952895500017
PT_unconditional,2024-11-06,R,-3.468663036399986,-867.1657590999965
PT_unconditional,2024-11-07,R,2.6414864916527576,632.9001634000007
PT_unconditional,2024-11-08,R,4.140834138152631,1031.067700400005
PT_unconditional,2024-11-11,R,6.560567830237173,1659.8236610500048
PT_unconditional,2024-11-12,R,-4.960184659200302,-1339.7458764500016
PT_unconditional,2024-11-13,U,3.730986346682381,950.2822225000024
PT_unconditional,2024-11-14,U,-6.616509748118867,-1758.6682910499949
PT_unconditional,2024-11-15,R,-3.737101711290311,-926.801224399997
PT_unconditional,2024-11-18,R,-3.033719872073571,-725.6657933999982
PT_unconditional,2024-11-19,R,0.9556043980810272,224.0892313500009
PT_unconditional,2024-11-20,R,1.0703755337552805,253.67900150000145
PT_unconditional,2024-11-21,R,-0.9139595057203366,-215.6944433499994
PT_unconditional,2024-11-22,R,-2.958887157300952,-695.0425932499936
PT_unconditional,2024-11-25,R,-3.388677653896666,-773.9739761499985
PT_unconditional,2024-11-26,R,0.715078682046606,156.53072350000204
PT_unconditional,2024-11-27,R,1.625379479927012,356.28318200000103
PT_unconditional,2024-11-28,R,-2.300386379256268,-513.4462398499991
PT_unconditional,2024-11-29,R,1.3567512549199063,296.45014919999954
PT_unconditional,2024-12-02,R,2.0206812072949765,445.9643424500013
PT_unconditional,2024-12-03,R,-2.134143043209857,-484.0236421999955
PT_unconditional,2024-12-04,R,-1.858161042022466,-413.4408318499987
PT_unconditional,2024-12-05,R,2.628015684762776,576.0610381000005
PT_unconditional,2024-12-06,R,0.0695840740905231,15.684250300003924
PT_unconditional,2024-12-09,R,-2.360220910477437,-533.8819699499963
PT_unconditional,2024-12-10,D,-2.2728304615214507,-513.88696735
PT_unconditional,2024-12-11,D,0.8424492472850671,186.18128364999984
PT_unconditional,2024-12-12,D,-0.3306504924005182,-73.96651514999593
PT_unconditional,2024-12-13,D,-3.8920381894451896,-862.8648665999984
PT_unconditional,2024-12-16,D,-0.8588553570754593,-182.07733569999735
PT_unconditional,2024-12-17,D,2.703594583373043,567.4845030500018
PT_unconditional,2024-12-18,D,-1.1685705298334848,-252.6449485499994
PT_unconditional,2024-12-19,D,4.465951190801905,946.781652450004
PT_unconditional,2024-12-20,C,-0.2427144577848455,-53.46999505000146
PT_unconditional,2024-12-23,D,-1.0058582474134026,-223.60228839999945
PT_unconditional,2024-12-24,C,3.824059947761226,845.499654450007
PT_unconditional,2024-12-25,C,-1.5401077792010422,-354.68682155
PT_unconditional,2024-12-26,C,2.8484811658569043,644.8961359500031
PT_unconditional,2024-12-27,C,-2.567539077072532,-594.6420502499984
PT_unconditional,2024-12-30,C,-0.6393320975609594,-144.16938799999636
PT_unconditional,2024-12-31,C,-4.46644804007122,-1003.164229799996
PT_unconditional,2025-01-02,R,-3.4197473175233486,-731.8259259499966
PT_unconditional,2025-01-03,D,-0.6360308282461121,-131.27676294999753
PT_unconditional,2025-01-06,D,-0.7766927999037628,-161.4744330999923
PT_unconditional,2025-01-07,D,1.912204299375324,397.9297147000048
PT_unconditional,2025-01-08,D,-1.490383463397109,-311.4901438499958
PT_unconditional,2025-01-09,D,-0.5880526935014634,-121.25646540000174
PT_unconditional,2025-01-10,D,-3.8086503962908336,-780.3924661999918
PT_unconditional,2025-01-13,D,1.0274791129363523,200.15293120000143
PT_unconditional,2025-01-14,D,3.945098463797488,779.1569466000038
PT_unconditional,2025-01-15,D,-1.9550798380487795,-400.7913667999997
PT_unconditional,2025-01-16,D,2.204316031695326,448.57831244999886
PT_unconditional,2025-01-17,D,-0.29694504400386,-61.40823509999826
PT_unconditional,2025-01-20,D,-0.8686590540411294,-181.63660820000013
PT_unconditional,2025-01-21,D,0.9918587965171972,207.8936037500045
PT_unconditional,2025-01-22,C,8.709235957282912,1865.51834205
PT_unconditional,2025-01-23,C,-3.592471037589228,-855.3673540499952
PT_unconditional,2025-01-24,C,2.6192877177454914,594.8402407000011
PT_unconditional,2025-01-27,C,-5.06944409312637,-1143.1596429999963
PT_unconditional,2025-02-05,C,-2.9215982626458734,-600.6806027999916
PT_unconditional,2025-02-06,D,0.6349690834564592,128.96222085000684
PT_unconditional,2025-02-07,D,4.052724682631848,837.698191900003
PT_unconditional,2025-02-10,C,0.0785855507848797,17.021630300004944
PT_unconditional,2025-02-11,C,-0.3353222827981645,-73.10025764999986
PT_unconditional,2025-02-12,C,1.7797276226979848,386.5568396500023
PT_unconditional,2025-02-13,C,-1.3752741668934323,-303.2479538000019
PT_unconditional,2025-02-14,C,1.1304971409904134,246.56142645000915
PT_unconditional,2025-02-17,C,1.760561563668743,395.4221271999997
PT_unconditional,2025-02-18,C,-1.1553717515283564,-264.5801310999936
PT_unconditional,2025-02-19,C,2.6327761646017778,595.0074132000018
PT_unconditional,2025-02-20,C,-2.0589850201735165,-474.5960471499955
PT_unconditional,2025-02-21,U,1.2457809429383475,284.9101016500001
PT_unconditional,2025-02-24,U,-0.921129590889642,-215.36009834999825
PT_unconditional,2025-02-25,U,1.030995488596497,235.0669714000013
PT_unconditional,2025-02-26,U,-1.1514437085689315,-264.7169085999974
PT_unconditional,2025-02-27,U,-4.296301810917016,-983.8531146999968
PT_unconditional,2025-02-28,R,0.2267412225118635,47.8423979500032
PT_unconditional,2025-03-03,R,-1.6011892091717244,-342.17413399999754
PT_unconditional,2025-03-04,R,2.983599623589994,608.3559632499998
PT_unconditional,2025-03-05,R,-0.1995035171102703,-41.97554000000088
PT_unconditional,2025-03-06,R,0.3663213707547416,77.66013060000523
PT_unconditional,2025-03-07,R,-1.4285366010411564,-301.8497837999964
PT_unconditional,2025-03-10,R,0.2775473387482277,58.09065800000407
PT_unconditional,2025-03-11,R,0.8173988648714386,168.4659060500035
PT_unconditional,2025-03-12,R,-0.2475290274856638,-51.78307255000088
PT_unconditional,2025-03-13,R,-1.90963782358533,-401.5968342999949
PT_unconditional,2025-03-14,R,1.9602095975492733,407.9196172500038
PT_unconditional,2025-03-17,R,-0.5682676870370431,-122.7458204000013
PT_unconditional,2025-03-18,R,0.0805176224395029,17.295185300005237
PT_unconditional,2025-03-19,R,-1.972611901401865,-422.1389468999992
PT_unconditional,2025-03-20,D,-1.4297460388441303,-301.8193887999959
PT_unconditional,2025-03-21,D,-0.9212172437439754,-191.4289432499981
PT_unconditional,2025-03-24,D,0.5239483361527512,108.40491075000422
PT_unconditional,2025-03-25,D,-1.545516468975441,-321.3128738999942
PT_unconditional,2025-03-26,D,-0.4454136331375372,-90.99800524999884
PT_unconditional,2025-03-27,D,-0.152024962642239,-30.72424494999651
PT_unconditional,2025-03-28,D,-1.2894891391088936,-260.4768060999965
PT_unconditional,2025-03-31,D,0.1002442691919287,19.84836530000189
PT_unconditional,2025-04-01,D,0.1484225832080536,29.61030535000669
PT_unconditional,2025-04-02,D,0.04827318421057,9.63050025000873
PT_unconditional,2025-04-03,D,-3.253217508905826,-639.2572404999949
PT_unconditional,2025-04-07,D,-0.2102840379008831,-36.06371250000146
PT_unconditional,2025-04-08,D,-5.426018687845292,-883.898444249998
PT_unconditional,2025-04-09,D,11.770061668381356,1716.074991250002
PT_unconditional,2025-04-10,D,0.1270161469274133,22.735890300006982
PT_unconditional,2025-04-11,D,0.6403679929178552,113.02495075000144
PT_unconditional,2025-04-14,D,-2.8123843608695247,-517.4787223999925
PT_unconditional,2025-04-15,D,0.795671461495565,142.58432590000524
PT_unconditional,2025-04-16,D,-2.982503486111111,-536.8506275
PT_unconditional,2025-04-17,D,0.8341936753775027,143.64815090000596
PT_unconditional,2025-04-18,D,0.7091654643678394,123.39479080000407
PT_unconditional,2025-04-21,D,1.2710305059829043,223.0658537999997
PT_unconditional,2025-04-22,D,0.2430488440678286,43.01964540000567
PT_unconditional,2025-04-23,D,0.0676484895546795,12.305260249996216
PT_unconditional,2025-04-24,D,-2.0668528023000903,-377.4073216999965
PT_unconditional,2025-04-25,D,0.6210959687672498,112.35626074999549
PT_unconditional,2025-04-28,C,-1.6291790870755805,-297.488101300001
PT_unconditional,2025-04-29,D,0.3477416509171713,62.55872299999913
PT_unconditional,2025-04-30,C,-1.2468141695890147,-227.5435859499952
PT_unconditional,2025-05-06,C,2.577451393715865,471.67360505000335
PT_unconditional,2025-05-07,C,-2.611563880565725,-498.54754479999696
PT_unconditional,2025-05-08,C,1.5574730435828985,291.24745915000204
PT_unconditional,2025-05-09,C,-1.3670879354838477,-258.51632859999563
PT_unconditional,2025-05-12,C,0.6321089392988223,120.79601830000496
PT_unconditional,2025-05-13,C,-3.784717833585839,-749.3741310499961
PT_unconditional,2025-05-14,C,0.1556703688398574,30.32458785000422
PT_unconditional,2025-05-15,C,-2.552463329754573,-499.2618272999945
PT_unconditional,2025-05-16,C,0.9521189794736812,180.90260609999945
PT_unconditional,2025-05-19,C,-0.2568538171563117,-48.956337549993016
PT_unconditional,2025-05-20,C,-0.1520280049868781,-28.961334950000293
PT_unconditional,2025-05-21,C,-0.6761571770723808,-128.87555794999577
PT_unconditional,2025-05-22,C,0.6945734287606117,131.13546335000348
PT_unconditional,2025-05-23,C,-1.7227673162997783,-328.7040039499977
PT_unconditional,2025-05-26,C,-0.6292532399150511,-118.55131039999564
PT_unconditional,2025-05-27,R,-1.7495612150852968,-328.21768395000163
PT_unconditional,2025-05-28,R,0.2259667318919068,41.80384540000277
PT_unconditional,2025-05-29,R,4.521609938596505,850.5148294500026
PT_unconditional,2025-05-30,C,-2.220330069616977,-428.96776945
PT_unconditional,2025-06-03,R,-0.3643538929330515,-68.5714026500003
PT_unconditional,2025-06-04,R,2.325678416358846,440.7160599000013
PT_unconditional,2025-06-05,R,5.879028616615079,1139.3557459000024
PT_unconditional,2025-06-06,R,-1.126648894878043,-230.96302344999884
PT_unconditional,2025-06-09,U,-0.6388615640838134,-131.09439294999854
PT_unconditional,2025-06-10,U,-1.6175357528117196,-330.7860614499966
PT_unconditional,2025-06-11,U,0.5386350654320952,109.07360074999929
PT_unconditional,2025-06-12,U,1.8212892200000093,368.8110670500019
PT_unconditional,2025-06-13,U,1.2543214878640776,258.3902265
PT_unconditional,2025-06-16,U,1.5728518314148687,327.93960685000013
PT_unconditional,2025-06-17,U,-3.527306210933808,-751.6689535499945
PT_unconditional,2025-06-18,U,2.2668387048426384,468.1021925500048
PT_unconditional,2025-06-19,U,-1.5723881466824554,-331.7738989499981
PT_unconditional,2025-06-20,U,-1.7286219708273554,-361.4548541
PT_unconditional,2025-06-23,U,-1.3255812586881974,-270.8162511499987
PT_unconditional,2025-06-24,U,-0.7883239985301251,-160.89692809999855
PT_unconditional,2025-06-25,U,2.188216434602278,448.3655474500067
PT_unconditional,2025-06-26,U,-1.8792483261682127,-402.1591417999976
PT_unconditional,2025-06-27,U,1.2723927711501914,267.7114390500003
PT_unconditional,2025-06-30,U,-0.6636091969273757,-142.5432555000003
PT_unconditional,2025-07-01,U,0.4588370211665016,97.54875069999824
PT_unconditional,2025-07-02,U,-0.3876335386792294,-82.17831019999664
PT_unconditional,2025-07-03,U,9.292805409689556,1975.6504300999995
PT_unconditional,2025-07-04,U,1.9479611969112225,454.069755000006
PT_unconditional,2025-07-07,U,0.5615470415966565,133.64819590000425
PT_unconditional,2025-07-08,U,5.830683289791008,1450.6740025000026
PT_unconditional,2025-07-09,U,-1.6689975999999704,-450.629351999992
PT_unconditional,2025-07-10,U,-2.937301352044592,-790.1340636999952
PT_unconditional,2025-07-11,U,-0.573044063218388,-149.56450049999927
PT_unconditional,2025-07-14,U,-0.4978181553845981,-129.4327203999955
PT_unconditional,2025-07-15,U,3.418522118821301,899.0713172500022
PT_unconditional,2025-07-16,U,-1.151372800296408,-310.7555188000006
PT_unconditional,2025-07-17,U,3.074166651708618,818.6505793500049
PT_unconditional,2025-07-18,U,-1.5692769166969782,-431.3942243999993
PT_unconditional,2025-07-21,U,-0.1150127588888829,-31.0534448999984
PT_unconditional,2025-07-22,U,-0.3370105933333048,-90.9928601999923
PT_unconditional,2025-07-23,U,0.1118711147169778,29.645845399999125
PT_unconditional,2025-07-24,U,4.440624195660157,1207.4057187999967
PT_unconditional,2025-07-25,U,0.5502673674868308,156.55106605000336
PT_unconditional,2025-07-28,U,1.9881903788873492,575.3822956499989
PT_unconditional,2025-07-29,U,5.322835946041973,1573.4303056500073
PT_unconditional,2025-07-30,U,7.163179133548413,2220.585531400008
PT_unconditional,2025-07-31,U,3.872790015784733,1288.0899592500025
PT_unconditional,2025-08-01,U,-3.1195933970588023,-1060.6617549999928
PT_unconditional,2025-08-04,U,1.5746436584876615,510.1845453500024
PT_unconditional,2025-08-05,U,4.44036797089554,1487.523270250006
PT_unconditional,2025-08-06,U,0.4046175249266947,137.9745760000029
PT_unconditional,2025-08-07,U,-1.6974021830110375,-614.4595902499956
PT_unconditional,2025-08-08,U,2.2245478639798795,794.830951800011
PT_unconditional,2025-08-11,U,-0.5899162006848996,-215.3194132499884
PT_unconditional,2025-08-12,U,8.694623246687717,3170.9290980670107
PT_unconditional,2025-08-13,U,9.779317341117832,3884.3448478920022
PT_unconditional,2025-08-14,U,-1.8604759344813384,-817.8652207979965
PT_unconditional,2025-08-15,U,5.144731509812165,2191.141150029001
PT_unconditional,2025-08-18,U,-0.9371145395490852,-419.8273137179901
PT_unconditional,2025-08-19,U,10.916811815090878,4805.580561003004
PT_unconditional,2025-08-20,U,2.8497308946387063,1325.1248660069982
PT_unconditional,2025-08-21,U,-4.665687191798811,-2212.468866350996
PT_unconditional,2025-08-22,U,2.806286679080897,1248.797572190999
PT_unconditional,2025-08-25,U,3.0430576538709677,1415.02180905
PT_unconditional,2025-08-26,U,-3.1619835234215183,-1482.3378757800076
PT_unconditional,2025-08-27,U,1.4191128763200147,638.6007943440067
PT_unconditional,2025-08-28,U,9.540744023582985,4255.171834518011
PT_unconditional,2025-08-29,U,11.952870415293765,5737.377799341007
PT_unconditional,2025-09-01,U,2.836565529729579,1531.4617295009998
PT_unconditional,2025-09-02,U,-5.146904880095226,-2918.295067013993
PT_unconditional,2025-09-03,U,0.4883313626057949,263.1129381720023
PT_unconditional,2025-09-04,U,-6.13682683982123,-3467.307164498995
PT_unconditional,2025-09-05,U,4.562226340395881,2431.666639431005
PT_unconditional,2025-09-08,U,-6.717014494036358,-3694.357971719997
PT_unconditional,2025-09-09,U,-3.369841558624988,-1698.4001455469938
PT_unconditional,2025-09-10,R,3.827979282924429,1975.237309989005
PT_unconditional,2025-09-11,U,5.620747776967758,3136.377259548009
PT_unconditional,2025-09-12,U,4.944147898359389,2911.114282554008
PT_unconditional,2025-09-15,U,-0.3455308204499951,-207.31849226999708
PT_unconditional,2025-09-16,U,-0.4126272217771644,-247.03991767798837
PT_unconditional,2025-09-17,U,3.585729258733456,2111.994533394005
PT_unconditional,2025-09-18,U,8.179774711767974,4857.968201319
PT_unconditional,2025-09-19,U,0.5209347386380105,341.94156244199013
PT_unconditional,2025-09-22,U,5.7495354502855305,3826.315842165021
PT_unconditional,2025-09-23,U,-5.325724502669927,-3979.381348394969
PT_unconditional,2025-09-24,U,-0.4258650826438902,-292.9951768589965
PT_unconditional,2025-09-25,U,0.6744156175103149,457.79332116600176
PT_unconditional,2025-09-26,U,-4.141943516411525,-2797.8828453359847
PT_unconditional,2025-09-29,U,2.485584963409423,1611.9018487710107
PT_unconditional,2025-09-30,U,-1.3603355223547888,-908.7041289329989
PT_unconditional,2025-10-09,U,1.815380399222196,1218.3017859180156
PT_unconditional,2025-10-10,U,-2.957307603030304,-2020.136823630001
PT_unconditional,2025-10-13,U,3.8818633742557287,2367.9366582959947
PT_unconditional,2025-10-14,U,-8.278709473963682,-5380.333287128996
PT_unconditional,2025-10-15,R,5.942527413064307,3548.877371082004
PT_unconditional,2025-10-16,R,2.382524559827434,1477.165227093009
PT_unconditional,2025-10-17,R,-4.919652172814271,-3099.38086887299
PT_unconditional,2025-10-20,R,-0.0823916203838573,-51.082804637991565
PT_unconditional,2025-10-21,R,7.851141868226915,4941.508691862021
PT_unconditional,2025-10-22,U,-2.4603627052261623,-1648.196976231006
PT_unconditional,2025-10-23,U,-1.4276236533749838,-925.1001273869896
PT_unconditional,2025-10-24,R,2.9931292436161336,1950.921640988996
PT_unconditional,2025-10-27,U,4.8685803298440735,3371.9787364500053
PT_unconditional,2025-10-28,U,3.76416266337032,2679.330983786994
PT_unconditional,2025-10-29,U,3.2476362350691343,2537.053426836008
PT_unconditional,2025-10-30,U,-2.713649366351232,-2170.919493080986
PT_unconditional,2025-10-31,U,-7.80341265242462,-6082.760162564991
PT_unconditional,2025-11-03,U,6.251889854791096,4398.829701831015
PT_unconditional,2025-11-04,U,-1.889011267294356,-1412.41372455599
PT_unconditional,2025-11-05,U,6.824720805590963,4798.461198411006
PT_unconditional,2025-11-06,U,1.121952209258417,844.1568422460332
PT_unconditional,2025-11-07,U,-2.026538791142136,-1501.0572825989802
PT_unconditional,2025-11-10,U,-0.872704251875,-628.34706135
PT_unconditional,2025-11-11,U,-5.6866300598875,-4094.373643119
PT_unconditional,2025-11-12,R,3.052755509864547,2028.5560363049915
PT_unconditional,2025-11-13,R,0.4269386642601525,288.5251493070111
PT_unconditional,2025-11-14,R,-2.501620397767472,-1646.0662217309962
PT_unconditional,2025-11-17,R,0.674136811593425,434.0766929850064
PT_unconditional,2025-11-18,R,1.5000883892992969,954.8062597890024
PT_unconditional,2025-11-19,R,0.6881678786232801,443.8682817120157
PT_unconditional,2025-11-20,R,-3.2903868191654424,-2239.437269124
PT_unconditional,2025-11-21,R,-3.949514502023768,-2490.168893525986
PT_unconditional,2025-11-24,R,-8.464638457150821,-5163.429458862001
PT_unconditional,2025-11-25,R,0.2640140750088834,148.7983326750067
PT_unconditional,2025-11-26,R,6.358379135190751,3516.819499674005
PT_unconditional,2025-11-27,R,0.2369958675025044,142.2449196750032
PT_unconditional,2025-11-28,R,0.6168453368127678,371.5876308960113
PT_unconditional,2025-12-01,R,-0.5451187731034454,-327.23479949399825
PT_unconditional,2025-12-02,R,1.7074669165151437,1021.5774561510104
PT_unconditional,2025-12-03,R,0.9344226187475466,569.9977974360035
PT_unconditional,2025-12-04,D,0.6741062348948762,410.3958758040006
PT_unconditional,2025-12-05,D,-1.5809001084836267,-979.9999772490004
PT_unconditional,2025-12-08,D,4.194531986637034,2548.178181881998
PT_unconditional,2025-12-09,C,6.04818115870782,3870.8359415730047
PT_unconditional,2025-12-10,C,-2.614922031719022,-1747.8138860009942
PT_unconditional,2025-12-11,C,-2.8474535593141788,-1822.655023317006
PT_unconditional,2025-12-12,C,1.0490453147950938,639.9176420250072
PT_unconditional,2025-12-15,D,-0.7834041969277307,-466.1254971719997
PT_unconditional,2025-12-16,D,-0.179054999999995,-105.5529224999971
PT_unconditional,2025-12-17,D,3.877208645482241,2291.4303094800043
PT_unconditional,2025-12-18,C,-2.325687473230353,-1385.1794590559982
PT_unconditional,2025-12-19,D,-1.6809655950379931,-994.963535702988
PT_unconditional,2025-12-22,D,1.7524788172271764,1042.1991526050017
PT_unconditional,2025-12-23,C,3.614482520161837,2188.930614210008
PT_unconditional,2025-12-24,C,1.3150252832533555,843.9832267920037
PT_unconditional,2025-12-25,C,1.836982458660554,1201.3865279640024
PT_unconditional,2025-12-26,C,-4.174474690799998,-2776.0256693819983
PT_unconditional,2025-12-29,C,2.171560600957005,1384.1527270499948
PT_unconditional,2025-12-30,C,0.4941544306599211,315.27052676102966
PT_unconditional,2025-12-31,C,-3.5842422364772566,-2302.517212712989
PT_unconditional,2026-01-05,R,0.4206682906083289,266.24096112601137
PT_unconditional,2026-01-06,C,0.4170889777383488,265.5605521260067
PT_unconditional,2026-01-07,C,-0.5886154477243204,-373.2410554019916
PT_unconditional,2026-01-08,C,-3.302941821901753,-2091.092467446
PT_unconditional,2026-01-09,D,1.4389248747867922,870.5495492460093
PT_unconditional,2026-01-12,D,-1.0887293482061993,-669.4596762119919
PT_unconditional,2026-01-13,D,-2.397637009945699,-1457.283774644996
PT_unconditional,2026-01-14,D,-0.3452538224126262,-207.4975472699884
PT_unconditional,2026-01-15,R,2.330715379128177,1382.114219823009
PT_unconditional,2026-01-16,R,2.758753596176473,1688.3572008600015
PT_unconditional,2026-01-19,C,-2.12498070675735,-1319.82551696699
PT_unconditional,2026-01-20,C,-1.2226347699850637,-737.2487663009933
PT_unconditional,2026-01-21,C,4.669755304368941,2741.613339195005
PT_unconditional,2026-01-22,C,1.5372462126146962,948.327188562006
PT_unconditional,2026-01-23,C,-3.223951457908065,-1998.8499039030005
PT_unconditional,2026-01-26,R,-1.5587347900499178,-936.6437353409956
PT_unconditional,2026-01-27,D,2.271504884291731,1351.7725566420092
PT_unconditional,2026-01-28,D,-2.760365474393251,-1719.7076905469953
PT_unconditional,2026-01-29,D,-5.249050322867489,-3185.1237359159923
PT_unconditional,2026-01-30,D,1.04760894015791,597.1370958900087
PT_unconditional,2026-02-02,D,-2.148628087014068,-1220.4207534239906
PT_unconditional,2026-02-03,D,-1.1548457770603675,-650.1781724849869
PT_unconditional,2026-02-04,D,-2.516839423214474,-1376.4594805559957
PT_unconditional,2026-02-05,D,2.8975786819341933,1514.5643770470028
PT_unconditional,2026-02-06,D,2.4594297014717035,1303.4977417800028
PT_unconditional,2026-02-09,D,-1.3876339100284447,-779.850257435986
PT_unconditional,2026-02-10,D,0.4303307414642128,239.8233222180058
PT_unconditional,2026-02-11,D,-0.8976556638129524,-499.0965490800015
PT_unconditional,2026-02-12,D,-0.2151473187967416,-119.0840409539965
PT_unconditional,2026-02-13,D,0.3712782907438043,202.16102931000145
PT_unconditional,2026-02-24,D,-0.2331348550460016,-129.1800231809895
PT_unconditional,2026-02-25,D,2.648737112284539,1478.2601823660011
PT_unconditional,2026-02-26,C,0.7780359538066531,446.5926374850189
PT_unconditional,2026-02-27,C,-1.2435540295204004,-700.1209186199854
PT_unconditional,2026-03-02,D,2.651033947650028,1431.5583317310152
PT_unconditional,2026-03-03,D,-1.8962840934670369,-1058.8850377919932
PT_unconditional,2026-03-04,D,-0.5861466691255934,-316.40197199399535
PT_unconditional,2026-03-05,D,0.3860937972933155,211.5407915370076
PT_unconditional,2026-03-06,D,-1.0357371417317427,-567.583953668995
PT_unconditional,2026-03-09,D,-0.1222588520071914,-64.50377031899419
PT_unconditional,2026-03-10,D,1.1805647903617469,633.1368970710047
PT_unconditional,2026-03-11,D,-1.6581637520786074,-907.0155723869982
PT_unconditional,2026-03-12,D,-2.6993568457736434,-1454.953339871994
PT_unconditional,2026-03-13,D,0.7234090785640189,376.3174026690026
PT_unconditional,2026-03-16,D,0.8163542752089158,425.9736608040122
PT_unconditional,2026-03-17,D,-4.118679058205322,-2182.488032943
PT_unconditional,2026-03-18,D,1.3007300706666804,667.274526252007
PT_unconditional,2026-03-19,D,-1.2366660946235213,-630.6997082579959
PT_unconditional,2026-03-20,D,-1.5113840455786571,-770.5035864359994
PT_unconditional,2026-03-23,D,-2.9338132137793544,-1436.1015681449942
PT_unconditional,2026-03-24,D,0.3762071559172442,182.72381562900551
PT_unconditional,2026-03-25,D,1.6815372836282827,830.5112643840088
PT_unconditional,2026-03-26,D,-0.6984595598039907,-349.22977990199536
PT_unconditional,2026-03-27,D,1.669535233251106,811.8949839300128
PT_unconditional,2026-03-30,D,1.4905126586607702,722.3024343870093
PT_unconditional,2026-03-31,D,4.835604407840839,2369.446159842011
PT_unconditional,2026-04-01,D,0.4240272174792525,224.7344252640038
PT_unconditional,2026-04-02,C,-1.4309430535168763,-753.5346119819872
PT_unconditional,2026-04-03,C,-0.976619767174904,-513.7019975339995
PT_unconditional,2026-04-07,C,-0.933192351981864,-494.4053080799916
PT_unconditional,2026-04-08,C,4.339398767752977,2350.2183726150124
PT_unconditional,2026-04-09,C,-0.1427330028108863,-78.50315154598749
PT_unconditional,2026-04-10,C,1.4737265267697883,819.3919488840023
PT_unconditional,2026-04-13,C,-0.7141558514464129,-399.92727680999127
PT_unconditional,2026-04-14,C,4.154563842952023,2346.0822021150075
PT_unconditional,2026-04-15,C,-2.7704239032311264,-1644.5236289579966
PT_unconditional,2026-04-16,C,2.1118176456130517,1224.6430526910085
PT_unconditional,2026-04-17,C,2.1169705773473217,1261.714464099004
PT_unconditional,2026-04-20,C,-0.7923444985070357,-490.3820101260044
PT_unconditional,2026-04-21,C,0.5417850295030304,330.32633248799766
PT_unconditional,2026-04-22,C,9.125525910916815,5583.90930489
PT_unconditional,2026-04-23,U,1.2227419951298937,818.9925883380029
PT_unconditional,2026-04-24,U,-2.519769555223053,-1677.4105929119864
PT_unconditional,2026-04-27,U,1.6972972256445924,1120.3858986479954
PT_unconditional,2026-04-28,U,1.2319668238884889,828.4976890650087
PT_unconditional,2026-04-29,U,-2.4046281640504423,-1629.6165067769848
PT_unconditional,2026-04-30,U,-4.75650851525646,-3134.539111554007
PT_unconditional,2026-05-06,U,-0.4947487176675099,-313.0769885400003
PT_unconditional,2026-05-07,U,-0.0387882765751092,-24.859406456987493
PT_unconditional,2026-05-08,U,0.264880521200024,166.8747283560151
PT_unconditional,2026-05-11,U,2.3880955022663417,1533.1573124549914
PT_unconditional,2026-05-12,U,-2.4081680049627976,-1586.260264868995
PT_unconditional,2026-05-13,U,10.323725310449309,6617.507923998006
PT_unconditional,2026-05-14,U,-7.467996327810795,-5526.317282579988
PT_unconditional,2026-05-15,U,-2.8809934959366874,-2002.2904796759976
PT_unconditional,2026-05-18,U,4.52108200724047,2978.4888263700213
PT_unconditional,2026-05-19,U,0.2011825986852225,137.40771490200697
PT_unconditional,2026-05-20,U,-0.2522848330425049,-172.05825613498837
PT_unconditional,2026-05-21,U,-5.5197532861127145,-3819.669273989999
PT_unconditional,2026-05-22,R,1.4073883048479885,930.4244083350052
PT_unconditional,2026-05-25,U,3.19942488560295,2175.608922210006
PT_unconditional,2026-05-26,U,-0.0074795766905214,-5.225232275998266
PT_unconditional,2026-05-27,U,0.0781608599227601,54.63444108600931
PT_unconditional,2026-05-28,U,6.9556230192857145,4868.9361135
PT_unconditional,2026-05-29,U,-6.9649265383428345,-5484.879648944982
PT_unconditional,2026-06-01,U,-2.105038561057188,-1582.9889979150057
PT_unconditional,2026-06-02,U,6.493295883636014,4869.97191272701
PT_unconditional,2026-06-03,U,1.195229446491539,955.5859424699854
PT_unconditional,2026-06-04,U,-1.9894795473937243,-1591.5836379149796
PT_unconditional,2026-06-05,U,-4.6126820117264495,-3574.8285590879987
PT_unconditional,2026-06-08,U,0.5202433456536848,364.118317623014
PT_unconditional,2026-06-09,R,3.6365458298722175,2617.949342925009
PT_unconditional,2026-06-10,U,-2.604258310259279,-1898.504308179014
PT_unconditional,2026-06-11,R,-0.6082392979232079,-424.6726778099837
PT_unconditional,2026-06-12,R,-2.692159545575464,-1936.739577086989
PT_unconditional,2026-06-15,R,2.51828654304044,1799.8193923110025
PT_unconditional,2026-06-16,U,-0.8594738846730166,-630.8538313499942
PT_unconditional,2026-06-17,U,1.1304619140000025,810.5411923380018
PT_unconditional,2026-06-18,R,8.255719902799989,5944.118330015992
PT_unconditional,2026-06-22,U,0.8443619289959069,659.2777941600041
PT_unconditional,2026-06-23,U,-6.2319537455704745,-4915.765114505991
PT_unconditional,2026-06-24,U,4.993097887405519,3644.9614578060296
PT_unconditional,2026-06-25,U,-0.9514650446191436,-738.2417281199936
PT_unconditional,2026-06-26,U,-6.545090374008001,-4908.817780506
PT_unconditional,2026-06-29,R,0.2677632193896288,185.5599110370128
PT_unconditional,2026-06-30,R,3.540085669627665,2462.483591793004
PT_unconditional,2026-07-01,R,-4.283938243972583,-3127.2749180999854
PT_unconditional,2026-07-02,R,-5.272534001019839,-3556.8514370879834
PT_unconditional,2026-07-03,R,1.7400048514866249,1104.9030806940068
PT_unconditional,2026-07-06,R,-3.489840664415365,-2295.268204985986
PT_unconditional,2026-07-07,R,0.7854875088602207,496.19245934700143
PT_unconditional,2026-07-08,R,1.3730118798876851,892.4577219269953
PT_unconditional,2026-07-09,R,4.199651461918664,2797.3878387840223
PT_unconditional,2026-07-10,R,-6.833398358269028,-4851.712834371009
PT_unconditional,2026-07-13,R,-3.574855809179154,-2334.380843393988
PT_unconditional,2026-07-14,R,4.108557545771065,2584.28269629
PT_unconditional,2026-07-15,R,-3.605606495601071,-2375.3735593019856
PT_unconditional,2026-07-16,R,0.8942935135669761,557.5920057090096
PT_unconditional,2026-07-17,D,-7.313733019285691,-4535.977218560985
PT_unconditional,2026-07-20,D,-4.216546025859366,-2482.702300025995
PT_unconditional,2026-07-21,D,5.866188706080016,3373.058505996009
PT_unconditional,2026-07-22,D,0.566853920038179,341.5861722150067
PT_unconditional,2026-07-23,D,1.2550164328165871,777.9846867030024
PT_unconditional,2026-07-24,D,-1.4879557996068702,-908.3970156599942
PT_unconditional,2026-07-27,D,2.6066626367885704,1560.869586908996
PT_unconditional,2026-07-28,D,-1.5361948406249808,-904.5115221599888
PT_unconditional,2026-07-29,D,-0.7465862060795344,-433.6172684909936
PT_unconditional,2026-07-30,D,-5.786661583578937,-3298.397102639994
PT_unconditional,2026-07-31,D,-0.9482117483163872,-541.8081929879837
PT_unconditional,2026-08-03,D,0.4864885285413353,270.1470798990035
PT_unconditional,2026-08-04,D,5.306647092631588,3014.7062133240047
PT_unconditional,2026-08-05,D,11.536328161159313,6806.433615083994
PT_unconditional,2026-08-06,C,3.965697692210544,2599.5148372440112
PT_unconditional,2026-08-07,C,-0.3107335455441288,-212.13779154297677
PT_unconditional,2026-08-10,C,0.0815158494000261,56.245936086018034
PT_unconditional,2026-08-11,C,-3.0022574901869588,-2039.433513084001
PT_unconditional,2026-08-12,C,-1.4715846923292188,-978.0151865219988
PT_unconditional,2026-08-13,C,-4.23382715274595,-2878.5790811519714
PT_unconditional,2026-08-14,C,0.7193053725503208,471.86432439301046
PT_unconditional,2026-08-17,C,1.6546637386880951,1108.6247049210235
PT_unconditional,2026-08-18,C,-2.392175212776953,-1619.502619049997
PT_unconditional,2026-08-19,C,-3.7163415437269727,-2382.174929528989
PT_unconditional,2026-08-20,R,-0.7703771142383921,-481.4856963989951
PT_unconditional,2026-08-21,R,1.7489861322189977,1078.249950513012
PT_unconditional,2026-08-24,C,-3.843116119952146,-2409.633807209996
PT_unconditional,2026-08-25,R,2.2011950285617194,1293.20207928001
PT_unconditional,2026-08-26,R,0.4348591551478492,261.7852113990052
PT_unconditional,2026-08-27,R,2.8175097681000114,1746.856056222007
PT_unconditional,2026-08-28,C,-0.1790550000000127,-114.66682200000815
PT_unconditional,2026-08-31,C,2.494048435254164,1574.9915868630046
PT_unconditional,2026-09-01,C,-2.367688163958026,-1523.6073335069896
PT_unconditional,2026-09-02,C,-0.0495857942060835,-30.604352183994763
PT_unconditional,2026-09-03,R,0.1380418008571682,86.96633454001599
PT_unconditional,2026-09-04,R,-0.4137483558975669,-264.1369504050067
PT_unconditional,2026-09-07,D,2.866988649719828,1852.074667719008
PT_unconditional,2026-09-08,C,-2.51423619183257,-1666.9385951849945
PT_unconditional,2026-09-09,C,0.3442280103512989,223.40397871799303
PT_unconditional,2026-09-10,C,-1.0927362471209217,-704.8148793929945
PT_unconditional,2026-09-11,C,2.0686076891270377,1296.189578007002
RT_unconditional,2024-01-02,C,5.117411693333355,767.6117540000033
RT_unconditional,2024-01-03,D,1.408034221474139,198.673628650001
RT_unconditional,2024-01-04,D,2.0262405410014512,279.21594655
RT_unconditional,2024-01-05,D,0.8894859721189591,119.63586325
RT_unconditional,2024-01-08,D,0.9815718338368729,129.96011080000196
RT_unconditional,2024-01-09,D,0.8238044501125401,109.8131332000016
RT_unconditional,2024-01-10,D,1.0719294407492432,140.20837085000102
RT_unconditional,2024-01-11,D,-1.6959325690586442,-219.7928609500003
RT_unconditional,2024-01-12,D,0.848574236153872,110.31465070000334
RT_unconditional,2024-01-15,D,0.3952187531250125,50.5880004000016
RT_unconditional,2024-01-16,D,-2.368254282832261,-299.3473413499978
RT_unconditional,2024-01-17,D,1.2473793197358083,160.53771844999855
RT_unconditional,2024-01-18,D,-8.358010529574145,-1059.7957351500015
RT_unconditional,2024-01-19,C,-2.8267120072254235,-391.2169417999986
RT_unconditional,2024-01-22,C,1.8885287494901657,277.8025790500034
RT_unconditional,2024-01-23,C,-3.427629820284682,-481.5819897499978
RT_unconditional,2024-01-24,C,0.6008375896032866,87.8424556000005
RT_unconditional,2024-01-25,C,-4.583264295155705,-662.2816906499994
RT_unconditional,2024-01-26,C,2.614135600809177,387.676309600001
RT_unconditional,2024-01-29,C,4.2103407746132415,598.710458150003
RT_unconditional,2024-01-30,R,0.1434161457564871,19.432887750004
RT_unconditional,2024-01-31,D,-0.3023892860902004,-40.21777504999665
RT_unconditional,2024-02-01,D,-11.124780081111952,-1460.6836246499993
RT_unconditional,2024-02-02,C,4.045522958046783,588.2190381000023
RT_unconditional,2024-02-05,C,-6.639395060878929,-921.5480344499952
RT_unconditional,2024-02-06,C,-8.827690427622347,-1262.3597311499957
RT_unconditional,2024-02-07,C,-0.414026736411263,-63.221882649999856
RT_unconditional,2024-02-08,C,-1.507471780645152,-233.65812599999856
RT_unconditional,2024-02-19,C,-3.6267696278443142,-605.6705278500006
RT_unconditional,2024-02-20,C,-3.505611329329607,-627.5044279499997
RT_unconditional,2024-02-21,U,0.8073696187253275,143.14663340000058
RT_unconditional,2024-02-22,U,0.1221652756164519,22.295162800002476
RT_unconditional,2024-02-23,U,3.250424060839538,611.729808250001
RT_unconditional,2024-02-26,U,-0.6067232974431727,-106.7833003499984
RT_unconditional,2024-02-27,U,-10.105854526435447,-1777.6198111999954
RT_unconditional,2024-02-28,U,4.259749431758549,811.4822667500036
RT_unconditional,2024-02-29,U,-3.127031732654181,-567.8689626499993
RT_unconditional,2024-03-01,U,-5.298928831233575,-1009.4459423499962
RT_unconditional,2024-03-04,U,-6.0684279139423065,-1262.2330060999998
RT_unconditional,2024-03-05,U,-5.03923539285712,-1093.514080249995
RT_unconditional,2024-03-06,U,0.0747155314907239,16.489717800002765
RT_unconditional,2024-03-07,U,-0.8198495024477119,-184.2201832000009
RT_unconditional,2024-03-08,U,-7.861510536147189,-1816.0089338500009
RT_unconditional,2024-03-11,U,-9.235975889780406,-2187.0790907
RT_unconditional,2024-03-12,U,1.630426434283457,411.8457173000012
RT_unconditional,2024-03-13,U,4.470604898003133,1141.7924909500002
RT_unconditional,2024-03-14,U,-0.5474111018884396,-124.64550789999768
RT_unconditional,2024-03-15,U,-2.821165319919948,-634.4800804499962
RT_unconditional,2024-03-18,U,-6.850463732622584,-1606.433745299996
RT_unconditional,2024-03-19,U,-4.744459039139351,-1157.6480055500017
RT_unconditional,2024-03-20,U,0.6785080083004148,171.66252610000495
RT_unconditional,2024-03-21,U,0.1671872824960278,41.930570450003785
RT_unconditional,2024-03-22,U,1.3798497459710055,342.47870695000364
RT_unconditional,2024-03-25,U,3.592408922334,892.713617199999
RT_unconditional,2024-03-26,U,0.9319320889583268,223.6637013499984
RT_unconditional,2024-03-27,U,3.9151606645271735,914.9730473000004
RT_unconditional,2024-03-28,R,-4.7930334529437735,-1074.598100149994
RT_unconditional,2024-03-29,R,1.404588102203984,325.0216868500019
RT_unconditional,2024-04-01,R,-1.986949244759808,-455.01137704999593
RT_unconditional,2024-04-02,R,1.2687367112736831,294.85441170000394
RT_unconditional,2024-04-03,R,3.2418479246695977,735.8994788999987
RT_unconditional,2024-04-08,R,-1.5812515046082882,-343.1315764999986
RT_unconditional,2024-04-09,R,0.9772918230248288,216.4701387999996
RT_unconditional,2024-04-10,R,2.5234556267865527,547.3375254500032
RT_unconditional,2024-04-11,R,-0.2933325134243727,-62.274492599994325
RT_unconditional,2024-04-12,R,-2.309014460091737,-503.3651522999989
RT_unconditional,2024-04-15,R,-1.8438561782449447,-403.435731799994
RT_unconditional,2024-04-16,R,-1.4995960004644429,-322.8630188999946
RT_unconditional,2024-04-17,R,-0.1964194444444444,-44.194375
RT_unconditional,2024-04-18,R,-4.9576950603842525,-1083.7521401999977
RT_unconditional,2024-04-19,R,1.4106470517625915,316.1260042999968
RT_unconditional,2024-04-22,R,-2.459308671736982,-501.20710729999695
RT_unconditional,2024-04-23,R,1.9869067211401608,418.2438648000039
RT_unconditional,2024-04-24,R,-6.006505000475725,-1262.5673510999973
RT_unconditional,2024-04-25,R,-2.646297726915954,-573.1880876499956
RT_unconditional,2024-04-26,R,-5.322547377045629,-1235.895500949995
RT_unconditional,2024-04-29,R,0.777436959612295,192.49339120000425
RT_unconditional,2024-04-30,R,2.9721673083004188,751.9583290000058
RT_unconditional,2024-05-06,U,0.5283922036000006,132.09805090000015
RT_unconditional,2024-05-07,U,-0.9063075432539572,-228.38950089999724
RT_unconditional,2024-05-08,U,0.9399522489894966,232.54418640000145
RT_unconditional,2024-05-09,U,0.1362587465020792,33.11087540000524
RT_unconditional,2024-05-10,U,0.1398616683333369,33.56680040000087
RT_unconditional,2024-05-13,U,-0.4864325860844135,-116.40331785000016
RT_unconditional,2024-05-14,U,2.26731189754099,553.2241030000015
RT_unconditional,2024-05-15,U,-1.953542010468997,-466.5058320999965
RT_unconditional,2024-05-16,U,0.3924342528177411,100.9733332500048
RT_unconditional,2024-05-17,U,-2.1767964384920515,-548.552702499997
RT_unconditional,2024-05-20,U,-3.829718891699584,-968.9188795999949
RT_unconditional,2024-05-21,U,0.6580180651503683,170.68988610000554
RT_unconditional,2024-05-22,U,0.8216824593227027,211.09022380000232
RT_unconditional,2024-05-23,U,1.2718473150000231,330.680301900006
RT_unconditional,2024-05-24,U,3.977134147817478,1002.2378052500044
RT_unconditional,2024-05-27,R,-1.2500750052845364,-307.51845129999595
RT_unconditional,2024-05-28,U,1.958655031034504,482.8084651500053
RT_unconditional,2024-05-29,R,1.9905518795959611,492.6615902000004
RT_unconditional,2024-05-30,R,0.0564858345833436,13.556600300002472
RT_unconditional,2024-05-31,R,3.0182303392480203,714.4151213000064
RT_unconditional,2024-06-03,R,-4.38807104888693,-1005.3070772999956
RT_unconditional,2024-06-04,R,0.1414510594889213,33.764367900005524
RT_unconditional,2024-06-05,R,-0.3210299224756824,-75.98778264999405
RT_unconditional,2024-06-06,R,-4.977565457998386,-1238.4182859499986
RT_unconditional,2024-06-07,R,4.91832754003869,1271.3876691000014
RT_unconditional,2024-06-11,R,0.9914858222449148,242.9140264500041
RT_unconditional,2024-06-12,R,0.5408632928716941,132.78193840000088
RT_unconditional,2024-06-13,R,-4.630043570564496,-1148.2508054999948
RT_unconditional,2024-06-14,U,-4.72242339117081,-1230.191293399996
RT_unconditional,2024-06-17,U,-1.8151608226819256,-491.36403469999726
RT_unconditional,2024-06-18,U,-4.149635390301478,-1142.394622949997
RT_unconditional,2024-06-19,U,2.2816228198013206,666.0057011000056
RT_unconditional,2024-06-20,U,-0.6790961826483921,-193.33868319999723
RT_unconditional,2024-06-21,U,-3.717410290363612,-1022.2878298499932
RT_unconditional,2024-06-24,U,0.7117929901079163,197.87845125000072
RT_unconditional,2024-06-25,U,1.007080312406596,269.49469160000507
RT_unconditional,2024-06-26,U,-0.373307965523587,-101.2411202499968
RT_unconditional,2024-06-27,U,-0.7146724154480477,-190.60313319999432
RT_unconditional,2024-06-28,U,-2.81248812172283,-750.9343284999957
RT_unconditional,2024-07-01,U,-2.342054908609989,-641.9572504499981
RT_unconditional,2024-07-02,U,1.218111133153165,338.02583945000333
RT_unconditional,2024-07-03,U,-1.036384948987093,-281.3785136499958
RT_unconditional,2024-07-04,U,1.5426008645045104,428.0717399000016
RT_unconditional,2024-07-05,U,-0.4854594459259023,-131.0740503999936
RT_unconditional,2024-07-08,U,-0.5243080868998781,-140.88158294999724
RT_unconditional,2024-07-09,R,-7.203521160516589,-1952.154234499996
RT_unconditional,2024-07-10,U,-0.013956033620672,-4.047249749994908
RT_unconditional,2024-07-11,U,2.158218220543296,635.5952659500005
RT_unconditional,2024-07-12,U,1.2230662367088676,338.1778144500019
RT_unconditional,2024-07-15,R,0.5113653349907908,138.8356884499997
RT_unconditional,2024-07-16,R,-2.044612249629063,-551.2274624999955
RT_unconditional,2024-07-17,R,3.915157688654864,1059.4416705500062
RT_unconditional,2024-07-18,R,-2.5705926589443915,-638.021097949998
RT_unconditional,2024-07-19,R,1.0500998960752954,262.2099440500013
RT_unconditional,2024-07-22,R,-1.9086683527970632,-467.4328796000007
RT_unconditional,2024-07-23,R,3.0054731422091026,761.8874415500076
RT_unconditional,2024-07-24,R,0.2170864774590223,52.96910050000146
RT_unconditional,2024-07-25,R,1.0827186234042616,254.43887650000147
RT_unconditional,2024-07-26,R,-1.4888413857758556,-345.4112014999985
RT_unconditional,2024-07-29,R,-1.9049835555555492,-445.76615199999856
RT_unconditional,2024-07-30,R,2.531406878246069,594.6274757000017
RT_unconditional,2024-07-31,R,-4.9434987495606135,-1125.1403153999956
RT_unconditional,2024-08-01,R,2.369656313617902,582.9354531500038
RT_unconditional,2024-08-02,D,2.4224079175752564,555.4581355000063
RT_unconditional,2024-08-05,D,3.0250240682464704,638.2800784000052
RT_unconditional,2024-08-06,D,0.8471319952449138,178.15185860000537
RT_unconditional,2024-08-07,D,0.7708502475728509,158.79515100000728
RT_unconditional,2024-08-08,D,-2.603199011999989,-520.639802399998
RT_unconditional,2024-08-09,D,-0.1519504805288377,-31.60569994999825
RT_unconditional,2024-08-12,D,-0.834892116772292,-171.2363731499971
RT_unconditional,2024-08-13,D,0.1359660088729254,28.348912850004943
RT_unconditional,2024-08-14,D,-1.0486344382075514,-222.31050090000087
RT_unconditional,2024-08-15,D,0.1857337772420583,38.521185400002906
RT_unconditional,2024-08-16,D,-0.4376746680152127,-91.9554477499962
RT_unconditional,2024-08-19,D,0.8485592909523837,178.1974511000006
RT_unconditional,2024-08-20,D,1.980827474182864,418.1526798000026
RT_unconditional,2024-08-21,D,-2.5176878194581094,-511.0906273499962
RT_unconditional,2024-08-22,D,1.6776636041867397,348.6184969500045
RT_unconditional,2024-08-23,D,-1.4892651054455353,-300.8315512999981
RT_unconditional,2024-08-26,D,2.130766759223316,438.93795240000304
RT_unconditional,2024-08-27,D,1.0486625062500363,209.7325012500073
RT_unconditional,2024-08-28,D,-1.0707846982142553,-209.87380084999404
RT_unconditional,2024-08-29,D,-1.363091847894721,-258.987451099997
RT_unconditional,2024-08-30,D,-7.49321665068133,-1429.7057369499978
RT_unconditional,2024-09-02,C,4.317682361806598,879.5118971000038
RT_unconditional,2024-09-03,D,-0.7210080946225221,-139.44296549999578
RT_unconditional,2024-09-04,D,-2.477457173513509,-458.3295770999992
RT_unconditional,2024-09-05,D,-0.3110958913043424,-58.67268509999898
RT_unconditional,2024-09-06,D,2.499111923953376,471.5824200500021
RT_unconditional,2024-09-09,D,-2.800842635686716,-507.7927698500016
RT_unconditional,2024-09-10,D,-1.3891373715053716,-258.3795510999991
RT_unconditional,2024-09-11,D,-0.5260700870726301,-98.48032029999636
RT_unconditional,2024-09-12,D,2.634412327230542,510.81255025000206
RT_unconditional,2024-09-13,D,-2.2739203974019104,-428.8613869500003
RT_unconditional,2024-09-18,D,1.1118539539473684,211.25225125
RT_unconditional,2024-09-19,D,-0.0989267747747778,-18.667482400000583
RT_unconditional,2024-09-20,D,0.5326113194737018,101.19615070000334
RT_unconditional,2024-09-23,D,-0.5274741973190364,-98.37393780000028
RT_unconditional,2024-09-24,D,-9.098307319576708,-1719.580083399998
RT_unconditional,2024-09-25,C,0.9743266006097916,207.7264312500076
RT_unconditional,2024-09-26,C,-2.80607496565608,-592.3624252499984
RT_unconditional,2024-09-27,C,-4.650157583560376,-1023.9646998999948
RT_unconditional,2024-09-30,C,-3.85754662325101,-937.3838294499952
RT_unconditional,2024-10-08,C,-0.1880630548538402,-52.11227249999913
RT_unconditional,2024-10-09,C,5.952238027075832,1648.7699335000052
RT_unconditional,2024-10-10,C,2.526634365007556,670.0634336000038
RT_unconditional,2024-10-11,C,2.9992576931102404,761.811454050001
RT_unconditional,2024-10-14,C,-2.7205006850040694,-667.6108680999986
RT_unconditional,2024-10-15,C,2.151720525803889,542.0184004499996
RT_unconditional,2024-10-16,U,0.1446823502752929,34.15950289999665
RT_unconditional,2024-10-17,U,0.0585029145982416,13.906142800002035
RT_unconditional,2024-10-18,U,-8.955440431609654,-2147.514615499995
RT_unconditional,2024-10-21,U,2.087156305669536,559.5666055500026
RT_unconditional,2024-10-22,U,0.678969889203473,179.85912365000002
RT_unconditional,2024-10-23,U,0.507551176424968,130.89744839999926
RT_unconditional,2024-10-24,U,-0.9472726985294012,-238.33381094999737
RT_unconditional,2024-10-25,U,-1.255313721346964,-318.7241538499942
RT_unconditional,2024-10-28,U,0.0061660519557492,1.560627750000144
RT_unconditional,2024-10-29,U,0.4038841299603175,101.77880075
RT_unconditional,2024-10-30,U,0.048951105622494,12.188825300001016
RT_unconditional,2024-10-31,R,0.8281372500000298,202.8936262500073
RT_unconditional,2024-11-01,R,0.5192480643606047,123.84066335000422
RT_unconditional,2024-11-04,R,-2.508074675147153,-596.420157749993
RT_unconditional,2024-11-05,R,-1.8783887306902145,-457.1998170499983
RT_unconditional,2024-11-06,R,3.089697816400014,772.4244541000035
RT_unconditional,2024-11-07,R,-3.033222092654406,-726.7600133999956
RT_unconditional,2024-11-08,R,-4.531697110040155,-1128.392580399999
RT_unconditional,2024-11-11,R,-6.953841041699601,-1759.3217835499988
RT_unconditional,2024-11-12,R,4.58944634931509,1239.6094589500058
RT_unconditional,2024-11-13,U,-4.119426923831949,-1049.2180374999975
RT_unconditional,2024-11-14,U,6.247092376034605,1660.477153549998
RT_unconditional,2024-11-15,R,3.3578992112903348,832.759004400003
RT_unconditional,2024-11-18,R,2.6504781914716102,633.9943834000092
RT_unconditional,2024-11-19,R,-1.3465920633262063,-315.77583884999547
RT_unconditional,2024-11-20,R,-1.4606374535864917,-346.1710764999985
RT_unconditional,2024-11-21,R,0.526358478177984,124.22060085000422
RT_unconditional,2024-11-22,R,2.573999896764592,604.6325757500027
RT_unconditional,2024-11-25,R,3.0020193242119317,685.661213650005
RT_unconditional,2024-11-26,R,-1.1117831361352122,-243.36932849999795
RT_unconditional,2024-11-27,R,-2.023343622262753,-443.51692199999536
RT_unconditional,2024-11-28,R,1.9100308349014208,426.3188823499973
RT_unconditional,2024-11-29,R,-1.754599264073212,-383.3799391999968
RT_unconditional,2024-12-02,R,-2.41862612120525,-533.7907849499987
RT_unconditional,2024-12-03,R,1.7449579902998595,395.75647220000815
RT_unconditional,2024-12-04,R,1.4668506262921408,326.37426435000134
RT_unconditional,2024-12-05,R,-3.0275051236313684,-663.6291230999959
RT_unconditional,2024-12-06,R,-0.4626697661934326,-104.28576529999972
RT_unconditional,2024-12-09,R,1.9711457004863115,445.8731574500037
RT_unconditional,2024-12-10,D,1.8835831704997787,425.87815485
RT_unconditional,2024-12-11,D,-1.2384786251130897,-273.70377614999285
RT_unconditional,2024-12-12,D,-0.0625011504246577,-13.98150734999593
RT_unconditional,2024-12-13,D,3.503497278304037,776.7253466000052
RT_unconditional,2024-12-16,D,0.4615693429245235,97.852700699999
RT_unconditional,2024-12-17,D,-3.1072446667460785,-652.2106555500019
RT_unconditional,2024-12-18,D,0.773589759713248,167.2501060500042
RT_unconditional,2024-12-19,D,-4.871337759198112,-1032.7236049499998
RT_unconditional,2024-12-20,C,-0.1519518495233673,-33.47499244999781
RT_unconditional,2024-12-23,D,0.6131703031938848,136.30775840000058
RT_unconditional,2024-12-24,C,-4.224584246720926,-934.0555769499966
RT_unconditional,2024-12-25,C,1.151360221667406,265.1582590500036
RT_unconditional,2024-12-26,C,-3.245402135379829,-734.7590434499933
RT_unconditional,2024-12-27,C,2.180842369386881,505.0830927500016
RT_unconditional,2024-12-30,C,0.2473642483370449,55.780638000003634
RT_unconditional,2024-12-31,C,4.07994665983975,916.3560198000076
RT_unconditional,2025-01-02,R,3.0272395021027854,647.829253449996
RT_unconditional,2025-01-03,D,0.2358442851259633,48.67826044999884
RT_unconditional,2025-01-06,D,0.3774199042809064,78.46559810000043
RT_unconditional,2025-01-07,D,-2.315475250840919,-481.8503996999952
RT_unconditional,2025-01-08,D,1.0927029968899549,228.37492635000055
RT_unconditional,2025-01-09,D,0.1876991047526941,38.70355540000553
RT_unconditional,2025-01-10,D,3.412580410932185,699.2377262000047
RT_unconditional,2025-01-13,D,-1.4359708993839575,-279.7271311999949
RT_unconditional,2025-01-14,D,-4.356624134683525,-860.4332665999962
RT_unconditional,2025-01-15,D,1.5562376917073184,319.0287268000003
RT_unconditional,2025-01-16,D,-2.6102054788697666,-531.1768149499975
RT_unconditional,2025-01-17,D,-0.1035697770792952,-21.41822989999825
RT_unconditional,2025-01-20,D,0.4700785662362499,98.29342819999984
RT_unconditional,2025-01-21,D,-1.3930413227576122,-291.9814612499955
RT_unconditional,2025-01-22,C,-9.120108097805772,-1953.5271545499963
RT_unconditional,2025-01-23,C,3.209692803653947,764.2278565500048
RT_unconditional,2025-01-24,C,-3.015587519594887,-684.8399256999988
RT_unconditional,2025-01-27,C,4.684215711751695,1056.290643000007
RT_unconditional,2025-02-05,C,2.524511394941658,519.0395428000048
RT_unconditional,2025-02-06,D,-1.038664812161499,-210.95282335000044
RT_unconditional,2025-02-07,D,-4.459903419932236,-921.8620368999932
RT_unconditional,2025-02-10,C,-0.4752926375807713,-102.94838529999504
RT_unconditional,2025-02-11,C,-0.0601616965596156,-13.115249849996218
RT_unconditional,2025-02-12,C,-2.178767367173085,-473.2282721499941
RT_unconditional,2025-02-13,C,0.982413214512496,216.62211380000537
RT_unconditional,2025-02-14,C,-1.5281689543787167,-333.2936489499981
RT_unconditional,2025-02-17,C,-2.1565360071237443,-484.357987199993
RT_unconditional,2025-02-18,C,0.7655455288209728,175.30992610000277
RT_unconditional,2025-02-19,C,-3.029525456637128,-684.672753199991
RT_unconditional,2025-02-20,C,1.6711022327549003,385.1890646500045
RT_unconditional,2025-02-21,U,-1.6393746574114396,-374.92498414999625
RT_unconditional,2025-02-24,U,0.532741427929862,124.55494585000174
RT_unconditional,2025-02-25,U,-1.4245311464912065,-324.79310139999507
RT_unconditional,2025-02-26,U,0.7619536694214831,175.17314859999897
RT_unconditional,2025-02-27,U,3.9112538414847142,895.6771296999997
RT_unconditional,2025-02-28,R,-0.6261261869668096,-132.1126254499968
RT_unconditional,2025-03-03,R,1.2057835470285732,257.6759440000061
RT_unconditional,2025-03-04,R,-3.390481636831781,-691.3192057500002
RT_unconditional,2025-03-05,R,-0.1995035171102703,-41.97554000000088
RT_unconditional,2025-03-06,R,-0.7654712292452927,-162.27990060000204
RT_unconditional,2025-03-07,R,1.031804466635116,218.0202838
RT_unconditional,2025-03-10,R,-0.67778006688963,-141.85936799999956
RT_unconditional,2025-03-11,R,-1.2199376445900054,-251.42914855000012
RT_unconditional,2025-03-12,R,-0.151950621175895,-31.78806994999724
RT_unconditional,2025-03-13,R,1.5131871578697342,318.2232593000051
RT_unconditional,2025-03-14,R,-2.3635535788082644,-491.8554997499999
RT_unconditional,2025-03-17,R,0.1722879648148255,37.214200400002326
RT_unconditional,2025-03-18,R,-0.4780020032588211,-102.67483029999477
RT_unconditional,2025-03-19,R,1.577902578971967,337.6711519000009
RT_unconditional,2025-03-20,D,1.0329260009474204,218.05067880000044
RT_unconditional,2025-03-21,D,0.5221178813763501,108.49609575000554
RT_unconditional,2025-03-24,D,-0.9256651921217776,-191.5201282499958
RT_unconditional,2025-03-25,D,1.147413174122185,238.54719890000217
RT_unconditional,2025-03-26,D,0.0439403218306469,8.977007750001164
RT_unconditional,2025-03-27,D,-0.2509611457199233,-50.71924754999651
RT_unconditional,2025-03-28,D,0.888184411386156,179.4132511000035
RT_unconditional,2025-03-31,D,-0.505664900505041,-100.12165029999812
RT_unconditional,2025-04-01,D,-0.5531564553884558,-110.35471284999694
RT_unconditional,2025-04-02,D,-0.4528547005012275,-90.3445127499949
RT_unconditional,2025-04-03,D,2.852126796437648,560.4429154999979
RT_unconditional,2025-04-07,D,-0.2102840379008831,-36.06371250000146
RT_unconditional,2025-04-08,D,5.007223921117252,815.6767767500003
RT_unconditional,2025-04-09,D,-12.229427049039757,-1783.0504637499962
RT_unconditional,2025-04-10,D,-0.5432074039106163,-97.2341253000003
RT_unconditional,2025-04-11,D,-1.0589240127478876,-186.90008825000217
RT_unconditional,2025-04-14,D,2.4037032739130444,442.28140240000016
RT_unconditional,2025-04-15,D,-1.2127551389508635,-217.3257208999948
RT_unconditional,2025-04-16,D,2.571663902777778,462.8995025
RT_unconditional,2025-04-17,D,-1.255876282810651,-216.26189589999404
RT_unconditional,2025-04-18,D,-1.1294554643677717,-196.52525079999228
RT_unconditional,2025-04-21,D,-1.6911921014244824,-296.80421379999666
RT_unconditional,2025-04-22,D,-0.6606800870056382,-116.94037539999796
RT_unconditional,2025-04-23,D,-0.4819667550851924,-87.6697527499965
RT_unconditional,2025-04-24,D,1.6562035416210488,302.4227667000035
RT_unconditional,2025-04-25,D,-1.0368644458264284,-187.5687782500009
RT_unconditional,2025-04-28,C,1.2178639994523692,222.3819663000026
RT_unconditional,2025-04-29,D,-0.7637092996108998,-137.39130300000087
RT_unconditional,2025-04-30,C,0.8348573339726291,152.3614634500048
RT_unconditional,2025-05-06,C,-2.9949263800546064,-548.071527549993
RT_unconditional,2025-05-07,C,2.2065090350969445,421.2225748000066
RT_unconditional,2025-05-08,C,-1.9710568270053563,-368.5876266500016
RT_unconditional,2025-05-09,C,0.9591418751983116,181.37372860000076
RT_unconditional,2025-05-12,C,-1.0419886096284598,-199.1240232999987
RT_unconditional,2025-05-13,C,3.385207341161636,670.2710535500039
RT_unconditional,2025-05-14,C,-0.5628358847535718,-109.64043034999578
RT_unconditional,2025-05-15,C,2.149837895194284,420.5082923000018
RT_unconditional,2025-05-16,C,-1.363091847894721,-258.987451099997
RT_unconditional,2025-05-19,C,-0.1519482421301169,-28.961334950000293
RT_unconditional,2025-05-20,C,-0.2569886485563937,-48.956337549993016
RT_unconditional,2025-05-21,C,0.2679929981637157,51.07946545000422
RT_unconditional,2025-05-22,C,-1.1058240511122888,-208.77958085000012
RT_unconditional,2025-05-23,C,1.316305405922444,251.15107145000232
RT_unconditional,2025-05-26,C,0.2197914564755877,41.40871040000073
RT_unconditional,2025-05-27,R,1.3413507006929746,251.63739145000204
RT_unconditional,2025-05-28,R,-0.6386820291891546,-118.1561753999936
RT_unconditional,2025-05-29,R,-4.939077097022847,-929.0404019499974
RT_unconditional,2025-05-30,C,1.8159282192028985,350.83733195
RT_unconditional,2025-06-03,R,-0.0456237770988132,-8.586394849996651
RT_unconditional,2025-06-04,R,-2.7390188121371963,-519.0440648999987
RT_unconditional,2025-06-05,R,-6.295431170794602,-1220.054560899994
RT_unconditional,2025-06-06,R,0.7265464680488039,148.9420259500048
RT_unconditional,2025-06-09,U,0.2381122341618004,48.86063045000145
RT_unconditional,2025-06-10,U,1.217941388508574,249.06901395000332
RT_unconditional,2025-06-11,U,-0.9424762382715908,-190.8514382499971
RT_unconditional,2025-06-12,U,-2.2270816767901143,-450.9840395499981
RT_unconditional,2025-06-13,U,-1.6575720946601589,-341.45985149999274
RT_unconditional,2025-06-16,U,-1.9754220112709475,-411.87548934999256
RT_unconditional,2025-06-17,U,3.1345670157203105,667.9762310499982
RT_unconditional,2025-06-18,U,-2.671394382808711,-551.6429400499989
RT_unconditional,2025-06-19,U,1.1757401727488412,248.08117645000556
RT_unconditional,2025-06-20,U,1.3313497326637973,278.3852291
RT_unconditional,2025-06-23,U,0.9254469341654492,189.0688086500013
RT_unconditional,2025-06-24,U,0.3872763503184962,79.04310310000508
RT_unconditional,2025-06-25,U,-2.5934093701805607,-531.3895799499969
RT_unconditional,2025-06-26,U,1.484396971028032,317.6609517999988
RT_unconditional,2025-06-27,U,-1.6736389807509493,-352.1336415499997
RT_unconditional,2025-06-30,U,0.2672568459031813,57.40677050000335
RT_unconditional,2025-07-01,U,-0.8578611745060888,-182.3812856999945
RT_unconditional,2025-07-02,U,-0.0103693386792466,-2.198299800000292
RT_unconditional,2025-07-03,U,-9.70526855644401,-2063.3400950999967
RT_unconditional,2025-07-04,U,-2.34097114972114,-545.6803749999976
RT_unconditional,2025-07-07,U,-0.9506800457983016,-226.26185089999575
RT_unconditional,2025-07-08,U,-6.224181621784555,-1548.5763874999973
RT_unconditional,2025-07-09,U,1.2932250074074236,349.1707520000044
RT_unconditional,2025-07-10,U,2.563182634572495,689.4961287000011
RT_unconditional,2025-07-11,U,0.1930479904214726,50.38552550000436
RT_unconditional,2025-07-14,U,0.1174126938461571,30.52730040000087
RT_unconditional,2025-07-15,U,-3.804007337452449,-1000.453929749994
RT_unconditional,2025-07-16,U,0.7747852864023691,209.11454879999943
RT_unconditional,2025-07-17,U,-3.458184929966185,-920.914646849995
RT_unconditional,2025-07-18,U,1.1946739701709608,328.4158743999971
RT_unconditional,2025-07-21,U,-0.2631238892592399,-71.04345009999477
RT_unconditional,2025-07-22,U,-0.0407883325925775,-11.012849799995928
RT_unconditional,2025-07-23,U,-0.4917516052830084,-130.31417539999725
RT_unconditional,2025-07-24,U,-4.82517325781536,-1311.964608799996
RT_unconditional,2025-07-25,U,-0.925637921089632,-263.3439885500003
RT_unconditional,2025-07-28,U,-2.364557249999991,-684.3028681499974
RT_unconditional,2025-07-29,U,-5.7028251628890265,-1685.7551181499964
RT_unconditional,2025-07-30,U,-7.542822778709675,-2338.2750613999992
RT_unconditional,2025-07-31,U,-4.243040865153352,-1411.235391750005
RT_unconditional,2025-08-01,U,2.7612897205882567,938.8385050000072
RT_unconditional,2025-08-04,U,-1.942995687808624,-629.530602849994
RT_unconditional,2025-08-05,U,-4.811051142537274,-1611.702132749987
RT_unconditional,2025-08-06,U,-0.7681099002932467,-261.9254759999971
RT_unconditional,2025-08-07,U,1.3405125766574908,485.2655527500117
RT_unconditional,2025-08-08,U,-2.588131183319349,-924.7392718000036
RT_unconditional,2025-08-11,U,0.2317962349315188,84.60562575000436
RT_unconditional,2025-08-12,U,-9.068980315511393,-3307.457121067004
RT_unconditional,2025-08-13,U,-10.155278745951652,-4033.676717891997
RT_unconditional,2025-08-14,U,1.5053800541356022,661.7650717980108
RT_unconditional,2025-08-15,U,-5.512384943716815,-2347.7247475289914
RT_unconditional,2025-08-18,U,0.5803634391026682,260.00282071799535
RT_unconditional,2025-08-19,U,-11.294812295554268,-4971.976372502989
RT_unconditional,2025-08-20,U,-3.2132703043161173,-1494.1706915069944
RT_unconditional,2025-08-21,U,4.315619940638995,2046.4669758510115
RT_unconditional,2025-08-22,U,-3.169748210541558,-1410.5379536909936
RT_unconditional,2025-08-25,U,-3.406943621612903,-1584.22878405
RT_unconditional,2025-08-26,U,2.809220729052916,1316.962677780007
RT_unconditional,2025-08-27,U,-1.780087756319985,-801.0394903439933
RT_unconditional,2025-08-28,U,-9.916277761251097,-4422.65988151799
RT_unconditional,2025-08-29,U,-12.332728137168736,-5919.709505840993
RT_unconditional,2025-09-01,U,-3.200081339138703,-1727.7239150009857
RT_unconditional,2025-09-02,U,4.79770026104763,2720.2960480140064
RT_unconditional,2025-09-03,U,-0.847637721180383,-456.7072041719904
RT_unconditional,2025-09-04,U,5.7893967575203495,3271.009167998998
RT_unconditional,2025-09-05,U,-4.928835573979367,-2627.0693609310024
RT_unconditional,2025-09-08,U,6.370624457672746,3503.8434517200103
RT_unconditional,2025-09-09,U,3.0174513711250124,1520.7954910470062
RT_unconditional,2025-09-10,R,-4.193272303273246,-2163.728508488995
RT_unconditional,2025-09-11,U,-5.989254518903222,-3342.004021547998
RT_unconditional,2025-09-12,U,-5.311441765546849,-3127.376911553985
RT_unconditional,2025-09-15,U,-0.012280754549983,-7.368452729989812
RT_unconditional,2025-09-16,U,0.0549359239652775,32.89013767801164
RT_unconditional,2025-09-17,U,-3.950588021042424,-2326.8963443939874
RT_unconditional,2025-09-18,U,-8.552868772215849,-5079.5487638189925
RT_unconditional,2025-09-19,U,-0.8802995421115324,-577.8286194420099
RT_unconditional,2025-09-22,U,-6.118273057347849,-4071.710719664994
RT_unconditional,2025-09-23,U,4.976840436154982,3718.695173895002
RT_unconditional,2025-09-24,U,0.0681975150567122,46.91989035901804
RT_unconditional,2025-09-25,U,-1.0340555512168297,-701.9169081659837
RT_unconditional,2025-09-26,U,3.790937400941537,2560.778214336008
RT_unconditional,2025-09-29,U,-2.8484716041187417,-1847.233835271004
RT_unconditional,2025-09-30,U,1.0043430889715368,670.9011834329866
RT_unconditional,2025-10-09,U,-2.1770656294411923,-1461.0287439179842
RT_unconditional,2025-10-10,U,2.604177906060626,1778.913927630014
RT_unconditional,2025-10-13,U,-4.247252987370489,-2590.824322295998
RT_unconditional,2025-10-14,U,7.93511893618864,5157.033796628997
RT_unconditional,2025-10-15,R,-6.311610978034164,-3769.294076082003
RT_unconditional,2025-10-16,R,-2.745226454182255,-1702.0404015929985
RT_unconditional,2025-10-17,R,4.57004017995717,2879.125313373017
RT_unconditional,2025-10-20,R,-0.2758916586483852,-171.05282836199882
RT_unconditional,2025-10-21,R,-8.223646820562418,-5175.963308861987
RT_unconditional,2025-10-22,U,2.106342183506485,1411.038628730994
RT_unconditional,2025-10-23,U,1.0717518408749938,694.4951928869959
RT_unconditional,2025-10-24,R,-3.356925709556595,-2188.044177488989
RT_unconditional,2025-10-27,U,-5.235738734406576,-3626.2726474499946
RT_unconditional,2025-10-28,U,-4.1293412858766185,-2939.265127286977
RT_unconditional,2025-10-29,U,-3.6118889309216295,-2821.6076328359773
RT_unconditional,2025-10-30,U,2.360082886976268,1888.066309581014
RT_unconditional,2025-10-31,U,7.45897009629892,5814.267190065008
RT_unconditional,2025-11-03,U,-6.621527983699524,-4658.907089330985
RT_unconditional,2025-11-04,U,1.533966539462345,1146.9467815559954
RT_unconditional,2025-11-05,U,-7.195385792790471,-5059.07575091098
RT_unconditional,2025-11-06,U,-1.4823943982535637,-1115.3535452459814
RT_unconditional,2025-11-07,U,1.6717405955164104,1238.2582590990053
RT_unconditional,2025-11-10,U,0.515837689375,371.40313635
RT_unconditional,2025-11-11,U,5.3383929536375,3843.6429266190007
RT_unconditional,2025-11-12,R,-3.4166588620090423,-2270.369813805009
RT_unconditional,2025-11-13,R,-0.7861349701198199,-531.2700128069744
RT_unconditional,2025-11-14,R,2.147673834697585,1413.1693832310111
RT_unconditional,2025-11-17,R,-1.033776245511704,-665.6485244849863
RT_unconditional,2025-11-18,R,-1.8612084262199375,-1184.6591632889904
RT_unconditional,2025-11-19,R,-1.0478324646697543,-675.8519397119916
RT_unconditional,2025-11-20,R,2.937854200887473,1999.5035691240143
RT_unconditional,2025-11-21,R,3.5981634377890783,2268.642047526014
RT_unconditional,2025-11-24,R,8.121381216167224,4954.042541862006
RT_unconditional,2025-11-25,R,-0.6229183218151051,-351.0767661749933
RT_unconditional,2025-11-26,R,-6.728208157067416,-3721.371931673988
RT_unconditional,2025-11-27,R,-0.5958516813978499,-357.6301791749895
RT_unconditional,2025-11-28,R,-0.9763820698804592,-588.1725588959887
RT_unconditional,2025-12-01,R,0.1876649800000029,112.65528749400174
RT_unconditional,2025-12-02,R,-2.068958700737071,-1237.8579906509894
RT_unconditional,2025-12-03,R,-1.294528641698355,-789.6624714359965
RT_unconditional,2025-12-04,D,-1.0337456140013013,-629.3443298039922
RT_unconditional,2025-12-05,D,1.2253030597661143,759.5653667490143
RT_unconditional,2025-12-08,D,-4.560482090340732,-2770.4928698819945
RT_unconditional,2025-12-09,C,-6.417454118864033,-4107.17063607298
RT_unconditional,2025-12-10,C,2.2611785734605547,1511.371758501035
RT_unconditional,2025-12-11,C,2.494126937692572,1596.4906528170156
RT_unconditional,2025-12-12,C,-1.4093568106967094,-859.7076545249927
RT_unconditional,2025-12-15,D,0.4263775549109249,253.6946451720003
RT_unconditional,2025-12-16,D,-0.179054999999995,-105.5529224999971
RT_unconditional,2025-12-17,D,-4.242589914517747,-2507.3706394799883
RT_unconditional,2025-12-18,C,1.9714255323304384,1174.181047056009
RT_unconditional,2025-12-19,D,1.325547923978733,784.591816203012
RT_unconditional,2025-12-22,D,-2.1140512899024566,-1257.226302104991
RT_unconditional,2025-12-23,C,-3.979392825643976,-2409.920295209992
RT_unconditional,2025-12-24,C,-1.6758135755562196,-1075.5371527919815
RT_unconditional,2025-12-25,C,-2.198706412788965,-1437.953993963983
RT_unconditional,2025-12-26,C,3.8235268907999913,2542.6453823819943
RT_unconditional,2025-12-29,C,-2.533884320756171,-1615.0978660499834
RT_unconditional,2025-12-30,C,-0.8534712276817944,-544.5146432609848
RT_unconditional,2025-12-31,C,3.232236384204562,2076.3886532130105
RT_unconditional,2026-01-05,R,-0.7798533561794848,-493.56918912599593
RT_unconditional,2026-01-06,C,-0.7762676270236827,-494.2495981259788
RT_unconditional,2026-01-07,C,0.2312396268758889,146.62904740200116
RT_unconditional,2026-01-08,C,2.950431709755185,1867.9183154460077
RT_unconditional,2026-01-09,D,-1.799935269828072,-1088.9608382459835
RT_unconditional,2026-01-12,D,0.7322500328703987,450.26054521200814
RT_unconditional,2026-01-13,D,2.043504045977302,1242.041759145004
RT_unconditional,2026-01-14,D,-0.012558249134756,-7.547507729988361
RT_unconditional,2026-01-15,R,-2.693324400207417,-1597.1413693229983
RT_unconditional,2026-01-16,R,-3.122129919705868,-1910.7435108599916
RT_unconditional,2026-01-19,C,1.7703589783722706,1099.5699614670173
RT_unconditional,2026-01-20,C,0.8663954938656707,522.4364828009994
RT_unconditional,2026-01-21,C,-5.036557294660186,-2956.962787694995
RT_unconditional,2026-01-22,C,-1.898432858748584,-1171.1432305620012
RT_unconditional,2026-01-23,C,2.871299747424193,1780.2058434029998
RT_unconditional,2026-01-26,R,1.203098007723434,722.9415928410116
RT_unconditional,2026-01-27,D,-2.634007764479916,-1567.498020641998
RT_unconditional,2026-01-28,D,2.4068827384382097,1499.4879460470047
RT_unconditional,2026-01-29,D,4.900028810013197,2973.337481916008
RT_unconditional,2026-01-30,D,-1.4079178612105112,-802.5131808899913
RT_unconditional,2026-02-02,D,1.7940487489859192,1019.019689424002
RT_unconditional,2026-02-03,D,0.798484982211378,449.5470449850058
RT_unconditional,2026-02-04,D,2.1629201418102117,1182.9010255560045
RT_unconditional,2026-02-05,D,-3.261203863682795,-1704.6312595469972
RT_unconditional,2026-02-06,D,-2.82226945618866,-1495.8028117799895
RT_unconditional,2026-02-09,D,1.031690411807854,579.810011436014
RT_unconditional,2026-02-10,D,-0.7895331279705751,-440.0068122180015
RT_unconditional,2026-02-11,D,0.540833829280573,300.70360907999856
RT_unconditional,2026-02-12,D,-0.1428979820162407,-79.09403304598924
RT_unconditional,2026-02-13,D,-0.7303748196694055,-397.6890893099913
RT_unconditional,2026-02-24,D,-0.1248782012615124,-69.19501131900407
RT_unconditional,2026-02-25,D,-3.011916219971316,-1680.9504423659912
RT_unconditional,2026-02-26,C,-1.137861637604522,-653.1325799849957
RT_unconditional,2026-02-27,C,0.8873522533214919,499.57931862
RT_unconditional,2026-03-02,D,-3.0142171726499853,-1627.677273230992
RT_unconditional,2026-03-03,D,1.541252402922648,860.6353417920067
RT_unconditional,2026-03-04,D,0.2287664227380597,123.48811499400466
RT_unconditional,2026-03-05,D,-0.7452168845354986,-408.3043310369997
RT_unconditional,2026-03-06,D,0.6791628324251915,372.18123216900494
RT_unconditional,2026-03-09,D,-0.2359529609192322,-124.4887821809869
RT_unconditional,2026-03-10,D,-1.5411120484262315,-826.498391570988
RT_unconditional,2026-03-11,D,1.3027052063747746,712.5797478870018
RT_unconditional,2026-03-12,D,2.345764745588124,1264.3671978719988
RT_unconditional,2026-03-13,D,-1.0831368380795658,-563.4477831689901
RT_unconditional,2026-03-16,D,-1.1762486485319952,-613.7665448039951
RT_unconditional,2026-03-17,D,3.76763123880545,1996.467793443008
RT_unconditional,2026-03-18,D,-1.661492737333334,-852.3457742520003
RT_unconditional,2026-03-19,D,0.8804519710941255,449.030505258004
RT_unconditional,2026-03-20,D,1.1556623821812628,589.1566824360078
RT_unconditional,2026-03-23,D,2.5806414007048275,1263.223965645013
RT_unconditional,2026-03-24,D,-0.7353125203397195,-357.14129112900173
RT_unconditional,2026-03-25,D,-2.0429825863211,-1009.0290993839913
RT_unconditional,2026-03-26,D,0.3412806458039947,170.64032290199737
RT_unconditional,2026-03-27,D,-2.0309590210363857,-987.6553719299944
RT_unconditional,2026-03-30,D,-1.85161553010111,-897.292885886998
RT_unconditional,2026-03-31,D,-5.202703699677528,-2549.3248128419887
RT_unconditional,2026-04-01,D,-0.7832183042717047,-415.1057012640035
RT_unconditional,2026-04-02,C,1.0750771913824777,566.1356489820128
RT_unconditional,2026-04-03,C,0.619939483904958,326.0881685340079
RT_unconditional,2026-04-07,C,0.5764342206115675,305.39485008000844
RT_unconditional,2026-04-08,C,-4.705608560035071,-2548.557596114995
RT_unconditional,2026-04-09,C,-0.2154421080981723,-118.49315945399476
RT_unconditional,2026-04-10,C,-1.83479930734532,-1020.1484148839976
RT_unconditional,2026-04-13,C,0.3570050746607168,199.92284181000144
RT_unconditional,2026-04-14,C,-4.52044229965467,-2552.6937666149925
RT_unconditional,2026-04-15,C,2.4169591980424587,1434.7069799580036
RT_unconditional,2026-04-16,C,-2.474034270031038,-1434.692473190999
RT_unconditional,2026-04-17,C,-2.4791964389244905,-1477.6010775989962
RT_unconditional,2026-04-20,C,0.4353338828987076,269.4281401260102
RT_unconditional,2026-04-21,C,-0.9011872092635642,-549.4538414879951
RT_unconditional,2026-04-22,C,-9.500315327488163,-5813.242948890008
RT_unconditional,2026-04-23,U,-1.583364860164202,-1060.5377833379823
RT_unconditional,2026-04-24,U,2.165855526381241,1441.810023911992
RT_unconditional,2026-04-27,U,-2.0587707796515757,-1358.9945916480046
RT_unconditional,2026-04-28,U,-1.5926062253754516,-1071.0276865649912
RT_unconditional,2026-04-29,U,2.05050773244356,1389.6290902770006
RT_unconditional,2026-04-30,U,4.4066040706434,2903.9520825540008
RT_unconditional,2026-05-06,U,0.137204631068279,86.82309054000697
RT_unconditional,2026-05-07,U,-0.3195731659275936,-204.8144420429948
RT_unconditional,2026-05-08,U,-0.6237863211999876,-392.98538235599216
RT_unconditional,2026-05-11,U,-2.750807383107456,-1766.018339954987
RT_unconditional,2026-05-12,U,2.0540539188841738,1353.0053163690052
RT_unconditional,2026-05-13,U,-10.70066262246178,-6859.1247409980015
RT_unconditional,2026-05-14,U,7.122952503486502,5270.984852580012
RT_unconditional,2026-05-15,U,2.527726998094946,1756.7702636759875
RT_unconditional,2026-05-18,U,-4.887617485382503,-3219.962399369993
RT_unconditional,2026-05-19,U,-0.5599742136193162,-382.462387901993
RT_unconditional,2026-05-20,U,-0.1056938949633474,-72.08323636500292
RT_unconditional,2026-05-21,U,5.17121703611274,3578.482188990016
RT_unconditional,2026-05-22,R,-1.7683421673498636,-1169.0510068349947
RT_unconditional,2026-05-25,U,-3.5635911576617345,-2423.2419872099795
RT_unconditional,2026-05-26,U,-0.3509379898711684,-245.16527972399825
RT_unconditional,2026-05-27,U,-0.4367319457596225,-305.27563008597616
RT_unconditional,2026-05-28,U,-7.326522662142857,-5128.5658635
RT_unconditional,2026-05-29,U,6.61898090977145,5212.447466445017
RT_unconditional,2026-06-01,U,1.750381084328469,1316.2865754150089
RT_unconditional,2026-06-02,U,-6.863366757636006,-5147.525068227004
RT_unconditional,2026-06-03,U,-1.555802992457768,-1243.8644924699854
RT_unconditional,2026-06-04,U,1.6346149192687938,1307.691935415035
RT_unconditional,2026-06-05,U,4.2625197433393565,3303.4528010880013
RT_unconditional,2026-06-08,U,-0.8796069097342485,-615.6368761230005
RT_unconditional,2026-06-09,R,-4.001495686102244,-2880.6767444250054
RT_unconditional,2026-06-10,U,2.250495736185206,1640.611391679015
RT_unconditional,2026-06-11,R,0.2508986548410431,175.17744081001632
RT_unconditional,2026-06-12,R,2.338554543490404,1682.3561385869964
RT_unconditional,2026-06-15,R,-2.8812318046886776,-2059.216370810998
RT_unconditional,2026-06-16,U,0.5025836053814594,368.8963663499912
RT_unconditional,2026-06-17,U,-1.4909193575146216,-1068.9891793379836
RT_unconditional,2026-06-18,R,-8.628950102799992,-6212.844074015994
RT_unconditional,2026-06-22,U,-1.204306508913929,-940.322522159996
RT_unconditional,2026-06-23,U,5.884694188014717,4641.846775506009
RT_unconditional,2026-06-24,U,-5.360479502473951,-3913.1500368059847
RT_unconditional,2026-06-25,U,0.594739668926435,461.45850912002095
RT_unconditional,2026-06-26,U,6.198392146008,4648.794109506
RT_unconditional,2026-06-29,R,-0.6266741869220804,-434.2852115370017
RT_unconditional,2026-06-30,R,-3.904862611117016,-2716.222432292996
RT_unconditional,2026-07-01,R,3.9331866686301575,2871.2262681000147
RT_unconditional,2026-07-02,R,4.9235545850696845,3321.429923088009
RT_unconditional,2026-07-03,R,-2.101554963297616,-1334.487401693986
RT_unconditional,2026-07-06,R,3.1376655876326693,2063.642656986007
RT_unconditional,2026-07-07,R,-1.1453265503356,-723.5027818469986
RT_unconditional,2026-07-08,R,-1.7339041191184688,-1127.0376774270046
RT_unconditional,2026-07-09,R,-4.565610742807376,-3041.1533157839926
RT_unconditional,2026-07-10,R,6.487216951930993,4605.924035871005
RT_unconditional,2026-07-13,R,3.22283313077183,2104.510034394005
RT_unconditional,2026-07-14,R,-4.474353531462628,-2814.368371289993
RT_unconditional,2026-07-15,R,3.253638940956296,2143.4973343020074
RT_unconditional,2026-07-16,R,-1.2543276009767403,-782.0732592089977
RT_unconditional,2026-07-17,D,6.968412662142868,4321.809533061007
RT_unconditional,2026-07-20,D,3.865673643046896,2276.1086410260123
RT_unconditional,2026-07-21,D,-6.235135426079971,-3585.2028699959837
RT_unconditional,2026-07-22,D,-0.9263010383587916,-558.1890057150079
RT_unconditional,2026-07-23,D,-1.6156971530940438,-1001.5706652029976
RT_unconditional,2026-07-24,D,1.1321921386732166,691.2033006599986
RT_unconditional,2026-07-27,D,-2.9697663216582986,-1778.2960734089893
RT_unconditional,2026-07-28,D,1.180517653125032,695.0887941600187
RT_unconditional,2026-07-29,D,0.3894935640341019,226.2178619910064
RT_unconditional,2026-07-30,D,5.438603794105286,3100.004162640013
RT_unconditional,2026-07-31,D,0.5914805407560536,337.971980988009
RT_unconditional,2026-08-03,D,-0.8457915836466581,-469.66806639898925
RT_unconditional,2026-08-04,D,-5.674590776842097,-3223.7350203239957
RT_unconditional,2026-08-05,D,-11.91543918827798,-7030.109121084007
RT_unconditional,2026-08-06,C,-4.331237586947363,-2839.1262382439963
RT_unconditional,2026-08-07,C,-0.0471404071436813,-32.18275595699127
RT_unconditional,2026-08-10,C,-0.440092949399995,-303.6641350859965
RT_unconditional,2026-08-11,C,2.6492083705049514,1799.6072460840137
RT_unconditional,2026-08-12,C,1.1157916845049671,741.5551535220012
RT_unconditional,2026-08-13,C,3.882985748127676,2640.0420101520067
RT_unconditional,2026-08-14,C,-1.0790257757515307,-707.8409088930041
RT_unconditional,2026-08-17,C,-2.016060867792524,-1350.7607814209907
RT_unconditional,2026-08-18,C,2.038032457976392,1379.7479740500175
RT_unconditional,2026-08-19,C,3.364572493024967,2156.690968029004
RT_unconditional,2026-08-20,R,0.4133271198383962,258.32944989899767
RT_unconditional,2026-08-21,R,-2.1105523438978144,-1301.1555200130026
RT_unconditional,2026-08-24,C,3.4915743256938097,2189.2171022100188
RT_unconditional,2026-08-25,R,-2.5635718711148763,-1506.09847427999
RT_unconditional,2026-08-26,R,-0.7940696593006437,-478.0299348989875
RT_unconditional,2026-08-27,R,-3.180991418099989,-1972.214679221993
RT_unconditional,2026-08-28,C,-0.1790550000000127,-114.66682200000815
RT_unconditional,2026-08-31,C,-2.856950247605705,-1804.1640813630029
RT_unconditional,2026-09-01,C,2.013501513608397,1295.688224007003
RT_unconditional,2026-09-02,C,-0.3087562926377102,-190.56438381599477
RT_unconditional,2026-09-03,R,-0.4967202294285576,-312.93374453999127
RT_unconditional,2026-09-04,R,0.0560590678336589,35.78810890500786
RT_unconditional,2026-09-07,D,-3.230558995695023,-2086.9411112189846
RT_unconditional,2026-09-08,C,2.160312243868787,1432.2870176850058
RT_unconditional,2026-09-09,C,-0.7032760488720768,-456.4261557179779
RT_unconditional,2026-09-10,C,0.7362641145628105,474.8903538930128
RT_unconditional,2026-09-11,C,-2.4307468552617157,-1523.1059795069907
