factor,window,stage,n,spearman_rt
ret1,primary,ALL,654,0.06507729887936027
ret1,primary,U,216,0.015936568106714427
ret1,primary,R,152,0.06711838291236165
ret1,primary,D,166,0.08422687533635434
ret1,primary,C,120,0.13281730211785875
ret1,2023,ALL,242,-0.09345688754491308
ret1,2023,U,86,-0.07439565137802934
ret1,2023,R,77,-0.07341186460729865
ret1,2023,D,57,-0.29991086814812024
ret1,2023,C,22,0.1326933935629588
ret1,2021_2022,ALL,485,0.09054564953317051
ret1,2021_2022,U,73,0.11608065852904347
ret1,2021_2022,R,123,0.08792140778543503
ret1,2021_2022,D,166,0.0758625575434209
ret1,2021_2022,C,123,0.1188807807678173
ret1,2024,ALL,242,0.05988287358838707
ret1,2024,U,75,-0.006088409975755237
ret1,2024,R,76,0.09901084892842016
ret1,2024,D,58,0.11638388642351175
ret1,2024,C,33,0.06483957219251336
ret1,2025,ALL,243,0.039438689443138816
ret1,2025,U,104,-0.010845877083353469
ret1,2025,R,45,-0.05296617151000792
ret1,2025,D,50,-0.0037939728932352996
ret1,2025,C,44,0.2441053188166288
ret1,2026,ALL,169,0.12989904495145185
ret1,2026,U,37,0.1657183499288762
ret1,2026,R,31,0.044359310639790074
ret1,2026,D,58,0.09383316246146203
ret1,2026,C,43,0.09703972320316831
ret1,original_PT_window,ALL,891,0.009752257043987437
ret1,original_PT_window,U,302,-0.022254867902708083
ret1,original_PT_window,R,229,0.01739134780420775
ret1,original_PT_window,D,222,-0.0383194125507148
ret1,original_PT_window,C,138,0.11423561332160441
ret3,primary,ALL,654,0.07711662748252938
ret3,primary,U,216,0.044148179597134504
ret3,primary,R,152,0.15830320368682355
ret3,primary,D,166,0.0735841409784705
ret3,primary,C,120,0.05874917112989465
ret3,2023,ALL,242,-0.011453469031104448
ret3,2023,U,86,-0.03040440193092798
ret3,2023,R,77,-0.06748397805551608
ret3,2023,D,57,-0.05519812044269412
ret3,2023,C,22,0.1101072840203275
ret3,2021_2022,ALL,485,0.053965872557528494
ret3,2021_2022,U,73,0.008762795167638981
ret3,2021_2022,R,123,0.021263559820374627
ret3,2021_2022,D,166,0.07362646451537395
ret3,2021_2022,C,123,0.06061290123825684
ret3,2024,ALL,242,0.04468022773398944
ret3,2024,U,75,0.0427223972431126
ret3,2024,R,76,0.08000765660144357
ret3,2024,D,58,0.15733206322226778
ret3,2024,C,33,-0.12135395283249914
ret3,2025,ALL,243,0.11330781493391463
ret3,2025,U,104,0.04346631500774218
ret3,2025,R,45,0.2932630578410114
ret3,2025,D,50,0.23509353644822809
ret3,2025,C,44,0.20879741419346104
ret3,2026,ALL,169,0.08467595575052335
ret3,2026,U,37,0.1418322090745012
ret3,2026,R,31,0.11557080407824344
ret3,2026,D,58,-0.12913051804007614
ret3,2026,C,43,0.07892451467166282
ret3,original_PT_window,ALL,891,0.04568683573993214
ret3,original_PT_window,U,302,0.0175560401213606
ret3,original_PT_window,R,229,0.07842902129440046
ret3,original_PT_window,D,222,0.03284657425307931
ret3,original_PT_window,C,138,0.03490777581394444
ret5,primary,ALL,654,0.030592639079540105
ret5,primary,U,216,-0.03055632308311551
ret5,primary,R,152,0.07656969186089305
ret5,primary,D,166,0.10792126192662643
ret5,primary,C,120,-0.013488616900311131
ret5,2023,ALL,242,0.06640753930045312
ret5,2023,U,86,0.036839525960750644
ret5,2023,R,77,0.060394523684248635
ret5,2023,D,57,0.09081922106895415
ret5,2023,C,22,-0.1474576506523768
ret5,2021_2022,ALL,485,0.06893398168752338
ret5,2021_2022,U,73,-0.015860893386253846
ret5,2021_2022,R,123,0.1321412451555108
ret5,2021_2022,D,166,0.08789343451622832
ret5,2021_2022,C,123,-0.012957444956317267
ret5,2024,ALL,242,0.04408359644783431
ret5,2024,U,75,0.009062004349240893
ret5,2024,R,76,0.05359730991773574
ret5,2024,D,58,0.2208241694977718
ret5,2024,C,33,-0.19528509395236668
ret5,2025,ALL,243,0.0023994814662985434
ret5,2025,U,104,-0.07089599116433366
ret5,2025,R,45,0.09422773126462658
ret5,2025,D,50,0.14254154407865394
ret5,2025,C,44,0.28017486996276664
ret5,2026,ALL,169,0.08405903051574101
ret5,2026,U,37,0.16822762418162407
ret5,2026,R,31,0.07339449578583448
ret5,2026,D,58,-0.03726326024915431
ret5,2026,C,43,-0.05331722331932855
ret5,original_PT_window,ALL,891,0.04420033985232765
ret5,original_PT_window,U,302,-0.0013764047702895092
ret5,original_PT_window,R,229,0.07255133631842706
ret5,original_PT_window,D,222,0.10908424826557565
ret5,original_PT_window,C,138,-0.03994451526746262
ret10,primary,ALL,654,0.015078272955054716
ret10,primary,U,216,-0.08817041892024795
ret10,primary,R,152,0.09051839839272251
ret10,primary,D,166,-0.008680269754894797
ret10,primary,C,120,0.14541811307786778
ret10,2023,ALL,242,-0.04373720847812108
ret10,2023,U,86,-0.13638898423053372
ret10,2023,R,77,-0.02238948268625441
ret10,2023,D,57,0.06139881909079015
ret10,2023,C,22,-0.25691699604743085
ret10,2021_2022,ALL,485,0.03344103439443339
ret10,2021_2022,U,73,0.03627106895238614
ret10,2021_2022,R,123,0.039987294494894264
ret10,2021_2022,D,166,0.01931632669371377
ret10,2021_2022,C,123,-0.05963545411519542
ret10,2024,ALL,242,0.0030055572556256615
ret10,2024,U,75,-0.1726468270096172
ret10,2024,R,76,0.11511194835702386
ret10,2024,D,58,0.014705203819996506
ret10,2024,C,33,0.18634578489060072
ret10,2025,ALL,243,-0.0008421987581780746
ret10,2025,U,104,-0.00578901325345176
ret10,2025,R,45,0.022930188729566675
ret10,2025,D,50,0.06277014761145576
ret10,2025,C,44,0.37703532244960264
ret10,2026,ALL,169,0.11512438796565018
ret10,2026,U,37,0.283986494958211
ret10,2026,R,31,0.17004540740080626
ret10,2026,D,58,-0.0586796344303363
ret10,2026,C,43,-0.031953470573186246
ret10,original_PT_window,ALL,891,0.0008108656515610509
ret10,original_PT_window,U,302,-0.10343325537449138
ret10,original_PT_window,R,229,0.05907627348299004
ret10,original_PT_window,D,222,0.026351726400769004
ret10,original_PT_window,C,138,0.10166515438471872
ret20,primary,ALL,654,-0.030117858509970365
ret20,primary,U,216,-0.09946243642725715
ret20,primary,R,152,-0.048984495057682514
ret20,primary,D,166,0.06918600429222377
ret20,primary,C,120,-0.05179859123800233
ret20,2023,ALL,242,-0.08091108932389274
ret20,2023,U,86,-0.16697115021277886
ret20,2023,R,77,-0.09449927109885975
ret20,2023,D,57,0.0963359403319686
ret20,2023,C,22,0.30104491457454424
ret20,2021_2022,ALL,485,0.04381889197094437
ret20,2021_2022,U,73,0.009813603557932715
ret20,2021_2022,R,123,0.025487976768910688
ret20,2021_2022,D,166,-0.012758856859872995
ret20,2021_2022,C,123,0.0005579205422526523
ret20,2024,ALL,242,-0.019392644646264032
ret20,2024,U,75,-0.030774922672825326
ret20,2024,R,76,0.028806978379087262
ret20,2024,D,58,-0.013013382655062343
ret20,2024,C,33,-0.10696974911239752
ret20,2025,ALL,243,-0.07348412291822186
ret20,2025,U,104,-0.1328175477818747
ret20,2025,R,45,-0.1004909272872016
ret20,2025,D,50,0.1500685114762573
ret20,2025,C,44,0.04398082930643657
ret20,2026,ALL,169,0.03305962871675294
ret20,2026,U,37,0.12225780448701036
ret20,2026,R,31,-0.27914483916978866
ret20,2026,D,58,0.1151384659532383
ret20,2026,C,43,-0.10610179852175211
ret20,original_PT_window,ALL,891,-0.04713079593051597
ret20,original_PT_window,U,302,-0.12636004965217915
ret20,original_PT_window,R,229,-0.052155095298647834
ret20,original_PT_window,D,222,0.0793642701299202
ret20,original_PT_window,C,138,-0.05093580973577665
bias5,primary,ALL,654,0.0681947098372665
bias5,primary,U,216,0.03285749589648951
bias5,primary,R,152,0.13627059010129858
bias5,primary,D,166,0.08941407046809349
bias5,primary,C,120,0.031568035544398805
bias5,2023,ALL,242,0.010414419654211433
bias5,2023,U,86,0.027886699058713472
bias5,2023,R,77,-0.05793881472418204
bias5,2023,D,57,-0.05620472322076878
bias5,2023,C,22,0.05590062111801244
bias5,2021_2022,ALL,485,0.06294925610716333
bias5,2021_2022,U,73,0.016661781317409034
bias5,2021_2022,R,123,0.03591059121981172
bias5,2021_2022,D,166,0.08012420048352206
bias5,2021_2022,C,123,0.061894035807954634
bias5,2024,ALL,242,0.061022085673005405
bias5,2024,U,75,0.02832288951039952
bias5,2024,R,76,0.10865612176649231
bias5,2024,D,58,0.15941672374543195
bias5,2024,C,33,-0.1038201210800339
bias5,2025,ALL,243,0.0843772973720185
bias5,2025,U,104,0.017136196048379144
bias5,2025,R,45,0.18302806852797124
bias5,2025,D,50,0.2498078842449914
bias5,2025,C,44,0.19021777480463745
bias5,2026,ALL,169,0.08134117030167588
bias5,2026,U,37,0.1954833741801596
bias5,2026,R,31,0.05888877954237591
bias5,2026,D,58,-0.10842576785150415
bias5,2026,C,43,0.021678376045644796
bias5,original_PT_window,ALL,891,0.0485953266980835
bias5,original_PT_window,U,302,0.03317118020566297
bias5,original_PT_window,R,229,0.06799164677390236
bias5,original_PT_window,D,222,0.043673096500855206
bias5,original_PT_window,C,138,0.011474004298838955
bias20,primary,ALL,654,0.00611602021572158
bias20,primary,U,216,-0.10773029274927871
bias20,primary,R,152,0.03634984235612006
bias20,primary,D,166,0.06982241714461743
bias20,primary,C,120,0.0879049137819448
bias20,2023,ALL,242,-0.06533046824257727
bias20,2023,U,86,-0.18257438543631188
bias20,2023,R,77,-0.04210789276461654
bias20,2023,D,57,0.11800175559789391
bias20,2023,C,22,-0.25988704712679433
bias20,2021_2022,ALL,485,0.0522751234275183
bias20,2021_2022,U,73,0.07759425554930181
bias20,2021_2022,R,123,0.09480105117830757
bias20,2021_2022,D,166,0.011171835912124492
bias20,2021_2022,C,123,0.0073728261776545324
bias20,2024,ALL,242,0.0011380366968080748
bias20,2024,U,75,-0.11256002910020797
bias20,2024,R,76,0.08529373727671591
bias20,2024,D,58,0.009875555786927642
bias20,2024,C,33,0.022563931453396354
bias20,2025,ALL,243,-0.022999051390782486
bias20,2025,U,104,-0.07523149850731954
bias20,2025,R,45,0.04579448611220931
bias20,2025,D,50,0.2058844855604882
bias20,2025,C,44,0.3636235685886261
bias20,2026,ALL,169,0.10805337598429555
bias20,2026,U,37,0.23749111409978088
bias20,2026,R,31,-0.005849133190696439
bias20,2026,D,58,0.06298074110746626
bias20,2026,C,43,-0.0656245287654111
bias20,original_PT_window,ALL,891,-0.015285076689725244
bias20,original_PT_window,U,302,-0.12791248343130676
bias20,original_PT_window,R,229,0.02796363158224147
bias20,original_PT_window,D,222,0.07988949846639047
bias20,original_PT_window,C,138,0.01684247071287499
ma20slope5,primary,ALL,654,-0.03691087524092729
ma20slope5,primary,U,216,-0.14782373220499723
ma20slope5,primary,R,152,-0.018515639062242864
ma20slope5,primary,D,166,0.05235938732514785
ma20slope5,primary,C,120,0.013735238190518534
ma20slope5,2023,ALL,242,-0.06896464234985457
ma20slope5,2023,U,86,-0.16952452038486004
ma20slope5,2023,R,77,-0.02102398305571599
ma20slope5,2023,D,57,0.12452354377289199
ma20slope5,2023,C,22,0.2063313924673174
ma20slope5,2021_2022,ALL,485,0.05365353553722497
ma20slope5,2021_2022,U,73,0.06727668538902672
ma20slope5,2021_2022,R,123,-0.024814495990549766
ma20slope5,2021_2022,D,166,0.013131571580452387
ma20slope5,2021_2022,C,123,-0.019443369648793302
ma20slope5,2024,ALL,242,-0.004721909867249139
ma20slope5,2024,U,75,-0.06209536554054401
ma20slope5,2024,R,76,0.08883024996002252
ma20slope5,2024,D,58,-0.03507314647101836
ma20slope5,2024,C,33,0.00033422459893048126
ma20slope5,2025,ALL,243,-0.10672103641350997
ma20slope5,2025,U,104,-0.1831929404317755
ma20slope5,2025,R,45,-0.18284246255604042
ma20slope5,2025,D,50,0.10211580845771212
ma20slope5,2025,C,44,0.09579530126243102
ma20slope5,2026,ALL,169,0.04138669234277464
ma20slope5,2026,U,37,0.07125919100048343
ma20slope5,2026,R,31,-0.101038625173734
ma20slope5,2026,D,58,0.16872627040730506
ma20slope5,2026,C,43,-0.0454682800206406
ma20slope5,original_PT_window,ALL,891,-0.048435468183695374
ma20slope5,original_PT_window,U,302,-0.15239075749092754
ma20slope5,original_PT_window,R,229,-0.007130704612927831
ma20slope5,original_PT_window,D,222,0.07992854421818482
ma20slope5,original_PT_window,C,138,-0.019968101357564414
range_pos20,primary,ALL,654,0.019699067744892947
range_pos20,primary,U,216,-0.04819828790810835
range_pos20,primary,R,152,0.012278880649743201
range_pos20,primary,D,166,0.013985500311044523
range_pos20,primary,C,120,0.13784026452667922
range_pos20,2023,ALL,242,-0.021769995478588725
range_pos20,2023,U,86,-0.023267663168800322
range_pos20,2023,R,77,-0.036479558415038055
range_pos20,2023,D,57,0.1178701722355401
range_pos20,2023,C,22,-0.15045270528272262
range_pos20,2021_2022,ALL,485,0.035092397859535156
range_pos20,2021_2022,U,73,0.05806247686189392
range_pos20,2021_2022,R,123,0.028109108632929963
range_pos20,2021_2022,D,166,-0.0476310415823457
range_pos20,2021_2022,C,123,0.05715741666105051
range_pos20,2024,ALL,242,0.03108219732486544
range_pos20,2024,U,75,0.05982741944615891
range_pos20,2024,R,76,0.0713284711480923
range_pos20,2024,D,58,0.009875859664207799
range_pos20,2024,C,33,-0.04964064919747197
range_pos20,2025,ALL,243,-0.01055423866906766
range_pos20,2025,U,104,-0.09169221286712266
range_pos20,2025,R,45,-0.02826645637352841
range_pos20,2025,D,50,0.017818976905711235
range_pos20,2025,C,44,0.41950944876908736
range_pos20,2026,ALL,169,0.0823636762096149
range_pos20,2026,U,37,0.1976523650545855
range_pos20,2026,R,31,-0.030852995182659444
range_pos20,2026,D,58,-0.03643525648520838
range_pos20,2026,C,43,-0.01578192257010187
range_pos20,original_PT_window,ALL,891,0.005293945627149537
range_pos20,original_PT_window,U,302,-0.04530278398533377
range_pos20,original_PT_window,R,229,0.011662720988230091
range_pos20,original_PT_window,D,222,0.04660989081166342
range_pos20,original_PT_window,C,138,0.05277423246241425
drawdown60,primary,ALL,654,0.005698556796556049
drawdown60,primary,U,216,-0.031652311758495616
drawdown60,primary,R,152,0.07816293871635342
drawdown60,primary,D,166,0.2077007861222773
drawdown60,primary,C,120,-0.02083311636404615
drawdown60,2023,ALL,242,-0.07695672722461902
drawdown60,2023,U,86,-0.030087886104695517
drawdown60,2023,R,77,-0.019368200523591332
drawdown60,2023,D,57,-0.058067520184439864
drawdown60,2023,C,22,0.044142727704666054
drawdown60,2021_2022,ALL,485,0.07474127087353316
drawdown60,2021_2022,U,73,0.01821015891943413
drawdown60,2021_2022,R,123,0.057845336651517754
drawdown60,2021_2022,D,166,0.060028677922383665
drawdown60,2021_2022,C,123,0.006726840628497312
drawdown60,2024,ALL,242,0.02246120668208162
drawdown60,2024,U,75,0.06754988082217737
drawdown60,2024,R,76,0.07350287189291861
drawdown60,2024,D,58,0.2319068400327445
drawdown60,2024,C,33,-0.047802106634602645
drawdown60,2025,ALL,243,-0.033821043166298706
drawdown60,2025,U,104,-0.044009101941524034
drawdown60,2025,R,45,0.04724098235722427
drawdown60,2025,D,50,0.3508671056998966
drawdown60,2025,C,44,0.2762875176852697
drawdown60,2026,ALL,169,0.09930575982331091
drawdown60,2026,U,37,0.16088683638143436
drawdown60,2026,R,31,0.23816746938604963
drawdown60,2026,D,58,0.11138804798213806
drawdown60,2026,C,43,-0.19009138770509942
drawdown60,original_PT_window,ALL,891,-0.019181140602014174
drawdown60,original_PT_window,U,302,-0.041276892398866345
drawdown60,original_PT_window,R,229,0.042079922805321204
drawdown60,original_PT_window,D,222,0.13246677904183765
drawdown60,original_PT_window,C,138,-0.07709257161212757
overnight5,primary,ALL,654,-0.00048130457710244775
overnight5,primary,U,216,-0.06326943697653334
overnight5,primary,R,152,-0.018091754003339237
overnight5,primary,D,166,0.088441607284494
overnight5,primary,C,120,-0.0172665568742263
overnight5,2023,ALL,242,-0.01379133401082062
overnight5,2023,U,86,-0.04907460304105263
overnight5,2023,R,77,-0.05910889743587984
overnight5,2023,D,57,0.012122194389646271
overnight5,2023,C,22,-0.0033907895765878664
overnight5,2021_2022,ALL,485,0.06610870465331535
overnight5,2021_2022,U,73,-0.11132538332076257
overnight5,2021_2022,R,123,0.2529280125130549
overnight5,2021_2022,D,166,-0.0032125532285498973
overnight5,2021_2022,C,123,0.03659745867040619
overnight5,2024,ALL,242,0.03576143942165852
overnight5,2024,U,75,-0.09382090845093202
overnight5,2024,R,76,0.02119150983557618
overnight5,2024,D,58,0.19713283785425087
overnight5,2024,C,33,0.12334949194523338
overnight5,2025,ALL,243,-0.012521703064991323
overnight5,2025,U,104,-0.042972032264554226
overnight5,2025,R,45,-0.11649974047262922
overnight5,2025,D,50,0.0267992223366928
overnight5,2025,C,44,0.07902435983251854
overnight5,2026,ALL,169,-0.02123536045491841
overnight5,2026,U,37,-0.08892050647463211
overnight5,2026,R,31,0.0016132285062828468
overnight5,2026,D,58,-0.03866978420455576
overnight5,2026,C,43,-0.20541479805746973
overnight5,original_PT_window,ALL,891,-0.004333997543768168
overnight5,original_PT_window,U,302,-0.052502218520013876
overnight5,original_PT_window,R,229,-0.030506465816821184
overnight5,original_PT_window,D,222,0.07312384166635533
overnight5,original_PT_window,C,138,-0.02641099736575611
intraday5,primary,ALL,654,0.04132485418970233
intraday5,primary,U,216,0.0009139594967150615
intraday5,primary,R,152,0.1150708014426481
intraday5,primary,D,166,0.10923232137369882
intraday5,primary,C,120,-0.024989538553028153
intraday5,2023,ALL,242,0.04015001218628665
intraday5,2023,U,86,0.002614144820153785
intraday5,2023,R,77,0.09297494981817547
intraday5,2023,D,57,0.10903845958169908
intraday5,2023,C,22,-0.32985033792032614
intraday5,2021_2022,ALL,485,0.04261337198264988
intraday5,2021_2022,U,73,0.05670246347884763
intraday5,2021_2022,R,123,0.02575918329818213
intraday5,2021_2022,D,166,0.08046342659786854
intraday5,2021_2022,C,123,-0.01571146635818261
intraday5,2024,ALL,242,0.007051327784828768
intraday5,2024,U,75,0.06073410219380452
intraday5,2024,R,76,0.05135356897875787
intraday5,2024,D,58,0.09690518714745477
intraday5,2024,C,33,-0.42347241013804493
intraday5,2025,ALL,243,0.041570025480341215
intraday5,2025,U,104,-0.03762954704180749
intraday5,2025,R,45,0.13855124091768886
intraday5,2025,D,50,0.2917317135452562
intraday5,2025,C,44,0.22792303953990278
intraday5,2026,ALL,169,0.10618376589801556
intraday5,2026,U,37,0.19952578682006575
intraday5,2026,R,31,0.11356531953339731
intraday5,2026,D,58,-0.015351720678121164
intraday5,2026,C,43,0.000981761902480554
intraday5,original_PT_window,ALL,891,0.04213033477518781
intraday5,original_PT_window,U,302,0.0044711874376930465
intraday5,original_PT_window,R,229,0.11734952519721589
intraday5,original_PT_window,D,222,0.11872228025349983
intraday5,original_PT_window,C,138,-0.07622957473701134
overnight_minus_intraday5,primary,ALL,654,-0.020935688084635175
overnight_minus_intraday5,primary,U,216,-0.007372454229311631
overnight_minus_intraday5,primary,R,152,-0.10312477323310433
overnight_minus_intraday5,primary,D,166,-0.029368340654763854
overnight_minus_intraday5,primary,C,120,0.04432822687503368
overnight_minus_intraday5,2023,ALL,242,-0.012649620732333017
overnight_minus_intraday5,2023,U,86,-0.05076507000606339
overnight_minus_intraday5,2023,R,77,-0.10702125746978375
overnight_minus_intraday5,2023,D,57,-0.12580023214131947
overnight_minus_intraday5,2023,C,22,0.4033898948881112
overnight_minus_intraday5,2021_2022,ALL,485,-0.021189757897585947
overnight_minus_intraday5,2021_2022,U,73,-0.17759366946782015
overnight_minus_intraday5,2021_2022,R,123,0.06695571293699898
overnight_minus_intraday5,2021_2022,D,166,-0.05435158331433203
overnight_minus_intraday5,2021_2022,C,123,0.028639564384225456
overnight_minus_intraday5,2024,ALL,242,0.05975760546808013
overnight_minus_intraday5,2024,U,75,-0.01186453944625888
overnight_minus_intraday5,2024,R,76,-0.05368898146118558
overnight_minus_intraday5,2024,D,58,0.07085063889978387
overnight_minus_intraday5,2024,C,33,0.39515254062813765
overnight_minus_intraday5,2025,ALL,243,-0.02910778354176673
overnight_minus_intraday5,2025,U,104,0.009470126528997478
overnight_minus_intraday5,2025,R,45,-0.10450712012985856
overnight_minus_intraday5,2025,D,50,-0.14056234579172336
overnight_minus_intraday5,2025,C,44,-0.15779829484534397
overnight_minus_intraday5,2026,ALL,169,-0.13317147353384096
overnight_minus_intraday5,2026,U,37,-0.24844354348752506
overnight_minus_intraday5,2026,R,31,-0.05605403799028018
overnight_minus_intraday5,2026,D,58,-0.05121894952772605
overnight_minus_intraday5,2026,C,43,-0.08638852235899783
overnight_minus_intraday5,original_PT_window,ALL,891,-0.013290924277065004
overnight_minus_intraday5,original_PT_window,U,302,0.002515987166154983
overnight_minus_intraday5,original_PT_window,R,229,-0.10827273775898542
overnight_minus_intraday5,original_PT_window,D,222,-0.06034894793495466
overnight_minus_intraday5,original_PT_window,C,138,0.08269382268989159
volume_ratio,primary,ALL,654,0.055934483726435606
volume_ratio,primary,U,216,0.032120120922062456
volume_ratio,primary,R,152,0.0788002851692478
volume_ratio,primary,D,166,0.05883062849533992
volume_ratio,primary,C,120,0.07005346420769806
volume_ratio,2023,ALL,242,-0.008350210091994477
volume_ratio,2023,U,86,-0.00877486806621735
volume_ratio,2023,R,77,0.05504213303353206
volume_ratio,2023,D,57,0.06735272711680469
volume_ratio,2023,C,22,-0.06041784302653869
volume_ratio,2021_2022,ALL,485,0.0011512297448774533
volume_ratio,2021_2022,U,73,-0.0376578397815252
volume_ratio,2021_2022,R,123,0.04584809959173597
volume_ratio,2021_2022,D,166,-0.013637380291858141
volume_ratio,2021_2022,C,123,0.003185986821736447
volume_ratio,2024,ALL,242,0.06074762203342373
volume_ratio,2024,U,75,-0.03539420162550573
volume_ratio,2024,R,76,0.08772337702954759
volume_ratio,2024,D,58,0.13790345330228873
volume_ratio,2024,C,33,0.047137485810970735
volume_ratio,2025,ALL,243,0.01992668626439795
volume_ratio,2025,U,104,0.03495555887883406
volume_ratio,2025,R,45,0.03505188649099485
volume_ratio,2025,D,50,0.03563624188857717
volume_ratio,2025,C,44,0.1914998609384426
volume_ratio,2026,ALL,169,0.10650750768912592
volume_ratio,2026,U,37,0.11784931124771245
volume_ratio,2026,R,31,0.1381745006756255
volume_ratio,2026,D,58,-0.005045300055396292
volume_ratio,2026,C,43,0.017447789821618598
volume_ratio,original_PT_window,ALL,891,0.037327607744736487
volume_ratio,original_PT_window,U,302,0.0015079299215154918
volume_ratio,original_PT_window,R,229,0.07920336953997278
volume_ratio,original_PT_window,D,222,0.07625302804519117
volume_ratio,original_PT_window,C,138,0.012364128754683075
volume_trend,primary,ALL,654,-0.0048414379682517415
volume_trend,primary,U,216,-0.045040898669465715
volume_trend,primary,R,152,0.018327930935511914
volume_trend,primary,D,166,0.02378937843931368
volume_trend,primary,C,120,-0.02088842668914354
volume_trend,2023,ALL,242,-0.0024585518944998603
volume_trend,2023,U,86,-0.048653903457541836
volume_trend,2023,R,77,0.19803594338463928
volume_trend,2023,D,57,0.04729182260417431
volume_trend,2023,C,22,-0.1293054771315641
volume_trend,2021_2022,ALL,485,-0.04407399789891938
volume_trend,2021_2022,U,73,-0.0573755951370094
volume_trend,2021_2022,R,123,0.02466663452635111
volume_trend,2021_2022,D,166,-0.029647576773563177
volume_trend,2021_2022,C,123,-0.12868669050965684
volume_trend,2024,ALL,242,-0.005078819934769418
volume_trend,2024,U,75,-0.12562771210383916
volume_trend,2024,R,76,0.1210513729575429
volume_trend,2024,D,58,0.09161385629368898
volume_trend,2024,C,33,-0.01070323908748908
volume_trend,2025,ALL,243,-0.060639907201110975
volume_trend,2025,U,104,-0.00788481134892615
volume_trend,2025,R,45,-0.1510938376152369
volume_trend,2025,D,50,-0.13378168275454025
volume_trend,2025,C,44,0.15555947378073665
volume_trend,2026,ALL,169,0.07507430984703421
volume_trend,2026,U,37,0.039957316750687054
volume_trend,2026,R,31,0.07987898141247839
volume_trend,2026,D,58,0.10925313655900554
volume_trend,2026,C,43,-0.10768359517826129
volume_trend,original_PT_window,ALL,891,-0.006541885775064368
volume_trend,original_PT_window,U,302,-0.06057234081112419
volume_trend,original_PT_window,R,229,0.08031180578481141
volume_trend,original_PT_window,D,222,0.016476857057116847
volume_trend,original_PT_window,C,138,-0.0583216126049453
signed_volume5,primary,ALL,654,0.05918685332601426
signed_volume5,primary,U,216,0.045711791826817706
signed_volume5,primary,R,152,0.11317585619291998
signed_volume5,primary,D,166,0.07891609264232693
signed_volume5,primary,C,120,-0.02325351232668155
signed_volume5,2023,ALL,242,0.06466888560548946
signed_volume5,2023,U,86,0.07610116007821217
signed_volume5,2023,R,77,0.08695309321502029
signed_volume5,2023,D,57,-0.006093311961922043
signed_volume5,2023,C,22,-0.1508474817018567
signed_volume5,2021_2022,ALL,485,0.05019512950046979
signed_volume5,2021_2022,U,73,0.07604310525149754
signed_volume5,2021_2022,R,123,0.12899418607160493
signed_volume5,2021_2022,D,166,0.012468443566496292
signed_volume5,2021_2022,C,123,-0.03093270572326011
signed_volume5,2024,ALL,242,0.06799048083630682
signed_volume5,2024,U,75,0.02091202020783361
signed_volume5,2024,R,76,0.16400637168535326
signed_volume5,2024,D,58,0.16327472659797757
signed_volume5,2024,C,33,-0.13080209599667747
signed_volume5,2025,ALL,243,0.04804430589185874
signed_volume5,2025,U,104,0.025826380239623973
signed_volume5,2025,R,45,0.03478833847226557
signed_volume5,2025,D,50,0.057388464943189096
signed_volume5,2025,C,44,0.1205243880032156
signed_volume5,2026,ALL,169,0.07545260508633016
signed_volume5,2026,U,37,0.21305353351321854
signed_volume5,2026,R,31,0.07885449589407185
signed_volume5,2026,D,58,-0.006645642775766036
signed_volume5,2026,C,43,-0.031793981611101016
signed_volume5,original_PT_window,ALL,891,0.060268153705647684
signed_volume5,original_PT_window,U,302,0.045120108454600356
signed_volume5,original_PT_window,R,229,0.09833473117567666
signed_volume5,original_PT_window,D,222,0.0660741080980268
signed_volume5,original_PT_window,C,138,-0.055971504090305
volume_price_corr20,primary,ALL,654,-0.02733294205525736
volume_price_corr20,primary,U,216,-0.023869296009159293
volume_price_corr20,primary,R,152,-0.007417406395765647
volume_price_corr20,primary,D,166,0.10630049507676455
volume_price_corr20,primary,C,120,-0.12034866604367715
volume_price_corr20,2023,ALL,242,-0.03586467703455025
volume_price_corr20,2023,U,86,-0.2583862573480841
volume_price_corr20,2023,R,77,0.02049535947035587
volume_price_corr20,2023,D,57,0.18567562285113948
volume_price_corr20,2023,C,22,0.21380121277018477
volume_price_corr20,2021_2022,ALL,485,0.107192985683695
volume_price_corr20,2021_2022,U,73,0.17513811125211787
volume_price_corr20,2021_2022,R,123,0.001354432386731531
volume_price_corr20,2021_2022,D,166,-0.005407189388792881
volume_price_corr20,2021_2022,C,123,0.1620268930947454
volume_price_corr20,2024,ALL,242,0.0014183385262893904
volume_price_corr20,2024,U,75,-0.002661732807064644
volume_price_corr20,2024,R,76,0.05672643795158807
volume_price_corr20,2024,D,58,0.18747789953750854
volume_price_corr20,2024,C,33,-0.19420071932096686
volume_price_corr20,2025,ALL,243,-0.07443362793398843
volume_price_corr20,2025,U,104,-0.07047085623741187
volume_price_corr20,2025,R,45,-0.059759513246865285
volume_price_corr20,2025,D,50,0.10313592497850922
volume_price_corr20,2025,C,44,0.05843583866560362
volume_price_corr20,2026,ALL,169,0.008546966069189808
volume_price_corr20,2026,U,37,0.11463841617560987
volume_price_corr20,2026,R,31,-0.13555221088178152
volume_price_corr20,2026,D,58,0.07879591508086306
volume_price_corr20,2026,C,43,-0.26975376694290326
volume_price_corr20,original_PT_window,ALL,891,-0.023361047141955152
volume_price_corr20,original_PT_window,U,302,-0.08611521469465118
volume_price_corr20,original_PT_window,R,229,0.0003232787160532665
volume_price_corr20,original_PT_window,D,222,0.13227602942741154
volume_price_corr20,original_PT_window,C,138,-0.030701679360901554
amihud20,primary,ALL,654,0.0023040451977534627
amihud20,primary,U,216,-0.04095328434394947
amihud20,primary,R,152,0.012299625588308294
amihud20,primary,D,166,-0.08744358077936382
amihud20,primary,C,120,0.06767653635903632
amihud20,2023,ALL,242,0.029002124684337327
amihud20,2023,U,86,-0.03107049717134543
amihud20,2023,R,77,0.07204126060955254
amihud20,2023,D,57,-0.12375379945408352
amihud20,2023,C,22,-0.41414508354038865
amihud20,2021_2022,ALL,485,-0.12992881804097162
amihud20,2021_2022,U,73,-0.12497685827990908
amihud20,2021_2022,R,123,-0.2879471668799728
amihud20,2021_2022,D,166,-0.1397009370677404
amihud20,2021_2022,C,123,-0.01877501275131184
amihud20,2024,ALL,242,-0.07314999571368236
amihud20,2024,U,75,-0.3417551053348776
amihud20,2024,R,76,0.04883619515065436
amihud20,2024,D,58,0.05293937501100844
amihud20,2024,C,33,-0.1184343186033151
amihud20,2025,ALL,243,0.08819370701892437
amihud20,2025,U,104,0.10705545244407468
amihud20,2025,R,45,-0.08225939537570397
amihud20,2025,D,50,-0.13177706288897434
amihud20,2025,C,44,0.11581025140861789
amihud20,2026,ALL,169,-0.05144696186803079
amihud20,2026,U,37,0.0910933462457042
amihud20,2026,R,31,0.08670228897777152
amihud20,2026,D,58,-0.19198228182994911
amihud20,2026,C,43,0.1156169776062651
amihud20,original_PT_window,ALL,891,0.013023942230108498
amihud20,original_PT_window,U,302,-0.03573428336952275
amihud20,original_PT_window,R,229,0.031952677939547036
amihud20,original_PT_window,D,222,-0.08222930841906083
amihud20,original_PT_window,C,138,-0.00033335883039608383
atr20,primary,ALL,654,-0.07379797484393269
atr20,primary,U,216,-0.06734404503269086
atr20,primary,R,152,-0.0713651669166767
atr20,primary,D,166,-0.05754610513667213
atr20,primary,C,120,-0.05196983580506769
atr20,2023,ALL,242,-0.09931577400807923
atr20,2023,U,86,-0.08839926280235949
atr20,2023,R,77,0.007467936062831169
atr20,2023,D,57,0.03805819092533665
atr20,2023,C,22,0.07970609955586781
atr20,2021_2022,ALL,485,-0.07321142140800248
atr20,2021_2022,U,73,0.10051461253880775
atr20,2021_2022,R,123,-0.0954472460449129
atr20,2021_2022,D,166,-0.09349802312856305
atr20,2021_2022,C,123,-0.09154934134723469
atr20,2024,ALL,242,-0.0426121503683863
atr20,2024,U,75,-0.14863452003872143
atr20,2024,R,76,-0.0004375051296301815
atr20,2024,D,58,0.12528460077655235
atr20,2024,C,33,-0.15110740132311187
atr20,2025,ALL,243,-0.16118254325920173
atr20,2025,U,104,-0.06322950913417463
atr20,2025,R,45,-0.2576521479953825
atr20,2025,D,50,-0.29482369577254985
atr20,2025,C,44,-0.12357689811454504
atr20,2026,ALL,169,0.00020637166362760567
atr20,2026,U,37,0.039178486648577746
atr20,2026,R,31,-0.040544634504818586
atr20,2026,D,58,-0.061505801684800354
atr20,2026,C,43,0.19327795443989917
atr20,original_PT_window,ALL,891,-0.07688198797893027
atr20,original_PT_window,U,302,-0.07799510948459516
atr20,original_PT_window,R,229,-0.06383781903908509
atr20,original_PT_window,D,222,-0.03149532040387833
atr20,original_PT_window,C,138,-0.012122374607436637
rv5_20,primary,ALL,654,-0.03992711300919722
rv5_20,primary,U,216,-0.1213345077163944
rv5_20,primary,R,152,0.057808861110783254
rv5_20,primary,D,166,-0.0020923068069943953
rv5_20,primary,C,120,-0.0637195493372232
rv5_20,2023,ALL,242,0.07825434411072754
rv5_20,2023,U,86,0.11919330139525237
rv5_20,2023,R,77,0.1442281156978809
rv5_20,2023,D,57,0.03500526722143843
rv5_20,2023,C,22,0.1271186643554972
rv5_20,2021_2022,ALL,485,-0.09670343016721941
rv5_20,2021_2022,U,73,-0.008639708768775166
rv5_20,2021_2022,R,123,-0.05749867391078816
rv5_20,2021_2022,D,166,-0.1978346747978145
rv5_20,2021_2022,C,123,-0.06942131182119365
rv5_20,2024,ALL,242,-0.0017366811234275385
rv5_20,2024,U,75,-0.10244409102937804
rv5_20,2024,R,76,0.10468462720863202
rv5_20,2024,D,58,-0.05350357771785712
rv5_20,2024,C,33,-0.017552658954946836
rv5_20,2025,ALL,243,-0.09266613676155937
rv5_20,2025,U,104,-0.19271336395683222
rv5_20,2025,R,45,-0.09231986172417671
rv5_20,2025,D,50,0.05076361593367156
rv5_20,2025,C,44,0.06449339307175989
rv5_20,2026,ALL,169,0.0014047850981989117
rv5_20,2026,U,37,0.07945449839457842
rv5_20,2026,R,31,0.18977514229238265
rv5_20,2026,D,58,-0.021780929507442523
rv5_20,2026,C,43,-0.23503644943369825
rv5_20,original_PT_window,ALL,891,-0.007416160336080278
rv5_20,original_PT_window,U,302,-0.0512533736773955
rv5_20,original_PT_window,R,229,0.08598773857432178
rv5_20,original_PT_window,D,222,-0.013098044214660206
rv5_20,original_PT_window,C,138,-0.014158471691589264
downside_share20,primary,ALL,654,0.01971324643171892
downside_share20,primary,U,216,0.0183862847590956
downside_share20,primary,R,152,0.04412382945398613
downside_share20,primary,D,166,-0.06157259249981991
downside_share20,primary,C,120,0.04273274257425974
downside_share20,2023,ALL,242,0.06961979370372685
downside_share20,2023,U,86,0.19916641171983443
downside_share20,2023,R,77,0.08397859840288609
downside_share20,2023,D,57,-0.18045381216496265
downside_share20,2023,C,22,-0.44450721908098745
downside_share20,2021_2022,ALL,485,-0.02833673464844871
downside_share20,2021_2022,U,73,-0.02764962793429105
downside_share20,2021_2022,R,123,0.04182192559263786
downside_share20,2021_2022,D,166,0.05067896011232142
downside_share20,2021_2022,C,123,-0.021831772881486626
downside_share20,2024,ALL,242,-0.022943602739116557
downside_share20,2024,U,75,-0.23466470405468648
downside_share20,2024,R,76,-0.04143760047787251
downside_share20,2024,D,58,-0.08662872014953427
downside_share20,2024,C,33,0.05768266901846447
downside_share20,2025,ALL,243,0.0731597569975269
downside_share20,2025,U,104,0.10019692126537615
downside_share20,2025,R,45,0.07282914055047766
downside_share20,2025,D,50,0.05239902118693353
downside_share20,2025,C,44,-0.1066544522872068
downside_share20,2026,ALL,169,-0.029197152934778443
downside_share20,2026,U,37,-0.09675124768118883
downside_share20,2026,R,31,0.27208554049136197
downside_share20,2026,D,58,-0.19047620240251215
downside_share20,2026,C,43,0.15346852996441995
downside_share20,original_PT_window,ALL,891,0.03458652837571815
downside_share20,original_PT_window,U,302,0.09276823844097419
downside_share20,original_PT_window,R,229,0.05560478803882484
downside_share20,original_PT_window,D,222,-0.1091400830290805
downside_share20,original_PT_window,C,138,0.010204186505675686
range_expansion,primary,ALL,654,0.04086036144811087
range_expansion,primary,U,216,0.020452296446602604
range_expansion,primary,R,152,0.05735121622477213
range_expansion,primary,D,166,0.046166903489480465
range_expansion,primary,C,120,0.06685441840630615
range_expansion,2023,ALL,242,-0.0013840162430864748
range_expansion,2023,U,86,-0.003424996829361059
range_expansion,2023,R,77,-0.036442516650041036
range_expansion,2023,D,57,0.23889402496303128
range_expansion,2023,C,22,0.016374929418407683
range_expansion,2021_2022,ALL,485,-0.047387457204928186
range_expansion,2021_2022,U,73,-0.08251049186521638
range_expansion,2021_2022,R,123,0.05081471886696541
range_expansion,2021_2022,D,166,-0.06725442693354071
range_expansion,2021_2022,C,123,-0.10472735491630587
range_expansion,2024,ALL,242,0.05334523301164602
range_expansion,2024,U,75,0.1379511480244355
range_expansion,2024,R,76,0.04765908591698711
range_expansion,2024,D,58,-0.07887653261909974
range_expansion,2024,C,33,0.20392813010419966
range_expansion,2025,ALL,243,-0.008728398282847941
range_expansion,2025,U,104,-0.03195544382202427
range_expansion,2025,R,45,-0.06897914847399916
range_expansion,2025,D,50,0.010277097487734282
range_expansion,2025,C,44,0.13834660686976782
range_expansion,2026,ALL,169,0.1027407904836586
range_expansion,2026,U,37,-0.026789947842579417
range_expansion,2026,R,31,0.2506301051148139
range_expansion,2026,D,58,0.1813958522746704
range_expansion,2026,C,43,-0.022125731688099965
range_expansion,original_PT_window,ALL,891,0.028360217551779743
range_expansion,original_PT_window,U,302,0.008158319769249908
range_expansion,original_PT_window,R,229,0.027939886210824758
range_expansion,original_PT_window,D,222,0.09083876724101704
range_expansion,original_PT_window,C,138,0.034004224002759716
body,primary,ALL,653,0.08857048004192598
body,primary,U,216,0.007203139184113998
body,primary,R,152,0.10918177743661951
body,primary,D,165,0.09760300277790804
body,primary,C,120,0.17883844086383457
body,2023,ALL,241,-0.07817765510592918
body,2023,U,86,-0.1185894566007225
body,2023,R,77,-0.059851587098534324
body,2023,D,56,-0.08592815439780405
body,2023,C,22,0.02766798418972332
body,2021_2022,ALL,485,0.06745661931337367
body,2021_2022,U,73,0.16147793921520207
body,2021_2022,R,123,0.013840160984461511
body,2021_2022,D,166,0.08211118698968116
body,2021_2022,C,123,0.07280642360132876
body,2024,ALL,242,0.05583173511773576
body,2024,U,75,-0.09803321889567798
body,2024,R,76,0.16316124052454073
body,2024,D,58,0.01165884797057548
body,2024,C,33,0.05348040463228003
body,2025,ALL,242,0.12032929582198146
body,2025,U,104,0.022800503616351293
body,2025,R,45,0.060871570242844925
body,2025,D,49,0.18842798126471155
body,2025,C,44,0.3753744250458663
body,2026,ALL,169,0.10374654102062499
body,2026,U,37,0.1797912915773224
body,2026,R,31,-0.030248034492803375
body,2026,D,58,0.058417288380271326
body,2026,C,43,0.10238598610691634
body,original_PT_window,ALL,889,0.037457032964775934
body,original_PT_window,U,302,-0.03530770453415796
body,original_PT_window,R,229,0.06022392484430167
body,original_PT_window,D,220,0.03614112259151829
body,original_PT_window,C,138,0.14301778278210156
clv,primary,ALL,654,0.1325185566726972
clv,primary,U,216,0.11318031579049666
clv,primary,R,152,0.14373991365030556
clv,primary,D,166,0.04942472497992618
clv,primary,C,120,0.22223264020554448
clv,2023,ALL,242,-0.03582406139382363
clv,2023,U,86,-0.041157350207143624
clv,2023,R,77,-0.0058103995787496384
clv,2023,D,57,-0.20458633953862906
clv,2023,C,22,0.3721061547148504
clv,2021_2022,ALL,485,0.07887007218877487
clv,2021_2022,U,73,0.12323166888130363
clv,2021_2022,R,123,0.06165311226550828
clv,2021_2022,D,166,0.09348652071468369
clv,2021_2022,C,123,0.07132008431188128
clv,2024,ALL,242,0.11846459625830816
clv,2024,U,75,0.06485525302699613
clv,2024,R,76,0.24719731024872532
clv,2024,D,58,-0.07275915712175662
clv,2024,C,33,0.09811131676402711
clv,2025,ALL,243,0.1421250470544743
clv,2025,U,104,0.06475292217160905
clv,2025,R,45,0.10601568369465551
clv,2025,D,50,0.10709311868059555
clv,2025,C,44,0.4218056251225473
clv,2026,ALL,169,0.1468780536744464
clv,2026,U,37,0.3446395074694584
clv,2026,R,31,-0.08951612903225807
clv,2026,D,58,0.07290849543965147
clv,2026,C,43,0.09500075625648693
clv,original_PT_window,ALL,891,0.08330267187026735
clv,original_PT_window,U,302,0.06086200315596798
clv,original_PT_window,R,229,0.09875012807234286
clv,original_PT_window,D,222,-0.0224918134650768
clv,original_PT_window,C,138,0.2176838598299284
upper_shadow,primary,ALL,653,-0.08466616839054907
upper_shadow,primary,U,216,-0.11371240650081697
upper_shadow,primary,R,152,-0.16192918731630357
upper_shadow,primary,D,165,0.05442564880788198
upper_shadow,primary,C,120,-0.128249693195114
upper_shadow,2023,ALL,241,-0.05361320852344615
upper_shadow,2023,U,86,-0.04669925341151683
upper_shadow,2023,R,77,-0.07987222561183716
upper_shadow,2023,D,56,-0.01555156803079779
upper_shadow,2023,C,22,-0.2661017373841742
upper_shadow,2021_2022,ALL,485,0.02987857036070796
upper_shadow,2021_2022,U,73,-0.0653347733425414
upper_shadow,2021_2022,R,123,0.0422262709172875
upper_shadow,2021_2022,D,166,0.11453082836026364
upper_shadow,2021_2022,C,123,-0.045207341485585056
upper_shadow,2024,ALL,242,-0.12543380089345235
upper_shadow,2024,U,75,-0.11115616501379161
upper_shadow,2024,R,76,-0.19807922360247882
upper_shadow,2024,D,58,0.04903785541647371
upper_shadow,2024,C,33,-0.1544246683757086
upper_shadow,2025,ALL,242,-0.037617049210799
upper_shadow,2025,U,104,-0.02892025198688295
upper_shadow,2025,R,45,-0.11590287923939016
upper_shadow,2025,D,49,0.14056839652972655
upper_shadow,2025,C,44,-0.13716299772420187
upper_shadow,2026,ALL,169,-0.09251900599822419
upper_shadow,2026,U,37,-0.3707612150723988
upper_shadow,2026,R,31,-0.20120967741935486
upper_shadow,2026,D,58,0.029285549519756874
upper_shadow,2026,C,43,-0.010722241107048959
upper_shadow,original_PT_window,ALL,889,-0.07575363236243415
upper_shadow,original_PT_window,U,302,-0.08665159924724894
upper_shadow,original_PT_window,R,229,-0.13627646013748304
upper_shadow,original_PT_window,D,220,0.05063528670388419
upper_shadow,original_PT_window,C,138,-0.13321399551558377
lower_shadow,primary,ALL,653,0.052632359229622276
lower_shadow,primary,U,216,0.12757246856194454
lower_shadow,primary,R,152,-0.019150364883419795
lower_shadow,primary,D,165,0.0006465009141052499
lower_shadow,primary,C,120,0.027655370476929602
lower_shadow,2023,ALL,241,0.04476415199649934
lower_shadow,2023,U,86,0.06690601016940562
lower_shadow,2023,R,77,0.04280211916542771
lower_shadow,2023,D,56,-0.17228886848300365
lower_shadow,2023,C,22,0.5377012357879288
lower_shadow,2021_2022,ALL,485,0.054812881514421014
lower_shadow,2021_2022,U,73,-0.11423767001327657
lower_shadow,2021_2022,R,123,0.16636812015463107
lower_shadow,2021_2022,D,166,0.11854439473696435
lower_shadow,2021_2022,C,123,-0.03526490603703301
lower_shadow,2024,ALL,242,0.042384149147862704
lower_shadow,2024,U,75,0.20358054835928052
lower_shadow,2024,R,76,0.06685259627746819
lower_shadow,2024,D,58,-0.19992309488329826
lower_shadow,2024,C,33,-0.027243857977063742
lower_shadow,2025,ALL,242,0.05230268743227234
lower_shadow,2025,U,104,0.003360994865967873
lower_shadow,2025,R,45,0.07477189634808333
lower_shadow,2025,D,49,0.023828354280572676
lower_shadow,2025,C,44,0.08781140989982449
lower_shadow,2026,ALL,169,0.05505087832204468
lower_shadow,2026,U,37,0.15307090778972396
lower_shadow,2026,R,31,-0.29968741917798153
lower_shadow,2026,D,58,0.15062298222029608
lower_shadow,2026,C,43,0.06977534498226748
lower_shadow,original_PT_window,ALL,889,0.05083608902745479
lower_shadow,original_PT_window,U,302,0.109346508699137
lower_shadow,original_PT_window,R,229,0.0060406778956002705
lower_shadow,original_PT_window,D,220,-0.04432355400173852
lower_shadow,original_PT_window,C,138,0.10658477558303092
clv3,primary,ALL,654,0.13803831705217195
clv3,primary,U,216,0.13700903305050705
clv3,primary,R,152,0.1454711976654892
clv3,primary,D,166,0.11501605007149315
clv3,primary,C,120,0.16830576070207356
clv3,2023,ALL,242,0.037927415359024295
clv3,2023,U,86,0.11915118538771183
clv3,2023,R,77,-0.0828748535710717
clv3,2023,D,57,0.07014359432174998
clv3,2023,C,22,0.29483198012741474
clv3,2021_2022,ALL,485,0.03462961440685228
clv3,2021_2022,U,73,0.06849896273415482
clv3,2021_2022,R,123,-0.05355901932544618
clv3,2021_2022,D,166,0.07364288975083268
clv3,2021_2022,C,123,0.03407894468489317
clv3,2024,ALL,242,0.13984341515504142
clv3,2024,U,75,0.1698852689264959
clv3,2024,R,76,0.15477582090252756
clv3,2024,D,58,0.045594388922414034
clv3,2024,C,33,0.09443423163828843
clv3,2025,ALL,243,0.12349547357352231
clv3,2025,U,104,0.06051892434836158
clv3,2025,R,45,0.18796323839190027
clv3,2025,D,50,0.14624658067297214
clv3,2025,C,44,0.21926207966911196
clv3,2026,ALL,169,0.16032640124087155
clv3,2026,U,37,0.26721991889033164
clv3,2026,R,31,0.04879524170376909
clv3,2026,D,58,0.09693744191801044
clv3,2026,C,43,0.1706000105925824
clv3,original_PT_window,ALL,891,0.10483238049945276
clv3,original_PT_window,U,302,0.12429226290685583
clv3,original_PT_window,R,229,0.07488072003755167
clv3,original_PT_window,D,222,0.0944366065778908
clv3,original_PT_window,C,138,0.14121023668785013
market_ret1,primary,ALL,654,0.08759659522884909
market_ret1,primary,U,216,0.14158152338271518
market_ret1,primary,R,152,0.04777474113133534
market_ret1,primary,D,166,0.0040271220788888305
market_ret1,primary,C,120,0.10207604093376671
market_ret1,2023,ALL,242,-0.029689401253187225
market_ret1,2023,U,86,-0.2798399749308172
market_ret1,2023,R,77,0.13857520440902038
market_ret1,2023,D,57,-0.004634731324963695
market_ret1,2023,C,22,0.27110986678382964
market_ret1,2021_2022,ALL,485,0.02068041023807849
market_ret1,2021_2022,U,73,0.028232027205867944
market_ret1,2021_2022,R,123,-0.015307891166264258
market_ret1,2021_2022,D,166,-0.07781393219237752
market_ret1,2021_2022,C,123,0.21111881499132235
market_ret1,2024,ALL,242,0.08627298735960807
market_ret1,2024,U,75,0.07703579404583837
market_ret1,2024,R,76,0.02746730670776861
market_ret1,2024,D,58,0.14122894731639057
market_ret1,2024,C,33,0.060565542623565546
market_ret1,2025,ALL,243,0.05348340705994015
market_ret1,2025,U,104,0.13927484491000425
market_ret1,2025,R,45,-0.09269080014251387
market_ret1,2025,D,50,-0.0833713537045124
market_ret1,2025,C,44,0.12517179475806584
market_ret1,2026,ALL,169,0.14156115964377416
market_ret1,2026,U,37,0.32046950533457413
market_ret1,2026,R,31,0.22325301011441828
market_ret1,2026,D,58,-0.09069374011140376
market_ret1,2026,C,43,0.09484972166784386
market_ret1,original_PT_window,ALL,891,0.054585713839075824
market_ret1,original_PT_window,U,302,0.023544281637371534
market_ret1,original_PT_window,R,229,0.0838475226062161
market_ret1,original_PT_window,D,222,-0.006678660618062499
market_ret1,original_PT_window,C,138,0.11431500648546307
market_ret5,primary,ALL,654,0.032354648785897056
market_ret5,primary,U,216,-0.041523558565863115
market_ret5,primary,R,152,0.03599722855509988
market_ret5,primary,D,166,0.055988739629248815
market_ret5,primary,C,120,0.08959712790510112
market_ret5,2023,ALL,242,0.05223740474785517
market_ret5,2023,U,86,0.07774648450119868
market_ret5,2023,R,77,0.11346277769582402
market_ret5,2023,D,57,0.07117045584379841
market_ret5,2023,C,22,-0.23163845504779496
market_ret5,2021_2022,ALL,485,0.027131435381792163
market_ret5,2021_2022,U,73,0.045838862519854556
market_ret5,2021_2022,R,123,-0.028664299784773164
market_ret5,2021_2022,D,166,0.05954335366651846
market_ret5,2021_2022,C,123,0.01784225744642626
market_ret5,2024,ALL,242,0.11610920989652404
market_ret5,2024,U,75,0.07173848108158633
market_ret5,2024,R,76,0.013672128774399508
market_ret5,2024,D,58,0.2742793864975266
market_ret5,2024,C,33,0.1127779761357498
market_ret5,2025,ALL,243,-0.07517935817912502
market_ret5,2025,U,104,-0.12420077227570964
market_ret5,2025,R,45,-0.019500625907000156
market_ret5,2025,D,50,-0.11237304036646144
market_ret5,2025,C,44,-0.02192225069361004
market_ret5,2026,ALL,169,0.07603454770230716
market_ret5,2026,U,37,0.08547717902392596
market_ret5,2026,R,31,0.18176319649101128
market_ret5,2026,D,58,-0.03150333061001217
market_ret5,2026,C,43,0.12582606836649785
market_ret5,original_PT_window,ALL,891,0.03853133001516828
market_ret5,original_PT_window,U,302,-0.008537347959957404
market_ret5,original_PT_window,R,229,0.0747549751953715
market_ret5,original_PT_window,D,222,0.0613654630347418
market_ret5,original_PT_window,C,138,0.035040649906596166
relative_ret5,primary,ALL,654,0.031163729592198167
relative_ret5,primary,U,216,-0.04374781748065169
relative_ret5,primary,R,152,0.0890064883926795
relative_ret5,primary,D,166,0.08839274594454884
relative_ret5,primary,C,120,-0.010591951200482052
relative_ret5,2023,ALL,242,0.05874479163523326
relative_ret5,2023,U,86,0.0415180203611898
relative_ret5,2023,R,77,0.023930208899176915
relative_ret5,2023,D,57,0.07786314181458756
relative_ret5,2023,C,22,-0.048022606534298955
relative_ret5,2021_2022,ALL,485,0.039506798067788285
relative_ret5,2021_2022,U,73,-0.02145942614391383
relative_ret5,2021_2022,R,123,0.15820540826266383
relative_ret5,2021_2022,D,166,0.04737608807135748
relative_ret5,2021_2022,C,123,-0.05213378659953305
relative_ret5,2024,ALL,242,0.026855369644444963
relative_ret5,2024,U,75,0.00566201473793187
relative_ret5,2024,R,76,0.0761411262840188
relative_ret5,2024,D,58,0.09749269416995879
relative_ret5,2024,C,33,-0.3454561247057968
relative_ret5,2025,ALL,243,0.02220183845401813
relative_ret5,2025,U,104,-0.06721142353481421
relative_ret5,2025,R,45,0.10023725576020882
relative_ret5,2025,D,50,0.2330707929291467
relative_ret5,2025,C,44,0.3238538270908291
relative_ret5,2026,ALL,169,0.07662677599381278
relative_ret5,2026,U,37,0.1418153853737037
relative_ret5,2026,R,31,-0.014117173177966829
relative_ret5,2026,D,58,-0.06017443236801917
relative_ret5,2026,C,43,-0.015784902934332566
relative_ret5,original_PT_window,ALL,891,0.04218105250128626
relative_ret5,original_PT_window,U,302,-0.008616493198372554
relative_ret5,original_PT_window,R,229,0.06790263349762461
relative_ret5,original_PT_window,D,222,0.0937534277336822
relative_ret5,original_PT_window,C,138,-0.02871978015076081
beta_residual1,primary,ALL,654,0.049510474286084474
beta_residual1,primary,U,216,-0.02207848310002736
beta_residual1,primary,R,152,0.07104448850686444
beta_residual1,primary,D,166,0.08338881095956309
beta_residual1,primary,C,120,0.11995006301634745
beta_residual1,2023,ALL,242,-0.06521123853604989
beta_residual1,2023,U,86,0.013325343749401922
beta_residual1,2023,R,77,-0.09851646918796537
beta_residual1,2023,D,57,-0.24400758731600194
beta_residual1,2023,C,22,-0.031055900621118016
beta_residual1,2021_2022,ALL,485,0.11427445164848046
beta_residual1,2021_2022,U,73,0.1533322553235318
beta_residual1,2021_2022,R,123,0.0754727935772988
beta_residual1,2021_2022,D,166,0.19913907734017877
beta_residual1,2021_2022,C,123,0.00805528415596393
beta_residual1,2024,ALL,242,0.06089106013629756
beta_residual1,2024,U,75,-0.0022194084694662918
beta_residual1,2024,R,76,0.12024308427581544
beta_residual1,2024,D,58,-0.017445886044567788
beta_residual1,2024,C,33,0.1006436600485997
beta_residual1,2025,ALL,243,0.047507953630463506
beta_residual1,2025,U,104,-0.052703319255770806
beta_residual1,2025,R,45,0.0849942360401943
beta_residual1,2025,D,50,0.11487021904127169
beta_residual1,2025,C,44,0.21009232556229132
beta_residual1,2026,ALL,169,0.05486522693537936
beta_residual1,2026,U,37,0.039122703298052106
beta_residual1,2026,R,31,-0.13247303222882761
beta_residual1,2026,D,58,0.1300375320864417
beta_residual1,2026,C,43,0.036473475786185275
beta_residual1,original_PT_window,ALL,891,0.009728277023326732
beta_residual1,original_PT_window,U,302,-0.020277452626146848
beta_residual1,original_PT_window,R,229,0.00015739092819442077
beta_residual1,original_PT_window,D,222,-0.0016913490853877119
beta_residual1,original_PT_window,C,138,0.09785897123315744
prev_late_return,primary,ALL,651,0.05443379490358836
prev_late_return,primary,U,213,0.06870289440115313
prev_late_return,primary,R,152,0.027913803300353535
prev_late_return,primary,D,166,0.028677455369298686
prev_late_return,primary,C,120,0.11037493101572167
prev_late_return,2023,ALL,241,0.08927608078323718
prev_late_return,2023,U,86,0.06384805563374406
prev_late_return,2023,R,77,0.0
prev_late_return,2023,D,56,0.34473801322842157
prev_late_return,2023,C,22,0.15362892451083685
prev_late_return,2021_2022,ALL,485,0.05147346603038074
prev_late_return,2021_2022,U,73,0.04572662767114349
prev_late_return,2021_2022,R,123,0.1297083073486429
prev_late_return,2021_2022,D,166,0.0424975929202593
prev_late_return,2021_2022,C,123,-0.05027313249747759
prev_late_return,2024,ALL,242,0.09606641917658319
prev_late_return,2024,U,75,0.09591214022383376
prev_late_return,2024,R,76,0.10152575775161961
prev_late_return,2024,D,58,0.21627109383802393
prev_late_return,2024,C,33,0.03643961669075043
prev_late_return,2025,ALL,240,0.06726249331827845
prev_late_return,2025,U,101,0.07239813747052176
prev_late_return,2025,R,45,-0.07227090074317288
prev_late_return,2025,D,50,0.002785782981390021
prev_late_return,2025,C,44,0.2361233516834924
prev_late_return,2026,ALL,169,-0.024400598474802204
prev_late_return,2026,U,37,0.05050984253944416
prev_late_return,2026,R,31,-0.010890390737288697
prev_late_return,2026,D,58,-0.20178123819112362
prev_late_return,2026,C,43,0.05972966867440468
prev_late_return,original_PT_window,ALL,887,0.06278988755148993
prev_late_return,original_PT_window,U,299,0.05861579479915194
prev_late_return,original_PT_window,R,229,0.021663396939383357
prev_late_return,original_PT_window,D,221,0.10938847163958362
prev_late_return,original_PT_window,C,138,0.11186317231934063
prev_am_return,primary,ALL,651,0.019167567206927714
prev_am_return,primary,U,213,-0.06672095476384524
prev_am_return,primary,R,152,0.06772722188320328
prev_am_return,primary,D,166,0.07116397190418033
prev_am_return,primary,C,120,0.0849244809200494
prev_am_return,2023,ALL,241,-0.14159067086903898
prev_am_return,2023,U,86,-0.1863456030575566
prev_am_return,2023,R,77,-0.10705740235512053
prev_am_return,2023,D,56,-0.20197221274875432
prev_am_return,2023,C,22,-0.1236589497459063
prev_am_return,2021_2022,ALL,485,0.05389019212473381
prev_am_return,2021_2022,U,73,0.07942238301175054
prev_am_return,2021_2022,R,123,0.029050841414519128
prev_am_return,2021_2022,D,166,0.04191128584424582
prev_am_return,2021_2022,C,123,0.08891225045911
prev_am_return,2024,ALL,242,-0.006873490936064072
prev_am_return,2024,U,75,-0.18522602089997497
prev_am_return,2024,R,76,0.1286745621519926
prev_am_return,2024,D,58,-0.06651591462310676
prev_am_return,2024,C,33,0.12366310160427807
prev_am_return,2025,ALL,240,0.06429443230570142
prev_am_return,2025,U,101,-0.04021771740760453
prev_am_return,2025,R,45,-0.006588266329894858
prev_am_return,2025,D,50,0.3755462726826265
prev_am_return,2025,C,44,0.1778137998636904
prev_am_return,2026,ALL,169,-0.0020810205714514355
prev_am_return,2026,U,37,0.03592814529116406
prev_am_return,2026,R,31,-0.09799374986789988
prev_am_return,2026,D,58,-0.037349824399838846
prev_am_return,2026,C,43,-0.03693074635987033
prev_am_return,original_PT_window,ALL,887,-0.03233374244791431
prev_am_return,original_PT_window,U,299,-0.10917921317098124
prev_am_return,original_PT_window,R,229,0.0042549651467055786
prev_am_return,original_PT_window,D,221,0.0009989363024931325
prev_am_return,original_PT_window,C,138,0.051787871121474184
prev_pm_minus_am,primary,ALL,651,0.03440616326477575
prev_pm_minus_am,primary,U,213,0.12907652269374525
prev_pm_minus_am,primary,R,152,-0.035447008894964514
prev_pm_minus_am,primary,D,166,-0.04583748445122746
prev_pm_minus_am,primary,C,120,-0.00928911368369886
prev_pm_minus_am,2023,ALL,241,0.11780329717988945
prev_pm_minus_am,2023,U,86,0.16485399283562246
prev_pm_minus_am,2023,R,77,0.07040790855344928
prev_pm_minus_am,2023,D,56,0.16280977848453043
prev_pm_minus_am,2023,C,22,0.2648221343873518
prev_pm_minus_am,2021_2022,ALL,485,0.023722718101097343
prev_pm_minus_am,2021_2022,U,73,0.017370913765692022
prev_pm_minus_am,2021_2022,R,123,0.03952810069801949
prev_pm_minus_am,2021_2022,D,166,0.04872875246261455
prev_pm_minus_am,2021_2022,C,123,-0.0073457331599728155
prev_pm_minus_am,2024,ALL,242,0.02139573106779385
prev_pm_minus_am,2024,U,75,0.1660940524154546
prev_pm_minus_am,2024,R,76,-0.10424499306603027
prev_pm_minus_am,2024,D,58,0.028118318601415913
prev_pm_minus_am,2024,C,33,-0.1788549993536833
prev_pm_minus_am,2025,ALL,240,0.008728556225394287
prev_pm_minus_am,2025,U,101,0.1247502839866173
prev_pm_minus_am,2025,R,45,0.018182417085525107
prev_pm_minus_am,2025,D,50,-0.37170436707973525
prev_pm_minus_am,2025,C,44,0.01014942214763921
prev_pm_minus_am,2026,ALL,169,0.0814403981369792
prev_pm_minus_am,2026,U,37,0.0928220024154427
prev_pm_minus_am,2026,R,31,0.12042361591729696
prev_pm_minus_am,2026,D,58,0.06866213443948849
prev_pm_minus_am,2026,C,43,0.09129696112939543
prev_pm_minus_am,original_PT_window,ALL,887,0.06043497089683139
prev_pm_minus_am,original_PT_window,U,299,0.13608375947204596
prev_pm_minus_am,original_PT_window,R,229,0.013993389776279919
prev_pm_minus_am,original_PT_window,D,221,0.008166006178603373
prev_pm_minus_am,original_PT_window,C,138,0.016416368426411195
us_NASDAQCOM,primary,ALL,654,0.021892737632061003
us_NASDAQCOM,primary,U,216,0.014258789171470377
us_NASDAQCOM,primary,R,152,-0.006467294036422401
us_NASDAQCOM,primary,D,166,0.0448420905369284
us_NASDAQCOM,primary,C,120,0.052690156725429635
us_NASDAQCOM,2023,ALL,242,-0.09344796490029797
us_NASDAQCOM,2023,U,86,-0.22915831372785356
us_NASDAQCOM,2023,R,77,-0.09287803653476773
us_NASDAQCOM,2023,D,57,0.08696215921770307
us_NASDAQCOM,2023,C,22,0.075727633877129
us_NASDAQCOM,2021_2022,ALL,485,-0.006790784211272639
us_NASDAQCOM,2021_2022,U,73,-0.10123496811627992
us_NASDAQCOM,2021_2022,R,123,-0.05218944809760331
us_NASDAQCOM,2021_2022,D,166,0.02569679387565386
us_NASDAQCOM,2021_2022,C,123,0.07614705088146184
us_NASDAQCOM,2024,ALL,242,0.021511563053213723
us_NASDAQCOM,2024,U,75,0.05805368655442273
us_NASDAQCOM,2024,R,76,-0.09513914066031977
us_NASDAQCOM,2024,D,58,0.0775005397323144
us_NASDAQCOM,2024,C,33,0.018218285395705202
us_NASDAQCOM,2025,ALL,243,0.0011453647232027584
us_NASDAQCOM,2025,U,104,-0.045062923859525844
us_NASDAQCOM,2025,R,45,-0.06521953954590527
us_NASDAQCOM,2025,D,50,0.07668851595285969
us_NASDAQCOM,2025,C,44,0.09768130265995832
us_NASDAQCOM,2026,ALL,169,0.04790825605335562
us_NASDAQCOM,2026,U,37,0.019681072099718575
us_NASDAQCOM,2026,R,31,0.3116935483870968
us_NASDAQCOM,2026,D,58,-0.07810865719599608
us_NASDAQCOM,2026,C,43,0.029601661507628624
us_NASDAQCOM,original_PT_window,ALL,891,-0.00662418586954648
us_NASDAQCOM,original_PT_window,U,302,-0.051904593153114534
us_NASDAQCOM,original_PT_window,R,229,-0.0303712325578322
us_NASDAQCOM,original_PT_window,D,222,0.04603661915998417
us_NASDAQCOM,original_PT_window,C,138,0.045788315269256766
us_NASDAQSOX,primary,ALL,654,0.00637513953374591
us_NASDAQSOX,primary,U,216,0.04353953575797131
us_NASDAQSOX,primary,R,152,-0.06788143699953211
us_NASDAQSOX,primary,D,166,0.06548028986430632
us_NASDAQSOX,primary,C,120,-0.08882962292924482
us_NASDAQSOX,2023,ALL,242,-0.09097925555464086
us_NASDAQSOX,2023,U,86,-0.2435970626733491
us_NASDAQSOX,2023,R,77,-0.1394703806940559
us_NASDAQSOX,2023,D,57,0.13713415291872483
us_NASDAQSOX,2023,C,22,0.05591641002416488
us_NASDAQSOX,2021_2022,ALL,485,0.02428917331003232
us_NASDAQSOX,2021_2022,U,73,-0.0730187138660157
us_NASDAQSOX,2021_2022,R,123,-0.0054754852781232185
us_NASDAQSOX,2021_2022,D,166,0.02657389809578396
us_NASDAQSOX,2021_2022,C,123,0.14176049418246284
us_NASDAQSOX,2024,ALL,242,-0.02662004476385736
us_NASDAQSOX,2024,U,75,-0.02159440085435216
us_NASDAQSOX,2024,R,76,-0.0816466038715568
us_NASDAQSOX,2024,D,58,0.11278091465294392
us_NASDAQSOX,2024,C,33,-0.24866310160427807
us_NASDAQSOX,2025,ALL,243,-0.0034059881424964604
us_NASDAQSOX,2025,U,104,-0.012062044065817148
us_NASDAQSOX,2025,R,45,-0.03222086864585662
us_NASDAQSOX,2025,D,50,0.09955576971742754
us_NASDAQSOX,2025,C,44,-0.06731040382635727
us_NASDAQSOX,2026,ALL,169,0.06917218278508754
us_NASDAQSOX,2026,U,37,0.1647100780140227
us_NASDAQSOX,2026,R,31,-0.10001008216970853
us_NASDAQSOX,2026,D,58,-0.014305931746911282
us_NASDAQSOX,2026,C,43,0.030507834819086643
us_NASDAQSOX,original_PT_window,ALL,891,-0.0183844975489784
us_NASDAQSOX,original_PT_window,U,302,-0.03266632836390331
us_NASDAQSOX,original_PT_window,R,229,-0.08290979735473483
us_NASDAQSOX,original_PT_window,D,222,0.09535376031572348
us_NASDAQSOX,original_PT_window,C,138,-0.0827248442452526
current_gap,primary,ALL,654,-0.011852380427049536
current_gap,primary,U,216,0.06554997363158258
current_gap,primary,R,152,-0.02914290207679138
current_gap,primary,D,166,0.036004352506009855
current_gap,primary,C,120,-0.20168248172004147
current_gap,2023,ALL,242,-0.045682660503258844
current_gap,2023,U,86,-0.14474920089370052
current_gap,2023,R,77,-0.08444686921172515
current_gap,2023,D,57,0.2168092848508747
current_gap,2023,C,22,-0.0999717633765372
current_gap,2021_2022,ALL,485,0.07997215562768441
current_gap,2021_2022,U,73,-0.0012497010853348733
current_gap,2021_2022,R,123,-0.08268932192508442
current_gap,2021_2022,D,166,0.1413983471594067
current_gap,2021_2022,C,123,0.2150689863173565
current_gap,2024,ALL,242,0.019385517053026734
current_gap,2024,U,75,0.05879800587863588
current_gap,2024,R,76,-0.027971836827947273
current_gap,2024,D,58,0.14887169611508677
current_gap,2024,C,33,-0.19020558514048183
current_gap,2025,ALL,243,-0.037285732195038515
current_gap,2025,U,104,0.06850652500084269
current_gap,2025,R,45,-0.06298382611379483
current_gap,2025,D,50,-0.09205282112845137
current_gap,2025,C,44,-0.23110265484892897
current_gap,2026,ALL,169,-0.02550949055955478
current_gap,2026,U,37,0.08264169072768213
current_gap,2026,R,31,0.033474491505369075
current_gap,2026,D,58,-0.0009844639360803663
current_gap,2026,C,43,-0.1512440066015427
current_gap,original_PT_window,ALL,891,-0.01788625099248024
current_gap,original_PT_window,U,302,0.010132072034778727
current_gap,original_PT_window,R,229,-0.052710655277270965
current_gap,original_PT_window,D,222,0.08180384053069399
current_gap,original_PT_window,C,138,-0.2033732674375748
gap_over_atr,primary,ALL,654,-0.01566116063297406
gap_over_atr,primary,U,216,0.06403490521868273
gap_over_atr,primary,R,152,-0.04062927713411485
gap_over_atr,primary,D,166,0.03094361703073235
gap_over_atr,primary,C,120,-0.1967908797558365
gap_over_atr,2023,ALL,242,-0.04180907928261416
gap_over_atr,2023,U,86,-0.144427357142598
gap_over_atr,2023,R,77,-0.021664541494927355
gap_over_atr,2023,D,57,0.17278428760109793
gap_over_atr,2023,C,22,-0.1044607566346697
gap_over_atr,2021_2022,ALL,485,0.0749626338053823
gap_over_atr,2021_2022,U,73,-0.0008022277266148363
gap_over_atr,2021_2022,R,123,-0.10360034291269304
gap_over_atr,2021_2022,D,166,0.14242687417131886
gap_over_atr,2021_2022,C,123,0.22401769813164982
gap_over_atr,2024,ALL,242,0.016204390235141027
gap_over_atr,2024,U,75,0.06812863238385344
gap_over_atr,2024,R,76,-0.03860877186783918
gap_over_atr,2024,D,58,0.1547454249526326
gap_over_atr,2024,C,33,-0.20396223464998608
gap_over_atr,2025,ALL,243,-0.04350527838986109
gap_over_atr,2025,U,104,0.0628559389060849
gap_over_atr,2025,R,45,-0.07405699326292897
gap_over_atr,2025,D,50,-0.13169080223514637
gap_over_atr,2025,C,44,-0.20546255825593449
gap_over_atr,2026,ALL,169,-0.02865230490734301
gap_over_atr,2026,U,37,0.07669966227687282
gap_over_atr,2026,R,31,0.03831031373436415
gap_over_atr,2026,D,58,0.0147981788607835
gap_over_atr,2026,C,43,-0.16423771095680173
gap_over_atr,original_PT_window,ALL,891,-0.02055405520922793
gap_over_atr,original_PT_window,U,302,0.004383258572527472
gap_over_atr,original_PT_window,R,229,-0.036250977791199276
gap_over_atr,original_PT_window,D,222,0.0697335736161013
gap_over_atr,original_PT_window,C,138,-0.20276482994171358
