n,mean_pct,median_pct,win_pct,cash,pf_pct,pf_cash,worst_pct,mdd_cash,clusters,months,delete5_pct,delete5_cash,stress10bp_pct,delayed_n,delayed_pct,delayed_cash,max_cash_loss,month_ci,name,window,direction
25,1.8821658413471365,1.4191128763200147,76.0,25033.391761520143,5.003657189432022,4.582611739861415,-4.6126820117264495,-3574.828559087997,17,13,0.7149480976247846,4957.478742584062,1.7811572091977694,24,1.199245783466256,17809.335262497112,-3574.8285590879987,"[0.5217122823793049, 3.1916860681131354]",PT_U1,primary,pt
6,0.19342979667150648,1.554864462044494,66.66666666666666,97.02134215001593,1.1386212562960754,1.0491866745481435,-4.744503777897002,-1105.4693802500014,3,4,-4.744503777897002,-1105.4693802500014,0.09325952620386942,6,-0.17979319018418316,-473.2693606999842,-1105.4693802500014,,PT_U1,2023,pt
1,-3.004114284736456,-3.004114284736456,0.0,-438.9010969999962,0.0,0.0,-3.004114284736456,-438.9010969999962,1,1,,,-3.1026967419575366,1,-2.2508213309376983,-328.8449964499977,-438.9010969999962,,PT_U1,2021_2022,pt
6,0.5921140902967688,0.17181238552578365,66.66666666666666,940.7751711000153,2.8534662466431953,2.8961663355203626,-1.383951388639742,-496.1459094999909,5,5,-1.383951388639742,-370.3453915999949,0.4917454734485993,6,-0.34105397087693906,-359.8878353999826,-370.3453915999949,,PT_U1,2024,pt
14,2.6392327392374697,2.190465168784279,78.57142857142857,19869.335355371062,8.073888930059297,7.8127434784036565,-3.369841558624988,-1698.4001455469934,9,6,0.5894787534768491,1857.7948122860334,2.5378467748965474,13,1.782355235331681,13115.406120507032,-1698.4001455469938,,PT_U1,2025,pt
5,1.3104406285146455,1.1304619140000025,80.0,4223.281235049068,2.420475793890862,2.181394062748145,-4.6126820117264495,-3574.8285590879987,3,2,,,1.2097205081401952,5,1.5315209138279855,5053.816977390062,-3574.8285590879987,,PT_U1,2026,pt
31,1.5553137036679827,1.4191128763200147,74.19354838709677,25130.413103670162,3.3957518642733153,3.8047390339675555,-4.744503777897002,-3574.828559087997,20,17,0.5945977204817205,5054.500084734078,1.4544673350699182,30,0.9234379887361682,17336.065901797127,-3574.8285590879987,,PT_U1,original_PT_window,pt
14,2.312144320219154,1.8900825753358879,85.71428571428571,10655.04539198002,23.930259626057488,32.434801641416925,-1.2121691377550723,-296.9814387499928,9,9,0.98601349014922,1999.9336195000135,2.210915641893378,14,2.2110699510828593,11135.433790142024,-296.9814387499927,"[1.3220214436407565, 3.598891466989663]",PT_R1,primary,pt
7,0.4993724953824112,-0.1340357622615714,42.857142857142854,736.606190050009,1.9069947437588066,2.4488223772644684,-2.3784160607661677,-360.09219159999776,4,3,-1.6550547960407003,-449.348431899997,0.39903430430062314,7,-0.0013324226354077342,186.32568730000204,-360.09219159999776,,PT_R1,2023,pt
9,0.09601451421640941,-0.1280995548148029,44.44444444444444,145.6692472000112,1.295806129597764,1.4536661129300013,-1.355895427555544,-253.58630074999672,8,8,-0.6982935035509887,-303.8000758999955,-0.0041302475833321734,9,-0.23696219940845184,-204.50925454998622,-152.5382355999987,,PT_R1,2021_2022,pt
9,2.518961811662195,1.6636597459198847,88.88888888888889,5400.355744100018,19.70255197797366,19.18415240639395,-1.2121691377550723,-296.9814387499928,5,5,0.5209733555748932,439.9216981000112,2.4176293876042183,9,2.2939249075336927,4990.146642050012,-296.9814387499927,,PT_R1,2024,pt
4,1.5157045870590444,1.6047831777409505,75.0,2636.740304954993,31.38953115240126,63.816113978639414,-0.1995035171102703,-41.97554000000093,3,3,,,1.4148731057473567,4,1.3034079911522907,2476.660058831995,-41.97554000000088,,PT_R1,2025,pt
1,3.6365458298722175,3.6365458298722175,100.0,2617.949342925009,,,3.6365458298722175,0.0,1,1,,,3.5346620750798983,1,5.096023182747629,3668.6270892600182,0.0,,PT_R1,2026,pt
21,1.7078870452735728,1.625379479927012,71.42857142857143,11391.651582030028,7.8111439670141,14.443472921057822,-2.3784160607661677,-360.09219159999776,13,12,0.7673764770669027,2736.5398095500227,1.6069551960291264,21,1.4736024931767702,11321.759477442027,-360.09219159999776,,PT_R1,original_PT_window,pt
20,0.761685450165654,0.7541499551361894,65.0,3860.810478828079,2.1399082154461557,2.0123610857644962,-3.418863025592392,-1752.5035401389896,13,9,-0.408257895699799,-1649.4105185349579,0.6612308866574679,20,-0.05936837932299084,-701.8727786999158,-1436.1015681449942,"[-0.011909758265709293, 1.7432507545775333]",PT_D1,primary,pt
5,1.2780139166617215,1.423380237708734,80.0,1057.7606637000115,29.95318350904176,33.93935983999855,-0.2207035223367772,-32.11236250000104,2,3,,,1.1772935715970678,5,1.9314970861962493,1638.0564666000084,-32.11236250000109,,PT_D1,2023,pt
6,0.43433778650357185,0.6858187032228207,83.33333333333334,176.97390680000552,1.4823671995675947,1.3412219100815603,-5.402578619270829,-518.6475474499996,5,4,-5.402578619270829,-518.6475474499996,0.3340185643450389,6,0.16338444926588544,66.91780625000706,-518.6475474499996,,PT_D1,2021_2022,pt
8,0.10721025141308083,0.2741310492364998,62.5,24.21701670001994,1.1344220206123876,1.0174745506161438,-3.418863025592392,-1385.8448913499906,5,3,-2.1268390585542893,-1385.8448913499906,0.007079144070355037,8,-0.3328324193057706,-616.1093864999726,-721.3800983999947,,PT_D1,2024,pt
6,1.8070565241305632,0.7541499551361894,66.66666666666666,1794.9509961540136,4.130455984574291,3.657922856058671,-3.253217508905826,-675.3209529999963,4,3,-3.253217508905826,-639.2572404999949,1.7060753158109756,6,-0.11976569718818116,-1376.9217536489873,-639.2572404999949,,PT_D1,2025,pt
6,0.5889479745375089,1.2432669074723512,66.66666666666666,2041.6424659740442,2.0039000343119753,2.1649862149848342,-2.9338132137793544,-1752.5035401389894,4,3,-2.9338132137793544,-1436.1015681449942,0.48858878095344355,6,0.3656476585192392,1291.1583614490442,-1436.1015681449942,,PT_D1,2026,pt
25,0.8649511434648675,0.8341936753775027,68.0,4918.57114252809,2.5917765600500497,2.278952230292071,-3.418863025592392,-1752.5035401389896,15,12,-0.030060748246964718,-591.6498548349466,0.7644434236453879,25,0.3388047137808571,936.1836879000927,-1436.1015681449942,,PT_D1,original_PT_window,pt
13,1.6670121288012776,2.0686076891270377,76.92307692307693,5879.423193126036,4.724438451744586,3.3959115728644296,-2.9215982626458734,-1822.655023317006,10,9,0.29525918165660825,-301.20069900098315,1.5661058196627347,13,0.9881954310545262,2157.0870591780276,-1822.655023317006,"[0.6329707944926407, 3.359536301389636]",PT_C1,primary,pt
2,0.25914478252936113,0.25914478252936113,50.0,81.56608075000798,1.226500996539747,1.2241868437160874,-2.288244082704383,-363.8308091499969,1,1,,,0.1589326277972123,2,-0.3715342067241263,-118.53592024999242,-363.8308091499969,,PT_C1,2023,pt
18,0.71340958020638,0.7657288433361555,77.77777777777779,1434.7472001000165,8.867144131798213,8.821881538372137,-0.7102156933842037,-83.73443024999756,7,7,0.33754244216502516,444.5581843000099,0.612955151525918,18,0.5806861281810156,1194.6247989000226,-83.7344302499976,,PT_C1,2021_2022,pt
4,3.5844410538795572,2.9124723525014073,100.0,2493.1757532500096,,,2.331211463325204,0.0,4,4,,,3.4825683795286473,4,2.280037903405242,1682.7626492000109,0.0,,PT_C1,2024,pt
6,0.10743604326808087,1.0005821471343874,66.66666666666666,-620.9511251419868,1.111736950802684,0.7437618139023688,-2.9215982626458734,-1822.655023317006,3,3,-2.9215982626458734,-1822.655023317006,0.007310786116657586,6,-0.126680967742152,-2192.00922162199,-1822.655023317006,,PT_C1,2025,pt
3,2.2295923997632983,2.0686076891270377,66.66666666666666,4007.1985650180122,135.89301333947927,131.9355787348986,-0.0495857942060835,-30.604352183994706,3,2,,,2.128412473600338,3,1.4954915988469286,2666.333631600007,-30.604352183994763,,PT_C1,2026,pt
14,1.4372028250248783,2.0554695430115943,71.42857142857143,4664.799695869042,3.481945623204494,2.6554929579949653,-2.9215982626458734,-1822.655023317006,10,10,0.07088864955813588,-814.6420314509771,1.3364094725445903,14,0.7874978671155314,1362.761753995038,-1822.655023317006,,PT_C1,original_PT_window,pt
72,1.6156810165899478,1.4290188755534035,75.0,45428.670825454275,4.596276194732876,4.341808860653908,-4.6126820117264495,-3574.828559087997,42,29,1.1212910670659906,25352.7578065182,1.5148019806280062,71,1.0055781850084393,30399.983333117245,-3574.8285590879987,"[0.9809582934677086, 2.3352534792265476]",PT_PT_matrix,primary,pt
20,0.5782272698036625,1.1818535540238628,60.0,1972.9542766500442,1.7848189915440609,1.6857981610616743,-4.744503777897002,-1105.4693802500014,10,9,-0.2807246220386531,-914.9841214999688,0.4778565200453671,20,0.39131654589900206,1232.5768729500342,-1105.4693802500014,,PT_PT_matrix,2023,pt
34,0.39139457370433833,0.5300261051503168,67.64705882352942,1318.489257100037,2.0267873210553438,1.9017965459824384,-5.402578619270829,-532.5239220499947,19,18,0.015611080820207296,-0.6881752999666162,0.2911010336273303,34,0.20732870227175967,728.1883541500459,-518.6475474499996,,PT_PT_matrix,2021_2022,pt
27,1.5340291508727124,1.6636597459198847,77.77777777777779,8858.523685150061,5.355532851254822,5.065459634665355,-3.418863025592392,-1365.6221188999916,17,12,0.686145856794342,3074.6826726000527,1.4331868148076663,27,0.928018244508015,5696.912069350068,-721.3800983999947,,PT_PT_matrix,2024,pt
30,1.8166344033984207,1.0400204016957955,73.33333333333333,23680.07553133808,4.718702988235591,4.909456299531015,-3.369841558624988,-1822.6550233170055,15,11,0.5986753695917622,5668.534988253054,1.7156554627702294,29,0.9277782770461728,12023.13520406805,-1822.655023317006,,PT_PT_matrix,2025,pt
15,1.3607476012640263,1.4389248747867922,73.33333333333333,12890.071608966135,3.494579079827634,3.405790312345269,-4.6126820117264495,-3574.8285590879987,10,6,-0.030684569186094857,-607.5057343769345,1.26000231482017,15,1.2955992333029187,12679.936059699132,-3574.8285590879987,,PT_PT_matrix,2026,pt
91,1.3826919879277195,1.4191128763200147,71.42857142857143,46105.43552409732,3.6724427300956015,3.7992040109479994,-4.744503777897002,-3574.828559087997,51,38,0.9839818511670649,26029.52250516124,1.2819270847311874,90,0.8682653333659565,30956.77082113429,-3574.8285590879987,,PT_PT_matrix,original_PT_window,pt
23,0.8112552102329732,0.777436959612295,60.86956521739131,8706.203697820081,2.0589290436085164,2.4510443853912003,-6.953841041699601,-1769.2447286879653,12,12,-0.2773830949904833,-2274.358570397918,0.7117802198129455,23,1.0162815380999362,10703.93790303408,-1759.3217835499988,"[-0.2060353452688956, 2.027514401630542]",RT_UR_volume,primary,rt
26,-1.74546788230781,-1.6544822116507356,34.61538461538461,-6447.90722509996,0.29809891621545365,0.26790042053613616,-10.90774674562256,-6790.395187699967,4,5,-2.8746890003442753,-8369.265750599965,-1.8461502282529993,26,-1.1249993226213124,-4361.012094649966,-1121.316365449999,,RT_UR_volume,2023,rt
15,0.3132621807636237,0.0970579701195357,53.333333333333336,748.1337812500153,1.449932116733558,1.5696409482629026,-4.332462471166447,-661.1337730999998,9,10,-0.9250653291976281,-1186.9053342999925,0.2136139788946738,15,0.32293198761818315,688.224350950027,-661.1337730999998,,RT_UR_volume,2021_2022,rt
9,0.6690442509096531,0.8073696187253275,66.66666666666666,1382.586073950027,1.5833321777068057,1.5489835084014334,-6.953841041699601,-1759.3217835499988,5,5,-2.3862451259739235,-2375.300738499992,0.5695014174764771,9,0.6420785483897061,1292.6769510000213,-1759.3217835499988,,RT_UR_volume,2024,rt
9,0.40095643536521686,0.7265464680488039,55.55555555555556,854.9127892000408,1.800060074057188,1.57739051613308,-2.34097114972114,-771.9422258999934,4,4,-1.1276052996830992,-1480.6491712499762,0.30127600555446227,9,1.023280069317827,3471.9492263950324,-545.6803749999976,,RT_UR_volume,2025,rt
5,1.8057727317769117,2.165855526381241,60.0,6468.704834670013,4.2388551100520715,4.2329617499508885,-1.583364860164202,-1060.5377833379823,3,3,,,1.7067896496838586,5,1.6772495633861468,5939.311725639027,-1060.5377833379823,,RT_UR_volume,2026,rt
49,-0.5453733694825442,-0.5474111018884396,46.93877551020408,2258.296472720121,0.6752016746105403,1.1525115999168472,-10.90774674562256,-6790.395187699967,16,17,-1.1885640098480048,-8722.265795497879,-0.6454889975281681,49,-0.11990830636439985,6342.925808384116,-1759.3217835499988,,RT_UR_volume,original_PT_window,rt
15,1.211148507524483,1.4106470517625915,73.33333333333333,5177.304172437052,5.439498134242947,4.096506688280085,-2.068958700737071,-1237.8579906509894,10,9,0.205373591270326,-197.40581175697088,1.111874798680851,15,0.9097118299249972,3808.730829423046,-1237.8579906509894,"[0.26533414864616645, 2.343396174338847]",RT_R_deceleration,primary,rt
13,-0.19692553734467483,0.0743095267807945,53.84615384615385,-196.56247334997994,0.795446403634491,0.8975592546126371,-4.985498845117839,-1007.477204349994,3,4,-1.4744759594227668,-1844.3728277499888,-0.2968367770900682,13,0.43136932956440227,1111.4600882000345,-740.3465784999989,,RT_R_deceleration,2023,rt
16,-0.4639569094049899,-0.3879018900797882,31.25,-853.9004466499816,0.28374823137051886,0.2856381227825524,-2.4348729769618367,-904.8367770499814,7,7,-0.9421916192560005,-1195.3331691999845,-0.5639926933204223,16,-0.25348452696317614,-514.4136749499797,-338.20385649999906,,RT_R_deceleration,2021_2022,rt
9,1.7523790449131278,1.4668506262921408,88.88888888888889,3971.5869144500257,11.51710687367368,13.301151516148735,-1.4995960004644429,-322.8630188999946,6,5,0.3534755521334636,375.01270030000603,1.6533765547126782,9,1.386826533943736,3072.4956849500263,-322.8630188999946,,RT_R_deceleration,2024,rt
5,-0.16540338442454705,-0.0456237770988132,40.0,-898.7927764069782,0.6810067605690784,0.33379291771975905,-2.068958700737071,-1237.8579906509894,3,3,,,-0.2653650473983131,5,-0.5799792979329205,-1917.6450974059762,-1237.8579906509894,,RT_R_deceleration,2025,rt
1,3.22283313077183,3.22283313077183,100.0,2104.510034394005,,,3.22283313077183,0.0,1,1,,,3.124558224790225,1,4.064135133045935,2653.880241878996,0.0,,RT_R_deceleration,2026,rt
28,0.5573998438352313,0.6769585258146529,64.28571428571429,4980.741699087072,1.9397738978838057,2.387094119667195,-4.985498845117839,-1237.8579906509894,13,13,-0.0878394977605904,-506.06893565694776,0.4578301385014956,28,0.6876242404718637,4920.19091762308,-1237.8579906509894,,RT_R_deceleration,original_PT_window,rt
654,0.21989924785540438,-0.10998986366487085,48.62385321100918,40694.60562051965,1.203643951560964,1.138182193115426,-8.464638457150821,-21429.77732568878,1,33,0.13403094085311332,10005.25864719064,0.11971874275617587,651,0.1311055152270716,26602.655834929657,-6082.760162564991,"[-0.03466584988254052, 0.49888263271468136]",PT_unconditional,primary,pt
242,0.11818150894383313,-0.34636648725197117,43.388429752066116,2652.9214104005023,1.1018440103855414,1.0521488834088246,-11.579930701011715,-10676.893632999738,1,12,-0.08206405026522302,-6022.126959349516,0.018038821691756815,241,0.07418677382849113,3164.822650300467,-2174.71098565,,PT_unconditional,2023,pt
485,-0.30955112549803576,-0.3019499999999636,39.381443298969074,-17336.420912499412,0.557186915925214,0.5543479083081693,-6.336124398976109,-19475.078165499435,1,24,-0.3573450329526882,-20204.05176279942,-0.4094930468268956,485,-0.3269910367659319,-17896.70651529938,-928.24222445,,PT_unconditional,2021_2022,pt
242,0.15079459107132462,-0.4381227081802064,43.80165289256198,4087.3006283005616,1.137908074551722,1.0685032324952985,-6.616509748118867,-8120.8508591997315,1,12,-0.041757273512236875,-5327.500194949447,0.05064460702670946,242,0.0962359938945161,2896.693722350584,-1758.6682910499949,,PT_unconditional,2024,pt
243,0.45507970592058017,0.1484225832080536,53.086419753086425,44549.06961056096,1.4582793325717265,1.428278532918387,-8.464638457150821,-13613.047410212945,1,12,0.237918333089219,19408.173158624937,0.3547814607702648,240,0.23110428963736665,23402.408035872933,-6082.760162564991,,PT_unconditional,2025,pt
169,-0.01930503834631404,-0.0387882765751092,49.112426035502956,-7941.764618341885,0.9837106265489337,0.9392900662399306,-7.467996327810795,-21429.77732568876,1,9,-0.3015821572264527,-37763.705705056884,-0.1193599532846095,169,0.03902692530995689,303.5540767061302,-5526.317282579988,,PT_unconditional,2026,pt
891,0.1916287108323203,-0.1790550000000127,47.13804713804714,42347.612281054106,1.1736202224777257,1.1234624450775088,-11.579930701011715,-21429.77732568878,1,45,0.1285701510923628,11658.265307725233,0.0914587658894585,887,0.11812562904307675,30828.89340912612,-6082.760162564991,,PT_unconditional,original_PT_window,pt
654,-0.6024282179441639,-0.284612086036379,45.412844036697244,-133261.92975551414,0.5978757517904338,0.6529948765409168,-12.332728137168736,-136408.69907645448,1,33,-0.6650152387515675,-159670.70560309512,-0.7026088765011063,651,-0.5138008993792559,-118741.01996142427,-7030.109121084007,"[-0.8806597953455312, -0.35202576988980533]",RT_unconditional,primary,rt
242,-0.6182521404498512,-0.1769197536597285,47.93388429752066,-22493.235640399576,0.5939464895848603,0.643429979581422,-10.90774674562256,-24418.96291614976,1,12,-0.7886144945236497,-30335.105610949595,-0.7183950252955775,241,-0.574585386439669,-22941.799172799583,-2020.477359799996,,RT_unconditional,2023,rt
485,-0.2772199355396541,-0.2908388888888888,40.824742268041234,-14337.920147499384,0.5924155482700721,0.6142541138113311,-5.552225427361832,-14600.75066024939,1,24,-0.3300216720876253,-17318.5671882994,-0.377161848619939,485,-0.259815226219394,-13778.765464699409,-739.5993634999982,,RT_unconditional,2021_2022,rt
242,-0.5493237546948151,0.0527184701029188,50.82644628099173,-25225.373183299358,0.6166201018389167,0.6573217306632825,-11.124780081111952,-29934.51526094946,1,12,-0.6740964751980713,-32187.409889349357,-0.6494738297775637,242,-0.4948480306803395,-24036.574779849405,-2187.0790907,,RT_unconditional,2024,rt
243,-0.838457905978554,-0.5531564553884558,40.74074074074074,-78280.24264005882,0.49549047189951884,0.533276518971412,-12.332728137168736,-81999.10308659288,1,12,-1.0059695908262039,-101767.92426912882,-0.9387564294950067,240,-0.6149344396038041,-56717.56668637086,-5919.709505840993,,RT_unconditional,2025,rt
169,-0.33909132986123836,-0.3195731659275936,44.37869822485207,-29756.313932155965,0.749939630331979,0.7914751197131981,-11.91543918827798,-34023.931948241516,1,9,-0.5530633531700553,-54136.311172064,-0.43914630803707955,169,-0.3973189145937306,-37986.878495204,-7030.109121084007,,RT_unconditional,2026,rt
891,-0.6062144410583052,-0.24535277777775,46.12794612794613,-153595.8695210478,0.5974739630467497,0.6533217778364077,-12.332728137168736,-157156.81590955393,1,45,-0.6591217007833947,-180004.6453686288,-0.7063845511666067,887,-0.5329281571248912,-141581.16440011992,-7030.109121084007,,RT_unconditional,original_PT_window,rt
