window,label,stage,n,previous20_mean_pct,day_mean_log_bp,day_linked_pct,night_mean_log_bp,night_linked_pct,intraday_mean_log_bp,intraday_linked_pct,raw_night_mean_log_bp,raw_night_linked_pct,action_mean_log_bp,action_linked_pct,daily_down_pct,intraday_down_pct,night_down_pct,rt_net_mean_pct,pt_net_mean_pct,gross_rt_arith_mean_pct,remove5_worst_daily_mean_log_bp
primary,stage,ALL,654,6.490576710104088,23.055844698335303,351.70189109057407,-12.953404266469487,-57.13663291834723,36.00924896480478,953.8180312108991,-13.93038252903195,-59.7897005276632,-0.9769782625624628,-6.189592162141622,50.0,48.1651376146789,52.44648318042814,-0.6024282179441639,0.21989924785540438,-0.4112664727891246,30.655155943343217
primary,stage,U,216,26.756893971242114,41.066036122015085,142.78992571790027,-17.718549046880558,-31.799661609443557,58.78458516889574,255.9951921756438,-18.617534503227855,-33.11120657849272,-0.8989854563472975,-1.9230769230769273,50.0,49.074074074074076,54.166666666666664,-0.8458519423633717,0.47049547780654605,-0.6583381591195464,60.07075204419547
primary,stage,R,152,-3.1608699350207345,33.35617247644007,66.03257559526588,-6.54273097262676,-9.466434159771989,39.89890344906688,83.39339012480438,-6.900843631134594,-9.957897833522194,-0.35811265850783885,-0.5428524428359949,46.05263157894737,42.76315789473684,47.368421052631575,-0.633419548223537,0.25225243044629747,-0.4429466515384455,59.837582243007475
primary,stage,D,166,-11.173315890880168,-0.09860254099453791,-0.16354633503865823,-25.755656546918985,-34.78912253458846,25.657054005924405,53.09785352591745,-28.10704089060359,-37.2854607197917,-2.351384343684596,-3.8281008970126478,53.01204819277109,49.39759036144578,57.22891566265061,-0.4904196864560082,0.09903364820113696,-0.2948003214268134,28.500632628316243
primary,stage,C,120,6.671422821908639,9.620736964518567,12.237709627901529,5.213452487358134,6.455985265952766,4.407284477160258,5.431093749688554,5.213452487358134,6.455985265952766,0.0,0.0,50.83333333333333,51.66666666666667,49.166666666666664,-0.2799549641943322,-0.10495725115004555,-0.08752072036308914,40.44161395697393
primary,stage_contemporaneous_hindsight,ALL,654,6.490576710104088,23.055844698335303,351.70189109057407,-12.953404266469487,-57.13663291834723,36.00924896480478,953.8180312108991,-13.93038252903195,-59.7897005276632,-0.9769782625624628,-6.189592162141622,50.0,48.1651376146789,52.44648318042814,-0.6024282179441639,0.21989924785540438,-0.4112664727891246,30.655155943343217
primary,stage_contemporaneous_hindsight,U,216,26.574930533375877,104.69721286181186,859.7088755190467,1.5247707245776718,3.34834098859734,103.17244213723424,828.615656854071,0.6257852682303785,1.360872892662781,-0.8989854563472975,-1.9230769230769273,44.44444444444444,44.907407407407405,50.46296296296296,-1.292156327421272,0.9156884618861422,-1.104198228396691,123.70239868720157
primary,stage_contemporaneous_hindsight,R,152,-1.447846462808194,-79.08120296057416,-69.94178801594508,-42.265274035272355,-47.3988479996092,-36.81592892530172,-42.85636180775727,-42.265274035272355,-47.3988479996092,0.0,0.0,57.23684210526315,51.31578947368421,53.94736842105263,0.1331328323951644,-0.5128411001234606,0.32306767031472616,-53.601011952459615
primary,stage_contemporaneous_hindsight,D,166,-11.068970909878463,-73.64427681968415,-70.5505512787041,-38.5186874768389,-47.239649354637486,-35.1255893428453,-44.18261372210118,-40.870071820523506,-49.259368810959636,-2.351384343684596,-3.8281008970126478,62.048192771084345,57.22891566265061,60.8433734939759,0.13055529026523113,-0.5204292756881405,0.3255736282752617,-47.32906880188548
primary,stage_contemporaneous_hindsight,C,119,4.741156431550638,140.20347341804515,430.37882727424164,35.42077721948137,52.425726018167175,104.78269619856358,247.9588656911014,34.96335600861421,51.59827924096706,-0.4574212108671555,-0.5428524428359949,34.45378151260504,37.81512605042017,42.016806722689076,-1.297142098027899,0.9100831901167897,-1.103888442561052,171.7177274025035
2023,stage,ALL,242,6.399926829631393,21.63390458328845,68.79934079370558,-9.907810831356704,-21.319042431160867,31.541715414645186,114.53645965864187,-10.92224574030683,-23.227090343985445,-1.0144349089501257,-2.4250440917107596,52.066115702479344,50.82644628099173,50.413223140495866,-0.6182521404498512,0.11818150894383313,-0.3684106354434784,43.11661041359392
2023,stage,U,86,30.27097322289015,55.30054195591732,60.8954615272415,-6.280274317098177,-5.257770801692382,61.58081627301561,69.82444142249055,-6.280274317098177,-5.257770801692382,0.0,0.0,52.32558139534884,48.837209302325576,54.65116279069767,-0.9676335646724474,0.4284769747216058,-0.6984042937508065,112.59016751475215
2023,stage,R,77,-3.855814790833988,39.98283375150328,36.05211432123711,-3.484734660563714,-2.6475664840316613,43.46756841206707,39.752145280396206,-6.6729586601212345,-5.008405921147284,-3.188223999557538,-2.4250440917107596,48.05194805194805,48.05194805194805,51.94805194805194,-0.7424725518356194,0.21058096562468367,-0.47678526603653515,79.55762288040489
2023,stage,D,57,-12.624872941971274,2.405524942768296,1.380592579760964,-17.94451165921638,-9.722661633531294,20.350036601984602,12.299049145888691,-17.94451165921638,-9.722661633531294,0.0,0.0,50.877192982456144,49.122807017543856,43.859649122807014,-0.4508038648544787,0.02367750196831943,-0.23729861337576674,59.0978862937475
2023,stage,C,22,-1.7275412641443695,-124.37430998439221,-23.938159209937858,-25.74658620359725,-5.50681681019558,-98.62772378079512,-19.505473069649963,-25.74658620359725,-5.50681681019558,0.0,0.0,68.18181818181817,72.72727272727273,45.45454545454545,0.748439789137021,-1.1733384830429698,0.9611764514763411,-23.714428710560714
2023,stage_contemporaneous_hindsight,ALL,242,6.399926829631393,21.63390458328845,68.79934079370558,-9.907810831356704,-21.319042431160867,31.541715414645186,114.53645965864187,-10.92224574030683,-23.227090343985445,-1.0144349089501257,-2.4250440917107596,52.066115702479344,50.82644628099173,50.413223140495866,-0.6182521404498512,0.11818150894383313,-0.3684106354434784,43.11661041359392
2023,stage_contemporaneous_hindsight,U,86,30.05795914146419,140.00304201491218,233.351119475273,0.7960513435323687,0.6869529265550218,139.20699067137994,231.07677786061575,0.7960513435323687,0.6869529265550218,0.0,0.0,44.18604651162791,40.69767441860465,50.0,-1.739112724025991,1.196654351973332,-1.468617472238325,184.49313116705073
2023,stage_contemporaneous_hindsight,R,76,-3.4146032903676438,-45.64109190220955,-29.310440584766045,-8.951352794951692,-6.576781656160245,-36.689739107257836,-24.33405670626292,-12.181527110292864,-8.842335892893562,-3.23017431534119,-2.4250440917107596,56.57894736842105,56.57894736842105,55.26315789473685,0.054549222592675375,-0.5832133160516982,0.31902524867684273,13.579029118081499
2023,stage_contemporaneous_hindsight,D,57,-11.69612396734012,-125.2067939193051,-51.016110386671635,-49.59199149340795,-24.623478960243837,-75.6148024258972,-35.01439315898837,-49.59199149340795,-24.623478960243837,0.0,0.0,66.66666666666666,63.1578947368421,49.122807017543856,0.517209986874597,-0.9434653818175895,0.73055483682857,-67.50458760791152
2023,stage_contemporaneous_hindsight,C,23,-4.783185964730244,165.24580581920333,46.23801578035844,45.256334382977194,10.969984525952176,119.98947143622588,31.781595180954692,45.256334382977194,10.969984525952176,0.0,0.0,30.434782608695656,39.130434782608695,39.130434782608695,-1.4643492996314855,1.0343212903579464,-1.2496441636301916,261.3832148124127
2021_2022,stage,ALL,485,-1.0791954762778977,-6.721858527673978,-27.82021306196213,-4.050868454673695,-17.837165405131113,-2.670990073000291,-12.15032040466443,-5.568977652112243,-23.669334090338285,-1.5181091974385508,-7.098305108343239,48.65979381443299,48.65979381443299,46.391752577319586,-0.2772199355396541,-0.30955112549803576,0.016173677693749763,-1.1743360153267473
2021_2022,stage,U,73,5.758701497947622,-31.58587607238985,-20.592462803200732,-4.33210679388885,-3.112955875438747,-27.253769278501075,-18.041119001720997,-11.43879890545722,-8.011188642100075,-7.106692111568391,-5.0556117290192155,52.054794520547944,57.534246575342465,47.94520547945205,-0.033397436833252914,-0.5537897839815458,0.26032627032611133,-1.094020336007454
2021_2022,stage,R,123,-1.539667059767353,-7.806787801480948,-9.155732346243841,-4.101343520460223,-4.9195228688757195,-3.7054442810206574,-4.455393583612272,-4.101343520460223,-4.9195228688757195,0.0,0.0,52.84552845528455,51.21951219512195,43.90243902439025,-0.26314962998955055,-0.31971836532157394,0.02829850970474433,4.06689060661552
2021_2022,stage,D,166,-6.493997927968901,-1.040295535070905,-1.7120652942356323,-3.7417553483373616,-6.022344439911728,2.7014598132663985,4.586493587212395,-5.051962797814499,-8.044238922701922,-1.3102074494771354,-2.151462994836484,42.77108433734939,40.963855421686745,45.18072289156627,-0.3349986893264364,-0.25838264767840313,-0.03832717463790691,13.73762072050583
2021_2022,stage,C,123,2.6307942199127234,1.4519636241179454,1.8019580856702369,-4.25065661562802,-5.093982769645245,5.7026202397459835,7.2660733813934675,-4.25065661562802,-5.093982769645245,0.0,0.0,50.40650406504065,51.21951219512195,49.59349593495935,-0.35802007260976926,-0.2234858795668779,-0.06730072972462195,15.70413075702373
2021_2022,stage_contemporaneous_hindsight,ALL,485,-1.0791954762778977,-6.721858527673978,-27.82021306196213,-4.050868454673695,-17.837165405131113,-2.670990073000291,-12.15032040466443,-5.568977652112243,-23.669334090338285,-1.5181091974385508,-7.098305108343239,48.65979381443299,48.65979381443299,46.391752577319586,-0.2772199355396541,-0.30955112549803576,0.016173677693749763,-1.1743360153267473
2021_2022,stage_contemporaneous_hindsight,U,73,5.75383232215096,23.720345490086334,18.90545815474799,1.1004434201708395,0.8065589990474062,22.619902069915433,17.95408883649283,-6.006248691397531,-4.289829221329096,-7.106692111568391,-5.0556117290192155,36.986301369863014,43.83561643835616,49.31506849315068,-0.529951882305878,-0.05847839219740048,-0.23585461221742107,48.24911934071149
2021_2022,stage_contemporaneous_hindsight,R,124,-0.8792455661471132,-42.08076673505295,-40.65495211064476,-6.44398028908049,-7.679628167184455,-35.6367864459724,-35.71836127694091,-6.44398028908049,-7.679628167184455,0.0,0.0,61.29032258064516,58.87096774193549,42.74193548387097,0.055134221107565086,-0.6370069129132858,0.3462436005185671,-25.729206584167937
2021_2022,stage_contemporaneous_hindsight,D,166,-6.444255784146187,-35.720393723545115,-44.731028878389786,-8.066766756959344,-12.532975644601066,-27.65362696658579,-36.81164812805399,-9.376974206436483,-14.414796306292091,-1.3102074494771354,-2.151462994836484,51.80722891566265,49.39759036144578,48.795180722891565,-0.029722867915526762,-0.5624283011663226,0.26648589161730324,-22.019499150840254
2021_2022,stage_contemporaneous_hindsight,C,122,1.9289618431041682,50.45831005374487,85.07507778974404,0.7633874369837592,0.9356830709307226,49.69492261676108,83.35941478662787,0.7633874369837592,0.9356830709307226,0.0,0.0,38.52459016393443,40.16393442622951,45.08196721311475,-0.8005559727193752,0.21711952425180236,-0.5090921647494614,63.47930526325911
2024,stage,ALL,242,5.493689479068736,15.683367077349507,46.16084147334163,-14.684418002892365,-29.908097745193785,30.367785080241912,108.52742866358645,-15.820902254529836,-31.809561884940624,-1.1364842516374687,-2.7128157156220634,52.47933884297521,52.892561983471076,54.958677685950406,-0.5493237546948151,0.15079459107132462,-0.3501466640300118,30.79661089314739
2024,stage,U,75,26.87684312740665,13.601050257533972,10.739219454604418,-31.92717338750981,-21.294236575507444,45.528223645043916,40.700267218478494,-31.92717338750981,-21.294236575507444,0.0,0.0,54.666666666666664,54.666666666666664,56.00000000000001,-0.6992819625246591,0.3122526606331033,-0.5058937192425096,57.785252240845615
2024,stage,R,76,-4.088990295097631,5.935301910753671,4.61411451294935,-16.36222168257313,-11.693183542858126,22.297523593326797,18.466635657420547,-16.36222168257313,-11.693183542858126,0.0,0.0,53.94736842105263,50.0,48.68421052631579,-0.4573837595124157,0.06693491627326167,-0.2622248600186124,44.26143380869026
2024,stage,D,58,-12.508855961814756,-5.056229270860364,-2.8900291707870838,-38.17848574573603,-19.86321647818082,33.12225647487569,21.180270234794722,-42.92036831291306,-22.03717973555477,-4.741882567177025,-2.7128157156220634,51.724137931034484,55.172413793103445,63.793103448275865,-0.5790402402249366,0.16275429110993664,-0.3709899649299734,44.24289777395645
2024,stage,C,33,10.605652351266999,79.31740654230774,29.919837751372246,69.66029904519795,25.844771199183302,9.657107497109811,3.238169145493585,69.66029904519795,25.844771199183302,0.0,0.0,45.45454545454545,51.515151515151516,51.515151515151516,-0.36802126638805843,-0.04404427361716409,-0.16202898256732198,194.9845770513515
2024,stage_contemporaneous_hindsight,ALL,242,5.493689479068736,15.683367077349507,46.16084147334163,-14.684418002892365,-29.908097745193785,30.367785080241912,108.52742866358645,-15.820902254529836,-31.809561884940624,-1.1364842516374687,-2.7128157156220634,52.47933884297521,52.892561983471076,54.958677685950406,-0.5493237546948151,0.15079459107132462,-0.3501466640300118,30.79661089314739
2024,stage_contemporaneous_hindsight,U,75,26.909520898922356,71.48348546966193,70.93721528575516,-5.424202606409472,-3.9865134554315196,76.9076880760716,78.03458809550477,-5.424202606409472,-3.9865134554315196,0.0,0.0,49.333333333333336,50.66666666666667,48.0,-1.0155708739529399,0.6276406382665027,-0.8218111020497918,115.07545378137854
2024,stage_contemporaneous_hindsight,R,77,-2.762643208626303,-54.9173477196008,-34.4831993288521,-42.62984691600897,-27.981691980979672,-12.28750080359183,-9.027575802190961,-42.62984691600897,-27.981691980979672,0.0,0.0,59.74025974025974,53.246753246753244,55.84415584415584,-0.11152362200981743,-0.2782161283705647,0.0833670841136801,-17.32160673458275
2024,stage_contemporaneous_hindsight,D,58,-12.277815331034809,-92.48382861681591,-41.51537027275001,-34.66041795669726,-18.21124523571618,-57.82341066011868,-28.49306742008313,-39.402300523874295,-20.430023428573268,-4.741882567177025,-2.7128157156220634,60.3448275862069,63.793103448275865,65.51724137931035,0.3537156632651607,-0.7674583969430423,0.5607271389943224,-40.924751046872316
2024,stage_contemporaneous_hindsight,C,32,7.377987586865661,250.83785177120376,123.15158896323244,67.06214040005908,23.93646252207555,183.77571137114475,80.05321793292651,67.06214040005908,23.93646252207555,0.0,0.0,28.125,37.5,50.0,-2.1467725832593167,1.7298272523907117,-1.9387843618735163,383.76248977586425
2025,stage,ALL,243,11.109514629627464,44.41587087959261,194.26356589147278,-14.58655082918996,-29.844303989296435,59.002421708782514,319.4435842338118,-15.385649012609775,-31.193451989502265,-0.7990981834198201,-1.9230769230769273,47.73662551440329,44.03292181069959,51.440329218106996,-0.838457905978554,0.45507970592058017,-0.6469303993663394,64.71649750594909
2025,stage,U,104,29.720220149135578,88.8251825363889,151.87982387196254,-10.599486380134485,-10.437605500415929,99.42466891652346,181.23390992313463,-12.4666100202404,-12.15995924079254,-1.8671236401059257,-1.9230769230769273,45.19230769230769,45.19230769230769,53.84615384615385,-1.263233404264024,0.8900258584058796,-1.076898607269963,127.00377392775049
2025,stage,R,45,-1.1590774356745182,47.765173047348945,23.979157239811965,-12.781815997017306,-5.589526602801427,60.54698904436621,31.31928352717142,-12.781815997017306,-5.589526602801427,0.0,0.0,40.0,35.55555555555556,46.666666666666664,-0.8424620355742145,0.46180495745206723,-0.6522964559726246,132.76444368550858
2025,stage,D,50,-10.605128151278148,4.920146987437553,2.4905829731624545,-24.65579083860267,-11.598297209409493,29.57593782604006,15.937340274933579,-24.65579083860267,-11.598297209409493,0.0,0.0,54.0,42.0,56.00000000000001,-0.5274145750655593,0.1267083801580931,-0.32714321043933253,81.28414180701895
2025,stage,C,44,4.34372844678716,-19.095511285136844,-8.058736188173722,-14.413954685528688,-6.14521143130069,-4.68155659960845,-2.0388142001646488,-14.413954685528688,-6.14521143130069,0.0,0.0,54.54545454545454,52.27272727272727,45.45454545454545,-0.18380628989119305,-0.20670370065359497,0.01145157160887284,54.97406792626223
2025,stage_contemporaneous_hindsight,ALL,243,11.109514629627464,44.41587087959261,194.26356589147278,-14.58655082918996,-29.844303989296435,59.002421708782514,319.4435842338118,-15.385649012609775,-31.193451989502265,-0.7990981834198201,-1.9230769230769273,47.73662551440329,44.03292181069959,51.440329218106996,-0.838457905978554,0.45507970592058017,-0.6469303993663394,64.71649750594909
2025,stage_contemporaneous_hindsight,U,104,29.39783759481096,129.1139929091394,282.96963813644936,-3.7743793032014676,-3.849310678948354,132.88837221234093,298.30150032278607,-5.641502943307385,-5.698362396660881,-1.8671236401059257,-1.9230769230769273,42.30769230769231,42.30769230769231,53.84615384615385,-1.5964080684553645,1.2221962722182267,-1.4096542702561226,168.60075077284765
2025,stage_contemporaneous_hindsight,R,45,0.85284941211999,-70.11119659505216,-27.057620955281582,-34.47760464701686,-14.371260803548505,-35.63359194803523,-14.815540052070256,-34.47760464701686,-14.371260803548505,0.0,0.0,51.11111111111111,46.666666666666664,46.666666666666664,0.11793100945209262,-0.4960218634609488,0.3070531327837452,6.0589436530809335
2025,stage_contemporaneous_hindsight,D,50,-10.465441138581873,-76.8288560331945,-31.89668394866795,-54.358741850906604,-23.798855921490418,-22.470114182288064,-10.626911347727857,-54.358741850906604,-23.798855921490418,0.0,0.0,66.0,52.0,62.0,-0.003700588299713994,-0.3957515529721929,0.1960744721299381,-0.35621908957968035
2025,stage_contemporaneous_hindsight,C,44,2.8893358755188334,99.12836385517222,54.67636818899116,25.396202220474553,11.822576380335427,73.73216163469732,38.323023128084145,25.396202220474553,11.822576380335427,0.0,0.0,36.36363636363637,36.36363636363637,38.63636363636363,-0.9736522282679356,0.58146631209904,-0.7777535800261174,173.29438608623784
2026,stage,ALL,169,1.2766405886033474,2.8999466050396525,5.022990529458704,-8.126422379159354,-12.832317579179401,11.026368984199012,20.483862381975236,-9.13076401376626,-14.299361656741308,-1.0043416346069054,-1.683013746401375,49.70414201183432,47.337278106508876,50.29585798816568,-0.33909132986123836,-0.01930503834631404,-0.15993309741304237,28.024148420712265
2026,stage,U,37,18.1844045330459,-37.50362029038476,-12.956604694341408,-8.927621798080503,-3.249259528268431,-28.575998492304148,-10.033354906373264,-8.927621798080503,-3.249259528268431,0.0,0.0,54.054054054054056,48.64864864864865,51.35135135135135,0.030227072495124647,-0.38796258420216956,0.20914707376871125,55.17368352877868
2026,stage,R,31,-3.7913059061412375,79.66524142164228,28.013078488978692,26.58759548071192,8.591347583058601,53.07764594093062,17.88515506823878,24.8316882518993,8.001856799995448,-1.7559072288126292,-0.5428524428359949,35.483870967741936,35.483870967741936,45.16129032258064,-0.7615423872965933,0.40239008728149356,-0.582111650118099,190.19860028091858
2026,stage,D,58,-10.327592836843879,0.5325159747056988,0.3093367269931877,-14.280987441478057,-7.9492128634213985,14.813503416183764,8.971731635668824,-16.26892903036385,-9.00446880061323,-1.987941588885785,-1.1463844797178213,53.44827586206896,50.0,51.724137931034484,-0.3699069873340182,0.0114554777432373,-0.19072887705079192,62.16959242003095
2026,stage,C,43,6.033957194850947,-14.48333682809083,-6.037869166312862,-24.161896833611497,-9.868111122620936,9.678560005520437,4.249596900736071,-24.161896833611497,-9.868111122620936,0.0,0.0,51.162790697674424,51.162790697674424,51.162790697674424,-0.3107538873791032,-0.0475917739507179,-0.1316139341776622,46.080126600008924
2026,stage_contemporaneous_hindsight,ALL,169,1.2766405886033474,2.8999466050396525,5.022990529458704,-8.126422379159354,-12.832317579179401,11.026368984199012,20.483862381975236,-9.13076401376626,-14.299361656741308,-1.0043416346069054,-1.683013746401375,49.70414201183432,47.337278106508876,50.29585798816568,-0.33909132986123836,-0.01930503834631404,-0.15993309741304237,28.024148420712265
2026,stage_contemporaneous_hindsight,U,37,17.962049133234395,103.39138663178957,46.601543277048584,30.505435662768658,11.94865155868031,72.88595096902095,30.954273442234566,30.505435662768658,11.94865155868031,0.0,0.0,40.54054054054054,40.54054054054054,45.94594594594595,-0.9976084339774702,0.6380337185600939,-0.818025420900382,197.56220702075947
2026,stage_contemporaneous_hindsight,R,30,-1.524245294267324,-154.55677429402215,-37.102912240343514,-53.01104105709831,-14.70318945074556,-101.54573323692352,-26.26091485174961,-53.01104105709831,-14.70318945074556,0.0,0.0,60.0,53.333333333333336,60.0,0.7838871331158923,-1.1402740492829946,0.9623209811938825,-45.993453713124296
2026,stage_contemporaneous_hindsight,D,58,-10.380410774322627,-52.05939811435383,-26.062090741035192,-28.721737708991153,-15.345005612986306,-23.337660405362644,-12.659719849550779,-30.709679297876946,-16.315477329945026,-1.987941588885785,-1.1463844797178213,60.3448275862069,55.172413793103445,55.172413793103445,0.023132743614392215,-0.38088094987802085,0.20205732112975608,4.61617700181485
2026,stage_contemporaneous_hindsight,C,43,4.673749629116193,99.90125745212268,53.66049533805728,22.131420898035167,9.984043463729787,77.76983655408726,39.711625885741164,20.865534291216772,9.386992397057131,-1.2658866068184071,-0.5428524428359949,37.2093023255814,39.53488372093023,39.53488372093023,-0.9958718362147134,0.6363002282566848,-0.8162899433410122,157.5831847883885
original_PT_window,stage,ALL,891,6.519033588972887,22.732256598418108,657.9475961662339,-11.98875634311548,-65.63728893370423,34.72101294153359,2105.727000712866,-12.981390497640485,-68.54593295321781,-0.992634154525007,-8.464535914823374,50.617283950617285,48.9337822671156,51.85185185185185,-0.6062144410583052,0.1916287108323203,-0.399048906841911,28.802429270716637
original_PT_window,stage,U,302,27.757592036280965,45.11957089590777,290.6379715254625,-14.46129200462465,-35.38547908799764,59.580862900532516,504.5668466032088,-15.104274980025362,-36.62806602861306,-0.6429829754007161,-1.9230769230769273,50.66225165562914,49.00662251655629,54.3046357615894,-0.8805314771931085,0.4585299438154704,-0.6697477206370576,61.65957476634616
original_PT_window,stage,R,229,-3.394541349420824,35.58435115844822,125.89082955936557,-5.514496404815168,-11.863370505756604,41.09884756326345,156.29619700186043,-6.824218553544951,-14.467571809953562,-1.30972214872979,-2.9547321234550528,46.724890829694324,44.54148471615721,48.90829694323144,-0.6700880254206127,0.23824062786435748,-0.4543247009548336,53.825870398475715
original_PT_window,stage,D,222,-11.566678768610656,-1.448277983606657,-3.1640398207932297,-24.505155925300468,-41.95864785942765,23.056877941693756,66.83960074650969,-26.263398272379945,-44.18052938135918,-1.7582423470794726,-3.8281008970126478,52.702702702702695,49.549549549549546,54.054054054054056,-0.4679050867239081,0.06721718272010412,-0.2676276518718674,21.338244868093128
original_PT_window,stage,C,138,5.585643394687871,-8.688177422446218,-11.298807132842697,2.8137143173922325,3.9592965876886517,-11.50189173983864,-14.676997845653487,2.8137143173922325,3.9592965876886517,0.0,0.0,53.62318840579711,55.072463768115945,47.82608695652174,-0.12240198403335648,-0.26966797119909885,0.07365891935116071,19.981217156307018
original_PT_window,stage_contemporaneous_hindsight,ALL,891,6.519033588972887,22.732256598418108,657.9475961662339,-11.98875634311548,-65.63728893370423,34.72101294153359,2105.727000712866,-12.981390497640485,-68.54593295321781,-0.992634154525007,-8.464535914823374,50.617283950617285,48.9337822671156,51.85185185185185,-0.6062144410583052,0.1916287108323203,-0.399048906841911,28.802429270716637
original_PT_window,stage_contemporaneous_hindsight,U,302,27.566786362169236,114.75119070011195,3099.2002802462966,1.3172546094455664,4.058295441564575,113.43393609066646,2974.430795421651,0.6742716340448529,2.0571743753806446,-0.6429829754007161,-1.9230769230769273,44.370860927152314,43.70860927152318,50.331125827814574,-1.419435301288841,0.9956986160169313,-1.2079732448549045,128.72682133633353
original_PT_window,stage_contemporaneous_hindsight,R,228,-2.103432071994677,-67.93449927445263,-78.75198238037451,-31.160633621832144,-50.85831091529989,-36.77386565262043,-56.76172712947933,-32.23735839361253,-52.05001854301526,-1.0767247717803965,-2.4250440917107596,57.01754385964912,53.07017543859649,54.385964912280706,0.10693829579433477,-0.5362985054328733,0.3217201964354318,-48.13855041219641
original_PT_window,stage_contemporaneous_hindsight,D,223,-11.229274606180317,-86.82393365680701,-85.57451454662667,-41.349083570760136,-60.231083195149196,-45.4748500860469,-63.7267328045159,-43.09944142300966,-61.753477456087914,-1.7503578522495198,-3.8281008970126478,63.22869955156951,58.744394618834086,57.847533632286996,0.229386311371661,-0.6285595808423045,0.4290890044525648,-65.66993408104672
original_PT_window,stage_contemporaneous_hindsight,C,138,3.3840593912516668,148.1911889695644,672.945540343144,38.01215440788973,68.97282730478597,110.17903456167447,357.4377742694307,37.617711479678206,68.0555541840329,-0.3944429282115326,-0.5428524428359949,33.33333333333333,37.68115942028986,41.30434782608695,-1.3550919193529611,0.960036558558066,-1.1578529625374052,175.50369672885645
