window,version,stage,n,mean_pct,median_pct,win_pct,cash,pf_pct,pf_cash,worst_pct,mdd_cash,clusters
primary,stage,ALL,654,-0.6024282179441639,-0.284612086036379,45.412844036697244,-133261.92975551414,0.5978757517904338,0.6529948765409168,-12.332728137168735,-136408.6990764545,1
primary,stage,U,216,-0.8458519423633718,-0.335255577899381,46.75925925925926,-57713.90725559605,0.5365787321367681,0.6505700612610045,-12.332728137168735,-68463.07661544622,9
primary,stage,R,152,-0.633419548223537,-0.626400186944445,41.44736842105263,-39050.61032041934,0.5794464320494367,0.576093490711194,-8.628950102799992,-41328.17804750949,18
primary,stage,D,166,-0.4904196864560081,-0.1946695189504391,45.18072289156627,-24677.01357294536,0.591777062951221,0.6363494435933941,-12.229427049039755,-25654.520626245372,12
primary,stage,C,120,-0.2799549641943322,-0.10605496934486631,48.333333333333336,-11820.398606553375,0.786234396151183,0.7992753836938444,-9.500315327488165,-20955.377515767508,12
primary,stage_v3,ALL,654,-0.6024282179441639,-0.284612086036379,45.412844036697244,-133261.92975551414,0.5978757517904338,0.6529948765409168,-12.332728137168735,-136408.6990764545,1
primary,stage_v3,U,221,-0.7981922282123141,-0.2631238892592399,47.511312217194565,-56017.78019089603,0.5603224865830908,0.6644139062139414,-12.332728137168735,-66766.94955074618,9
primary,stage_v3,R,175,-0.5865184307598533,-0.6229183218151051,42.285714285714285,-44087.46495953015,0.6050451083717366,0.5885791815155572,-9.120108097805772,-50387.80537477835,23
primary,stage_v3,D,173,-0.47485953568047523,-0.17905499999999508,45.664739884393065,-26371.209468832327,0.5984723539814297,0.6284663328899537,-12.229427049039755,-27348.71652213233,13
primary,stage_v3,C,85,-0.38583702405723724,-0.18806305485384023,45.88235294117647,-6785.475136255629,0.7125357330440961,0.8258834572486671,-9.500315327488165,-15010.591220632688,9
old_main,stage,ALL,598,-0.6519638851822182,-0.26950777395381253,45.48494983277592,-133473.4250213345,0.5682496192514078,0.6032709273009196,-12.332728137168735,-136408.6990764545,1
old_main,stage,U,215,-0.8786158683557967,-0.3509379898711684,46.51162790697674,-62362.70136510205,0.5208567641467713,0.6224238497473598,-12.332728137168735,-68463.07661544622,9
old_main,stage,R,131,-0.7080514011813884,-0.6229183218151051,41.98473282442748,-37911.395327929466,0.5361875789074233,0.4847402206698867,-8.628950102799992,-38177.67040367949,16
old_main,stage,D,151,-0.4474355063836288,-0.17905499999999508,45.033112582781456,-16591.70591412247,0.5930229965315236,0.6552403375334469,-12.229427049039755,-17569.21296742248,10
old_main,stage,C,101,-0.40251976855228017,-0.15194824213011696,48.51485148514851,-16607.622414180503,0.7152326254460619,0.6649401196355261,-9.500315327488165,-17780.404386480524,11
old_main,stage_v3,ALL,598,-0.6519638851822182,-0.26950777395381253,45.48494983277592,-133473.4250213345,0.5682496192514078,0.6032709273009196,-12.332728137168735,-136408.6990764545,1
old_main,stage_v3,U,220,-0.82999488445877,-0.2913485275934168,47.27272727272727,-60666.57430040203,0.5448730183712047,0.6365643439730174,-12.332728137168735,-66766.94955074618,9
old_main,stage_v3,R,152,-0.6818232219663329,-0.6093850016064775,42.76315789473684,-45737.54769354831,0.5544559061083503,0.489156574054145,-9.120108097805772,-47237.29773094835,20
old_main,stage_v3,D,154,-0.41031823252172234,-0.14742423127253923,46.103896103896105,-15201.502180081461,0.6193691244589427,0.6841274316386867,-12.229427049039755,-16179.009233381465,10
old_main,stage_v3,C,72,-0.5617971001501277,-0.236215378327283,44.44444444444444,-11867.800847302697,0.6079927434265168,0.6273922916039218,-9.500315327488165,-11867.800847302695,8
viewed_tail,stage,ALL,56,-0.07345805708065511,-0.3744246210188526,44.642857142857146,211.49526582035924,0.9464076243776527,1.0044431986711184,-11.915439188277979,-15771.257850977909,1
viewed_tail,stage,U,1,6.198392146008,6.198392146008,100.0,4648.794109506,,,6.198392146008,0.0,1
viewed_tail,stage,R,21,-0.16785894167693913,-0.7940696593006437,38.095238095238095,-1139.2149924898815,0.8782476345350313,0.9385654739313636,-4.565610742807376,-6765.04719925195,2
viewed_tail,stage,D,15,-0.9231270991846273,-0.8457915836466581,46.666666666666664,-8085.3076588228905,0.585586740142325,0.5902794321650588,-11.915439188277979,-14683.22583290991,2
viewed_tail,stage,C,19,0.3715737326558129,-0.047140407143681375,47.368421052631575,4787.223807627131,1.4905317637012592,1.5135127547684624,-4.331237586947363,-3174.9731292869837,1
viewed_tail,stage_v3,ALL,56,-0.07345805708065511,-0.3744246210188526,44.642857142857146,211.49526582035924,0.9464076243776527,1.0044431986711184,-11.915439188277979,-15771.257850977909,1
viewed_tail,stage_v3,U,1,6.198392146008,6.198392146008,100.0,4648.794109506,,,6.198392146008,0.0,1
viewed_tail,stage_v3,R,23,0.04332192851775135,-0.6266741869220804,39.130434782608695,1650.0827340181575,1.0365363432674306,1.0936182397639962,-4.565610742807376,-4891.6937750579955,3
viewed_tail,stage_v3,D,19,-0.9979837823356315,-0.8457915836466581,42.10526315789473,-11169.707288750866,0.5085623452724596,0.5112559585466818,-11.915439188277979,-17767.625462837885,3
viewed_tail,stage_v3,C,13,0.5887110896880023,1.1157916845049671,53.84615384615385,5082.325711047066,1.7019764842941412,1.7137874382020137,-4.331237586947363,-3142.7903733299927,1
2023,stage,ALL,242,-0.6182521404498511,-0.1769197536597285,47.93388429752066,-22493.235640399576,0.5939464895848602,0.6434299795814222,-10.907746745622559,-24418.962916149765,1
2023,stage,U,86,-0.9676335646724474,-0.3632218896617677,47.674418604651166,-12490.865723449839,0.5356923338752474,0.5944890821938933,-10.907746745622559,-15790.617575149881,5
2023,stage,R,77,-0.7424725518356194,-0.30688179433365176,42.857142857142854,-9702.296459699883,0.486394835667881,0.5060931276636129,-10.282333952808328,-11188.685931049902,6
2023,stage,D,57,-0.4508038648544787,-0.22070352233677726,47.368421052631575,-3506.6632422998846,0.6101504248573258,0.6726594054221969,-9.975888697771572,-4484.033307799923,2
2023,stage,C,22,0.748439789137021,1.0671081716789104,68.18181818181817,3206.589785050024,2.3704101857853153,2.667586602497189,-3.24110418966604,-1045.9444666999946,6
2023,stage_v3,ALL,242,-0.6182521404498511,-0.1769197536597285,47.93388429752066,-22493.235640399576,0.5939464895848602,0.6434299795814222,-10.907746745622559,-24418.962916149765,1
2023,stage_v3,U,91,-0.996927820310874,-0.30688179433365176,47.25274725274725,-14082.67666529983,0.51985678030951,0.5709906520165109,-10.907746745622559,-16446.10836819988,5
2023,stage_v3,R,82,-0.5200445740489168,-0.22363557968242742,45.1219512195122,-6468.953335499869,0.5988470045626679,0.6452860265742932,-10.282333952808328,-8651.143970399913,12
2023,stage_v3,D,58,-0.3766503568981914,-0.150460407763366,48.275862068965516,-2938.7735517998844,0.6685630256096712,0.7256708684850014,-9.975888697771572,-3916.143617299922,2
2023,stage_v3,C,11,0.5084354028665261,0.9266033189600489,72.72727272727273,997.1679122000063,1.765414850448564,1.7632227153449933,-5.077053567829451,-959.1884740999968,4
early_stress,stage,ALL,1030,-0.3502516649985796,-0.28443299319726406,42.9126213592233,-46352.8888758485,0.5957521817971718,0.6114572164516449,-10.577582326719577,-47932.49468139843,1
early_stress,stage,U,221,-0.33282105041182125,-0.2019164690992524,46.15384615384615,-10613.905904649673,0.6684340733504471,0.6859777070753948,-10.577582326719577,-13199.424946099769,17
early_stress,stage,R,304,-0.3963390929185981,-0.34037648395605435,41.44736842105263,-16663.771972099552,0.5483152298896142,0.5512449890205356,-9.526919913104416,-18213.02245814961,32
early_stress,stage,D,288,-0.3307660330890363,-0.34886865600518446,39.93055555555556,-10639.863374799606,0.602066635203284,0.6209466751795302,-8.411219271367514,-11956.63866759961,15
early_stress,stage,C,217,-0.32929982041764166,-0.20189090324447487,45.622119815668206,-8435.347624299675,0.5654608026151707,0.5843952308455741,-9.730576237698397,-8493.44468029968,22
early_stress,stage_v3,ALL,1030,-0.3502516649985796,-0.28443299319726406,42.9126213592233,-46352.8888758485,0.5957521817971718,0.6114572164516449,-10.577582326719577,-47932.49468139843,1
early_stress,stage_v3,U,236,-0.39289249305599666,-0.25926115048892084,44.49152542372881,-13382.752915599644,0.6187280278972788,0.6369843564207232,-10.577582326719577,-15399.988855449754,20
early_stress,stage_v3,R,323,-0.2948668191391797,-0.2019060340517028,44.58204334365325,-13177.69143169952,0.63172334792043,0.6298501173827292,-9.526919913104416,-15140.10963804961,43
early_stress,stage_v3,D,308,-0.35599616449713634,-0.3626344675296821,39.61038961038961,-12349.558489849587,0.5751335586871986,0.5924014456874153,-8.411219271367514,-13666.33378264959,18
early_stress,stage_v3,C,163,-0.387409726013796,-0.2730737553342651,43.558282208588956,-7442.886038699753,0.5235536204414655,0.5498577555680662,-9.730576237698397,-7442.886038699752,17
2024,stage,ALL,242,-0.5493237546948151,0.05271847010291884,50.82644628099173,-25225.373183299354,0.6166201018389166,0.6573217306632825,-11.124780081111952,-29934.51526094946,1
2024,stage,U,75,-0.6992819625246591,0.05850291459824164,53.333333333333336,-11335.363461349816,0.5281228478114556,0.5628852130711002,-10.105854526435449,-13773.012219349817,5
2024,stage,R,76,-0.4573837595124156,-0.06996680493055041,50.0,-7627.109448299757,0.6721828903694523,0.6932978650794136,-7.203521160516589,-10574.66575899984,5
2024,stage,D,58,-0.5790402402249366,0.03673242922413385,50.0,-5198.275367399875,0.5358944298255318,0.5870213752196972,-11.124780081111952,-6312.090179099881,4
2024,stage,C,33,-0.3680212663880583,-0.1519518495233673,48.484848484848484,-1064.6249062499082,0.7876906252486603,0.8958778327201641,-8.827690427622347,-5232.5476287999645,5
2024,stage_v3,ALL,242,-0.5493237546948151,0.05271847010291884,50.82644628099173,-25225.373183299354,0.6166201018389166,0.6573217306632825,-11.124780081111952,-29934.51526094946,1
2024,stage_v3,U,80,-0.5767826259222817,0.09844040355358791,55.00000000000001,-9639.236396649796,0.6092837264877023,0.6519070269498844,-10.105854526435449,-12267.276576099805,5
2024,stage_v3,R,78,-0.369198164726328,-0.17418564698390587,48.717948717948715,-7261.42420384975,0.7290612398504276,0.7032223640348872,-7.203521160516589,-10151.671467649849,8
2024,stage_v3,D,59,-0.5667952167337261,0.1359660088729254,50.847457627118644,-5178.842479649869,0.537876313171238,0.5885652271111989,-11.124780081111952,-6292.657291349877,4
2024,stage_v3,C,25,-0.9822145570567726,-0.414026736411263,44.0,-3145.8701031499363,0.5088888331075658,0.6451767238129665,-8.827690427622347,-6192.185402999964,3
2025,stage,ALL,243,-0.838457905978554,-0.5531564553884558,40.74074074074074,-78280.24264005882,0.49549047189951884,0.533276518971412,-12.332728137168735,-81999.10308659288,1
2025,stage,U,104,-1.263233404264024,-0.8690803583088106,42.30769230769231,-49641.7387074845,0.42603286022575754,0.5124267437802473,-12.332728137168735,-55888.65981255251,3
2025,stage,R,45,-0.8424620355742145,-0.6386820291891546,31.11111111111111,-16541.518786471755,0.4589557706321393,0.4892365540256566,-8.223646820562418,-19603.982906470854,6
2025,stage,D,50,-0.5274145750655593,-0.46741072779320997,40.0,-8326.34351414684,0.5188352104370826,0.44387920499168915,-12.229427049039755,-8937.953180946854,4
2025,stage,C,44,-0.18380628989119308,-0.10605496934486631,47.72727272727273,-3770.641631955719,0.8385117126371525,0.796741800144762,-9.120108097805772,-6230.063158239755,3
2025,stage_v3,ALL,243,-0.838457905978554,-0.5531564553884558,40.74074074074074,-78280.24264005882,0.49549047189951884,0.533276518971412,-12.332728137168735,-81999.10308659288,1
2025,stage_v3,U,104,-1.263233404264024,-0.8690803583088106,42.30769230769231,-49641.7387074845,0.42603286022575754,0.5124267437802473,-12.332728137168735,-55888.65981255251,3
2025,stage_v3,R,55,-0.8681994300603624,-0.6386820291891546,34.54545454545455,-20768.171393805645,0.4674605384627156,0.4985084078797435,-9.120108097805772,-21780.586902444713,7
2025,stage_v3,D,51,-0.45771547551323877,-0.45285470050122756,41.17647058823529,-7678.514260696844,0.5740707358415437,0.487148056300326,-12.229427049039755,-8937.953180946855,4
2025,stage_v3,C,33,-0.03862240014651543,-0.15194824213011696,45.45454545454545,-191.81827807183026,0.9581899285909427,0.9798596181021036,-6.295431170794602,-3786.91837820588,3
2026_ytd,stage,ALL,169,-0.33909132986123836,-0.3195731659275936,44.37869822485207,-29756.313932155965,0.749939630331979,0.7914751197131981,-11.915439188277979,-34023.931948241516,1
2026_ytd,stage,U,37,0.030227072495124525,-0.3195731659275936,45.94594594594595,3263.194913238267,1.0206289615494417,1.0872051548737158,-10.700662622461781,-9040.457067893898,1
2026_ytd,stage,R,31,-0.7615423872965932,-1.1453265503356,35.483870967741936,-14881.982085647833,0.5531180006671566,0.5731762042431742,-8.628950102799992,-16893.27473698795,7
2026_ytd,stage,D,58,-0.3699069873340182,-0.18942547146773647,44.827586206896555,-11152.39469139865,0.7030707575579024,0.7232634360172221,-11.915439188277979,-16502.470636175723,4
2026_ytd,stage,C,43,-0.31075388737910314,-0.047140407143681375,48.837209302325576,-6985.132068347749,0.7320683613539918,0.7680350226921363,-9.500315327488165,-18089.63321425191,5
2026_ytd,stage_v3,ALL,169,-0.33909132986123836,-0.3195731659275936,44.37869822485207,-29756.313932155965,0.749939630331979,0.7914751197131981,-11.915439188277979,-34023.931948241516,1
2026_ytd,stage_v3,U,37,0.030227072495124525,-0.3195731659275936,45.94594594594595,3263.194913238267,1.0206289615494417,1.0872051548737158,-10.700662622461781,-9040.457067893898,1
2026_ytd,stage_v3,R,42,-0.6212452352619244,-0.7415647025257808,40.476190476190474,-16057.869361874757,0.5918319336051379,0.6109889080137466,-8.628950102799992,-22232.808866042928,8
2026_ytd,stage_v3,D,63,-0.4026395656231304,-0.2359529609192322,44.44444444444444,-13513.85272848561,0.6723792715992418,0.6887633761056235,-11.915439188277979,-19586.870266103702,5
2026_ytd,stage_v3,C,27,-0.25800903383743834,-0.17905500000001273,48.148148148148145,-3447.786755033863,0.7926966513220048,0.8324755573805845,-9.500315327488165,-14205.058093556963,4
