id,stage,region,n,mean_pct,median_pct,win_pct,cash,pf_pct,pf_cash,worst_pct,mdd_cash,clusters,mother_n,coverage_pct,opposite_mean_pct,opposite_cash,complement_mean_pct,mirror_candidate,large_loss_mirror,n_2024,mean_2024,cash_2024,n_2025,mean_2025,cash_2025,n_2026,mean_2026,cash_2026
U__volume_lt08,U,volume_lt08,59,-0.7987698850905594,-0.4864325860844135,40.67796610169492,-14318.837035912746,0.47799636041001314,0.5881650996512039,-9.70526855644401,-21550.284933709772,16,216,27.314814814814813,0.4214414862601358,6136.050920413169,-0.8635451995550657,True,True,28,-0.44570138961634614,-3130.6140037499194,24,-1.487010166892201,-12516.19215682988,7,0.14863709918964357,1327.9691246670527
U__volume_08_12,U,volume_08_12,82,-0.8771743337319945,0.02311108002412931,50.0,-25977.097411337643,0.5240257671884025,0.6259479657146729,-10.700662622461781,-29855.068584122688,15,216,37.96296296296296,0.5035237497324814,12513.289287838445,-0.8266845088392891,True,True,20,-0.756317636416811,-2331.207094449953,48,-0.8679906683671917,-14030.868416146786,14,-1.081313611147295,-9615.021900740901
U__volume_12_15,U,volume_12_15,60,-1.307942311752215,-0.8468739106914394,45.0,-25496.858663415704,0.4527539706651357,0.5559412059629717,-12.332728137168735,-33642.44876732082,13,216,27.77777777777778,0.9324588877270169,16452.6585624162,-0.6681248772138166,True,True,23,-1.1538564426274351,-6069.045674949956,26,-2.235588823456599,-24509.355843107856,11,0.5624971713790614,5081.542854642104
U__volume_ge15,U,volume_ge15,15,0.9885491827340765,0.8073696187253275,60.0,8078.8858550700415,2.569474627358596,3.287386827013496,-2.8211653199199476,-1531.0678142499874,7,216,6.944444444444445,-1.3649670149879016,-10276.527493069938,-0.9827475487139276,False,False,4,0.4246356571688724,195.50331180001035,6,0.6834719089085172,1414.6777086000188,5,1.8057727317769117,6468.704834670013
U__r3_le0,U,r3_le0,75,-0.8317687914390521,-0.373307965523587,45.33333333333333,-24564.967987626726,0.5004045977790705,0.5452224971488066,-9.916277761251097,-33748.055622241845,18,216,34.72222222222222,0.45430644562292855,13605.494008127273,-0.8533429800890737,True,True,32,-0.18249749962449324,-1206.0623733999173,33,-1.8082226026977823,-26105.36840307289,10,0.3128606519081692,2746.4627888460795
U__r3_0_3,U,r3_0_3,36,-1.7008433005581969,-0.9713462461205252,36.11111111111111,-22114.668380847837,0.3523686876049361,0.4278366936263362,-12.332728137168735,-22114.668380847834,17,216,16.666666666666668,1.3221265908417035,16935.57355734814,-0.6748536707244067,True,True,9,-2.2578154709380187,-3856.373017199986,20,-1.6066896343716983,-12521.0379211449,7,-1.2537466991741344,-5737.257442502947
U__r3_3_6,U,r3_3_6,34,-1.1147393497224887,-0.802367051869012,44.11764705882353,-15716.501640525881,0.4264879223406607,0.4529576682019042,-9.068980315511391,-16328.231448775881,17,216,15.74074074074074,0.739414209970184,10257.012949026142,-0.7956202289006796,True,True,10,-2.153928099881843,-5226.372208749972,14,-0.015604819016892575,884.114428221083,10,-1.6143389425509682,-11374.24385999699
U__r3_gt6,U,r3_gt6,71,-0.29844878143520714,0.12216527561645191,54.929577464788736,4682.230753404388,0.8051559101609892,1.1069744708011722,-10.155278745951653,-21735.53636183282,16,216,32.870370370370374,-0.07299437499708812,-15972.609236903681,-1.1138907315075075,True,False,24,-0.1977752901710431,-1046.555861999942,37,-1.0635856216421948,-11899.446811487796,10,2.2909411482966537,17628.233426892126
U__clv_lt04,U,clv_lt04,77,-1.3982989471196592,-0.847637721180383,37.66233766233766,-47419.31215004969,0.27752473912762343,0.30798987731822197,-10.105854526435449,-47419.31215004968,16,216,35.648148148148145,1.0200938096676953,35999.8432330503,-0.5398201483616876,True,True,26,-1.0198013360226326,-5653.440407149934,39,-1.4926647643798243,-26010.362118651792,12,-1.911688198401014,-15755.50962424795
U__clv_04_07,U,clv_04_07,68,-0.48960261965634366,0.13101347197489444,55.88235294117647,-7940.933045967794,0.7032357090580221,0.8026685774155407,-10.700662622461781,-14264.354161096848,19,216,31.48148148148148,0.10997755794675411,-922.6820775317574,-1.0095340636071415,True,False,32,-0.23602625601375746,-1424.9994595999356,30,-0.8325828134846248,-6495.077535484894,6,-0.1271089232753966,-20.856050882966883
U__clv_ge07,U,clv_ge07,71,-0.5879158096569461,-0.013956033620672095,47.88732394366197,-2353.66205957858,0.6862347291399811,0.9582686041921138,-12.332728137168735,-29206.2656463068,10,216,32.870370370370374,0.2197369848087626,-10251.689877920668,-0.9721517038954834,True,True,17,-1.0810866035482793,-4256.923594599947,35,-1.3767103950887598,-17136.299053347822,19,1.3063849264623242,19039.56058836919
U__upper_ge03,U,upper_ge03,91,-1.3173735236094468,-0.8198495024477119,42.857142857142854,-39526.620527714644,0.3695503727778971,0.4593613070347699,-10.105854526435449,-39908.46991719169,12,216,42.129629629629626,0.9376782196195804,27156.720651215346,-0.502584231216229,True,True,37,-1.209429882339477,-9863.435990599903,46,-1.2535615116132426,-17471.25473632879,8,-2.183531933461231,-12191.92980078594
U__bias20_le_m5,U,bias20_le_m5,0,,,,0.0,,,,0.0,0,216,0.0,,0.0,-0.8458519423633718,False,False,0,,0.0,0,,0.0,0,,0.0
U__bias20_m5_0,U,bias20_m5_0,0,,,,0.0,,,,0.0,0,216,0.0,,0.0,-0.8458519423633718,False,False,0,,0.0,0,,0.0,0,,0.0
U__bias20_0_5,U,bias20_0_5,62,-0.3675844863298525,-0.2126335304454705,46.774193548387096,-9563.137858998769,0.7311538429910205,0.75647828422981,-10.700662622461781,-20381.858167130875,14,216,28.703703703703702,-0.009196980999573964,94.44898849921628,-1.038401177909334,True,False,22,0.06903663925360579,351.5437897000518,22,-0.03262202869920932,5270.100809266026,18,-1.3106310880359768,-15184.782457964846
U__bias20_gt5,U,bias20_gt5,154,-1.038401177909334,-0.4213447975770884,46.75324675324675,-48150.76939659728,0.4832820775185545,0.6175345209929759,-12.332728137168735,-69424.66840988936,11,216,71.29629629629629,0.6636184157674515,24731.022289098655,-0.3675844863298525,True,True,53,-1.0182066651495991,-11686.907251049868,82,-1.593397431854584,-54911.83951675053,19,1.30051375089301,18447.977371203113
U__r5_positive_decelerate,U,r5_positive_decelerate,86,-0.7871598936074868,-0.05898732475666521,47.674418604651166,-17216.878014447633,0.5246392380751106,0.6969340393725879,-11.294812295554268,-29451.016491873717,14,216,39.81481481481482,0.41012744882370084,4637.665478948369,-0.8846789900018802,True,True,31,-0.45187968852527705,-2458.888749949927,41,-1.4785421265559717,-21440.005727266765,14,0.49519619163103973,6682.016462769065
U__r5_negative,U,r5_negative,52,-0.5670318243895006,-0.15670355698592217,50.0,-8062.387219964757,0.6406483520507382,0.7747248133672628,-9.916277761251097,-16851.11314491287,16,216,24.074074074074073,0.19300339574815395,-124.37119453479795,-0.9342583212331358,True,True,21,-0.9280774829764366,-4847.3195816999605,21,-0.7269964634872035,-6921.8923774949035,10,0.5270898007482405,3706.8247392301064
U__pair_volume_ge15_clv_lt04,U,pair_volume_ge15_clv_lt04,3,1.514499510259667,2.527726998094946,66.66666666666666,2321.6208844759913,9.299975128573388,19.625788635227938,-0.5474111018884396,-124.64550789999768,3,216,1.3888888888888888,-1.8877341882379373,-2757.1100304759902,-0.8790963290200342,False,False,1,-0.5474111018884396,-124.64550789999768,1,2.563182634572495,689.4961287000011,1,2.527726998094946,1756.7702636759877
U__pair_volume_ge15_upper_ge03,U,pair_volume_ge15_upper_ge03,6,0.23587639968135607,0.129979258418444,50.0,1538.40772306201,1.3276625059665268,2.5612211621379526,-2.8211653199199476,-985.3874392499897,5,216,2.7777777777777777,-0.6201672496855889,-2240.647979561972,-0.8767584664217926,False,False,3,-0.8537356010276865,-615.9789549499933,2,0.9053048373949776,712.5766541000114,1,2.165855526381241,1441.810023911992
U__pair_decelerate_upper_ge03,U,pair_decelerate_upper_ge03,39,-1.047351309024511,-0.010369338679246661,48.717948717948715,-8058.243198564795,0.43456413793780774,0.6618858238185267,-10.105854526435449,-18154.78807163383,14,216,18.055555555555557,0.667217574515785,2899.0231615651765,-0.8014537768278666,True,True,13,-0.889120504312009,-2197.4096529999633,23,-1.5277875075649312,-9999.964595168862,3,1.9503260593645315,4139.131049604028
U__pair_r5negative_volume_lt08,U,pair_r5negative_volume_lt08,28,-0.919324605605375,-0.6194902511739628,42.857142857142854,-12120.318192257884,0.4797784785843813,0.4616677055861862,-8.955440431609654,-14300.964738798917,13,216,12.962962962962964,0.5420495645432856,7994.655444258058,-0.8349092052847755,True,True,14,-0.7196907824246731,-2613.8441546999748,10,-1.0110595840906473,-5888.835922733975,4,-1.3887055405246513,-3617.6381148239343
R__volume_lt08,R,volume_lt08,79,-0.9005740361473956,-1.0478324646697543,34.177215189873415,-27576.94807167267,0.44107300289153234,0.4624043148784511,-8.628950102799992,-27612.736180577678,13,152,51.973684210526315,0.5181023891011487,16492.03962067332,-0.34430715718264876,True,True,38,-0.8123634551098711,-7323.782190549877,22,-1.1319818496634937,-10376.13211992189,19,-0.8090493088880168,-9877.033761200895
R__volume_08_12,R,volume_08_12,54,-0.1847325475857818,0.14243360262270421,51.85185185185185,-5455.027178776778,0.8535001565409538,0.818847527602169,-6.311610978034164,-14001.23230669793,19,152,35.526315789473685,-0.1936120270115465,-2395.7913057227797,-0.8806552424525042,True,False,26,-0.12578300900280007,-382.64255349991987,16,0.09566736261016584,-67.43630082991876,12,-0.6863230947768391,-5004.9483244469375
R__volume_12_15,R,volume_12_15,11,-1.7263179090043972,-1.4888413857758556,27.27272727272727,-6645.952912719944,0.2518347432013055,0.19375139540582745,-6.728208157067416,-6824.723154069954,5,152,7.2368421052631575,1.3382210338208398,5411.034210220031,-0.5481579739782216,True,True,7,-0.7062645463152973,-1107.767466399976,4,-3.511411293710323,-5538.185446319967,0,,0.0
R__volume_ge15,R,volume_ge15,8,0.47882901179340476,0.7519917138305494,62.5,627.3178427500386,1.468715820843059,1.254177690642053,-6.953841041699601,-1759.3217835499988,5,152,5.2631578947368425,-0.8566376530699079,-1612.1223807499762,-0.6952111348911448,False,False,5,0.8645711259022779,1187.0827621500166,3,-0.16407451172138374,-559.764919399978,0,,0.0
R__r3_le0,R,r3_le0,102,-0.8775104906466871,-0.9139229524061738,34.31372549019608,-38101.56981290859,0.4531149830264829,0.4372870986616275,-8.223646820562418,-38156.790809563594,19,152,67.10526315789474,0.4968950806239234,23383.066522409437,-0.1354740256803112,True,True,48,-0.5247657735864723,-5783.788845499843,28,-1.5353897022427905,-19256.420608454864,26,-0.8202462019620491,-13061.360358953867
R__r3_0_3,R,r3_0_3,32,-0.08680182265872316,0.11438689969908461,53.125,1293.5990702311465,0.9172201322621611,1.1190638299764606,-4.9576950603842525,-4345.732185029967,14,152,21.05263157894737,-0.29784547069655126,-5204.777252730875,-0.7791842750408208,True,False,18,-0.3520255224649976,-1280.0392998499494,12,0.5767761511978965,4891.850093024078,2,-1.681256367541971,-2318.211722942981
R__r3_3_6,R,r3_3_6,9,-2.039546674361847,-1.4995960004644429,44.44444444444444,-8741.54171546096,0.27780587987410466,0.2542295632893563,-8.628950102799992,-11140.90616155497,8,152,5.921052631578948,1.6574327168063718,7454.41119346102,-0.5449220367882587,True,True,5,-2.2341559933287662,-2782.834650249984,2,-0.8895115652923141,-1850.3730255889882,2,-2.703058486014081,-4108.334039621989
R__r3_gt6,R,r3_gt6,9,1.5955419011466896,0.777436959612295,77.77777777777779,6498.902137719046,3.2797329659451737,4.562861650166597,-5.322547377045629,-1235.895500949995,6,152,5.921052631578948,-1.9696409094189649,-7737.540318718984,-0.773703835246838,False,False,5,1.586966156044173,2219.5533473000223,3,-0.020723540610550845,-326.57524545198214,1,6.487216951930993,4605.924035871005
R__clv_lt04,R,clv_lt04,73,-0.9245739062795789,-0.7798533561794848,35.61643835616438,-25395.42204863469,0.44540391974774235,0.48402388606906743,-8.223646820562418,-25414.85493638469,21,152,48.026315789473685,0.5438387340607796,14854.519952135333,-0.36437817938694156,True,True,34,-0.9850888053892712,-7794.701881249892,23,-1.1045659312776546,-12078.704973256883,16,-0.5372412097367485,-5522.015194127917
R__clv_04_07,R,clv_04_07,39,-1.0229548740298535,-1.1453265503356,38.46153846153847,-16521.610229925845,0.38496129271992746,0.3255689156279048,-6.953841041699601,-17191.21631288086,17,152,25.657894736842106,0.6409444352709318,11091.489698426138,-0.49897815259126843,True,True,20,-1.1105806924763548,-5174.742948849934,10,-0.3929700466319184,-2462.055015380944,9,-1.5282139745908898,-8884.812265694965
R__clv_ge07,R,clv_ge07,40,0.2777340978898977,0.17997647240741424,55.00000000000001,2866.421958141188,1.2621964044211134,1.1557373419783488,-8.628950102799992,-10124.346382709915,17,152,26.31578947368421,-0.6588672783541508,-8050.849506140874,-0.9588315646926208,False,False,22,0.9519757959008511,5342.335381800068,12,-0.7146728929278674,-2000.7587978339307,6,-0.20967147984806722,-475.15462582495115
R__upper_ge03,R,upper_ge03,57,-1.2005854978377934,-1.0478324646697543,36.84210526315789,-28145.343797449757,0.35499768304135554,0.32269850900341857,-8.223646820562418,-29458.523210904765,16,152,37.5,0.8195484206114979,20062.609772950254,-0.29311997845498317,True,True,29,-1.1779926258756934,-8307.324179899915,17,-1.1472545078433125,-10165.455783323872,11,-1.342569144820255,-9672.563834225968
R__bias20_le_m5,R,bias20_le_m5,63,-0.4622790500596609,-0.9763820698804593,36.507936507936506,-10841.62457734172,0.6675343658413957,0.7035653529079485,-6.728208157067416,-12623.724740184734,9,152,41.44736842105263,0.08422286057228794,1515.287633342285,-0.7545639458002135,True,False,33,-0.38452334286185985,-2658.636153399902,18,-0.6202993209839006,-4842.937921630875,12,-0.43907683846725365,-3340.0505023109413
R__bias20_m5_0,R,bias20_m5_0,79,-0.7763626017321658,-0.4967202294285576,43.037974683544306,-27341.042688527665,0.4894006378557326,0.4613551595551684,-8.628950102799992,-29561.31108609873,21,152,51.973684210526315,0.3938852883144346,16428.02045902829,-0.47872775059091144,True,True,35,-0.6233495563391461,-5171.642775299879,25,-0.8470607648153455,-10627.468329890893,19,-0.9652048391888075,-11541.931583336891
R__bias20_0_5,R,bias20_0_5,5,-3.961494052938639,-5.322547377045629,20.0,-4472.333928749987,0.06648313941918679,0.0660183041562263,-6.953841041699601,-4788.459933049983,3,152,3.289473684210526,3.5618328005604645,4025.5421762500173,-0.5202197351379894,True,True,4,-3.378009773474648,-3252.279367849993,1,-6.295431170794602,-1220.054560899994,0,,0.0
R__bias20_gt5,R,bias20_gt5,5,2.7967849250630596,2.9721673083004188,100.0,3604.390874200022,,,0.7265464680488039,0.0,4,152,3.289473684210526,-3.177954513571916,-4073.6901241999926,-0.7500931697638976,False,False,4,3.3143445393166235,3455.4488482500174,1,0.7265464680488039,148.9420259500048,0,,0.0
R__r5_positive_decelerate,R,r5_positive_decelerate,15,1.211148507524483,1.4106470517625915,73.33333333333333,5177.304172437052,5.439498134242947,4.096506688280085,-2.068958700737071,-1237.8579906509894,10,152,9.868421052631579,-1.5932532778458577,-6919.672577936941,-0.8353795543273349,False,False,9,1.7523790449131278,3971.5869144500257,5,-0.16540338442454705,-898.7927764069782,1,3.22283313077183,2104.510034394005
R__r5_negative,R,r5_negative,116,-0.7313128052435094,-0.7829941631496524,37.93103448275862,-35734.6621977485,0.5196567604787594,0.5106689313306058,-8.223646820562418,-36036.72538240352,21,152,76.3157894736842,0.3507463698745433,19111.6328952495,-0.3179857200480705,True,True,56,-0.590888355950506,-7412.449564399816,34,-0.7146089640409938,-11112.076961689809,26,-1.055608949908652,-17210.135671658867
R__pair_volume_ge15_clv_lt04,R,pair_volume_ge15_clv_lt04,2,0.18428375021490478,0.18428375021490478,50.0,-108.1627397249892,1.5916786961023246,0.6919114275107691,-0.6229183218151051,-351.0767661749933,2,152,1.3157894736842106,-0.5556277562710528,-188.14271627498562,-0.6443222588693829,False,False,1,0.9914858222449147,242.9140264500041,1,-0.6229183218151051,-351.0767661749933,0,,0.0
R__pair_volume_ge15_upper_ge03,R,pair_volume_ge15_upper_ge03,2,-3.7748463615487253,-3.7748463615487253,0.0,-2116.9519627249883,0.0,0.0,-6.953841041699601,-2116.9519627249883,2,152,1.3157894736842106,3.398781848869839,1802.068580725008,-0.5915338573792012,True,True,1,-6.953841041699601,-1759.3217835499988,1,-0.5958516813978499,-357.6301791749895,0,,0.0
R__pair_decelerate_upper_ge03,R,pair_decelerate_upper_ge03,3,-0.13323180825043232,-0.4780020032588211,33.33333333333333,-87.86669729998846,0.7978884363764617,0.7935161408904572,-1.4995960004644429,-425.53784919998935,2,152,1.9736842105263157,-0.26377278891561357,-167.84670769999218,-0.6434904423169553,True,False,1,-1.4995960004644429,-322.8630188999946,2,0.549950287856573,234.99632160000613,0,,0.0
R__pair_r5negative_volume_lt08,R,pair_r5negative_volume_lt08,68,-0.9175591410093382,-1.0798078004024831,32.35294117647059,-21119.163909529725,0.42506356277551843,0.48727276299895583,-8.223646820562418,-21154.952018434724,14,152,44.73684210526316,0.5350562810284691,11612.656484030287,-0.4034017826350311,True,True,33,-0.9851077988230273,-7617.6956031499,19,-1.072924144730265,-8006.715029432906,16,-0.5937440923500039,-5494.753276946919
D__volume_lt08,D,volume_lt08,69,-0.7224235978834699,-0.5531564553884558,36.231884057971016,-18629.34170630272,0.4616084431461384,0.40740942489674925,-11.124780081111952,-18934.57018419077,15,166,41.566265060240966,0.327286363525948,10423.398816803237,-0.3253859762653394,True,True,22,-0.8208273005625533,-2597.206971349944,28,-0.533562935965673,-7464.737353316907,19,-0.8868034439233901,-8567.397381635874
D__volume_08_12,D,volume_08_12,72,-0.3220381636970181,0.21177169493932874,51.388888888888886,-4530.935821706702,0.7152036944383555,0.8525655037510769,-11.915439188277979,-10376.283533336944,13,166,43.373493975903614,-0.06172213887184879,-5770.626401292711,-0.6193927677182134,True,False,25,-1.082538061284824,-4795.445549149956,13,0.5401589101208362,2170.919637620054,34,-0.0925106495775167,-1906.4099101768015
D__volume_12_15,D,volume_12_15,11,-0.07810177091736452,0.22876642273805978,54.54545454545454,140.67353961804122,0.8946154344875878,1.0651767055133672,-4.459903419932236,-1233.9896601499845,10,166,6.626506024096385,-0.32115334315982175,-1358.9517691179644,-0.5196809578813312,True,False,5,0.8371900871164512,762.2480447500067,3,-1.9254094453207984,-1160.6059876999864,3,0.24371947342971004,539.0314825680208
D__volume_ge15,D,volume_ge15,14,-0.5368980308186867,-0.012275130329412381,50.0,-1657.4095845539764,0.5648027103138927,0.5307208351983405,-12.229427049039755,-3089.538692903995,9,166,8.433734939759036,0.13096480654496295,342.09081355405436,-0.48613878631734037,True,True,6,1.2252279626446996,1432.1291083500187,6,-2.112800673641266,-1871.9198107500004,2,-1.0955680827411078,-1217.618882153995
D__r3_le0,D,r3_le0,114,-0.5776261529210609,-0.27667521590506183,42.98245614035088,-12438.67779212851,0.5478162421328422,0.7192560580156604,-12.229427049039755,-14569.507272355788,13,166,68.67469879518072,0.18584510201485346,-2201.236762870532,-0.29923627920570006,True,True,40,-0.9612940705275284,-6204.175326049909,31,-0.8462649343456483,-6497.5376834098915,43,-0.027055945283365294,263.03521733129037
D__r3_0_3,D,r3_0_3,38,-0.03259583018290315,0.18671644099737622,55.26315789473685,-3561.0711387578576,0.9623468862642603,0.7252458120865832,-4.871337759198112,-5565.339886107899,15,166,22.89156626506024,-0.36005113493867125,-861.7452407419023,-0.6263361437870861,True,False,17,0.23640409394720183,827.7025075500352,13,-0.03293325788933076,-1855.884499536961,8,-0.6036723489364313,-2532.8891467709313
D__r3_3_6,D,r3_3_6,10,-0.47293460571034995,-0.7863757161211399,30.0,-2563.3145031349904,0.3917194983865259,0.23360487735500543,-2.0309590210363857,-2741.511954234991,7,166,6.024096385542169,0.09035276371864712,1175.7512606350388,-0.49154052496534517,True,False,1,0.8485592909523837,178.1974511000006,4,-0.22483289274093649,-197.87701269999246,5,-0.9357147554184273,-2543.6349415349987
D__r3_gt6,D,r3_gt6,4,-2.3980747286606454,-0.04028150013882359,50.0,-6113.950138924003,0.26933600497157123,0.15639805362495743,-11.915439188277979,-7030.109121084007,3,166,2.4096385542168677,2.0079148655446204,5523.142202924012,-0.4433170928213257,True,True,0,,0.0,2,0.5954740674810903,224.9556815000054,2,-5.391623524802381,-6338.905820424008
D__clv_lt04,D,clv_lt04,92,-0.45933605960334345,-0.1946695189504391,44.565217391304344,-14365.087887214646,0.584735693402233,0.5660438259358426,-12.229427049039755,-15342.594940514651,14,166,55.42168674698795,0.06526577655820649,3030.5654512153396,-0.5290641955160776,True,False,36,-0.23608790678030506,-865.6726675499201,27,-0.759620229307904,-5825.699031385911,29,-0.45689678096907627,-7673.716188278813
D__clv_04_07,D,clv_04_07,39,-0.5185875494004805,-0.43767466801521276,43.58974358974359,-2335.201402921838,0.6266983847451111,0.8632898157346591,-11.124780081111952,-7385.021097408858,13,166,23.49397590361446,0.12958495594817315,-2735.101880077846,-0.4817697127958946,True,True,14,-1.3375465087652658,-3106.2074602499733,11,-0.5668464398180006,-2750.5781250829464,14,0.3382891095780713,3521.5841824110835
D__clv_ge07,D,clv_ge07,35,-0.5407381726163146,-0.10356977707929521,48.57142857142857,-7976.724282808879,0.5647446594270292,0.5487031114317785,-11.915439188277979,-11348.856130751974,13,166,21.08433734939759,0.15375202503014254,3340.447888809126,-0.4769758161078347,True,True,8,-0.7949397707802027,-1226.3952395999809,12,0.031194023002787525,249.93364232201836,15,-0.8627097434241894,-7000.262685530917
D__upper_ge03,D,upper_ge03,74,-0.4433333093448476,-0.1338880916388766,45.94594594594595,-7693.836691084714,0.6038298819053503,0.6869634018659322,-11.124780081111952,-7964.005172734717,13,166,44.57831325301205,0.05025907872261727,-1635.350693414705,-0.5282935115236809,True,False,29,-0.7364588606863584,-2598.0613525499434,20,-0.36695779410442025,-3089.4176023849113,25,-0.1644080819810371,-2006.3577361498587
D__bias20_le_m5,D,bias20_le_m5,75,-0.48976209610057403,-0.3110958913043424,45.33333333333333,-7951.18224163372,0.6187134421295359,0.7272336663299507,-12.229427049039755,-9003.205321883754,9,166,45.18072289156626,0.0915403143439444,-872.9512643657063,-0.4909616565291681,True,False,30,-0.48313851905064226,-2354.661243749945,19,-0.8343822343174343,-2597.410261849952,26,-0.24556689169202006,-2999.110736033825
D__bias20_m5_0,D,bias20_m5_0,91,-0.4909616565291681,-0.12487820126151249,45.05494505494506,-16725.831331311638,0.5666043676503137,0.5679082265419717,-11.915439188277979,-16924.50495996164,16,166,54.81927710843374,0.10520947280871329,4508.862724312326,-0.48976209610057403,True,False,28,-0.6817920843402521,-2843.6141236499293,31,-0.33927310649182923,-5728.933252296887,32,-0.4709333150431417,-8153.283955364824
D__bias20_0_5,D,bias20_0_5,0,,,,0.0,,,,0.0,0,166,0.0,,0.0,-0.4904196864560081,False,False,0,,0.0,0,,0.0,0,,0.0
D__bias20_gt5,D,bias20_gt5,0,,,,0.0,,,,0.0,0,166,0.0,,0.0,-0.4904196864560081,False,False,0,,0.0,0,,0.0,0,,0.0
D__r5_positive_decelerate,D,r5_positive_decelerate,22,-0.4728154020145087,-0.1338880916388766,40.909090909090914,-6474.395481381917,0.5086290169740187,0.36857609296626254,-5.202703699677528,-7720.010206981935,13,166,13.25301204819277,0.08893131065521018,3463.1216448820505,-0.4931092299123482,True,False,7,0.5840422948165575,929.2706186000173,8,-0.7402962632050283,-2865.149703086968,7,-1.2239806860564095,-4538.5163968949655
D__r5_negative,D,r5_negative,124,-0.5427351301957861,-0.381975295902785,43.54838709677419,-14295.024710276508,0.578158852005384,0.7065086096568933,-12.229427049039755,-15386.37940563865,13,166,74.6987951807229,0.14991951598764688,-1258.2830137224923,-0.3359645668433301,True,True,44,-0.9044872706703732,-6410.856836299906,35,-0.6547244368438877,-6057.981409131892,45,-0.10191913211655534,-1826.18646484471
D__pair_volume_ge15_clv_lt04,D,pair_volume_ge15_clv_lt04,7,-1.3723004964781604,-0.21028403790088313,42.857142857142854,-1817.4746148399777,0.35470147035810123,0.3583678134309389,-12.229427049039755,-2832.5801804899893,5,166,4.216867469879518,0.961092549749541,1161.7808673400277,-0.4515947451342781,True,True,3,1.760063428321841,1015.1055656500116,3,-4.4927919663673785,-2030.066999599998,1,-1.4079178612105112,-802.5131808899913
D__pair_volume_ge15_upper_ge03,D,pair_volume_ge15_upper_ge03,6,0.7564657426314881,0.8103608774790809,83.33333333333334,622.3511024360091,6.795056666875835,2.499259346573511,-0.7832183042717047,-415.1057012640035,6,166,3.6144578313253013,-1.151019846462258,-1217.1890934359799,-0.5371778900467893,False,False,4,0.7295773715368972,595.1754013000125,1,2.4037032739130444,442.28140240000016,1,-0.7832183042717047,-415.1057012640035
D__pair_decelerate_upper_ge03,D,pair_decelerate_upper_ge03,10,0.31371832469345207,0.30302228755458765,60.0,865.3644431100349,2.7152488338958314,1.9878507077354997,-1.0337456140013013,-629.3443298039922,6,166,6.024096385542169,-0.6922989064478726,-2313.841078609983,-0.5419669948630247,False,False,4,0.5506223972326595,484.4354132500078,3,0.22054533733368772,228.51446514502197,3,0.09101921533427326,152.41456471500524
D__pair_r5negative_volume_lt08,D,pair_r5negative_volume_lt08,52,-0.7180627596613551,-0.606918271197047,34.61538461538461,-12486.69375887681,0.48950360873535853,0.4490758721484374,-11.124780081111952,-13875.129516013829,16,166,31.325301204819276,0.31813855953914544,6748.499826877192,-0.3865824951693585,True,True,19,-0.9293319092617814,-2532.617936649956,22,-0.39730495140122457,-4403.849715484921,11,-0.9946589359626979,-5550.226106741935
C__volume_lt08,C,volume_lt08,20,-0.08557275870043542,0.03392160717273539,50.0,-1577.423894828892,0.8985621975467872,0.7865051454396332,-5.036557294660186,-4997.977126015963,7,120,16.666666666666668,-0.30401218546735187,-1037.5586526708987,-0.3188314052931113,True,False,1,4.07994665983975,916.3560198000077,12,-0.1867183731134451,-432.18166229996314,7,-0.5072544794981597,-2061.5982523289367
C__volume_08_12,C,volume_08_12,51,-0.5621195330997658,-0.7032760488720768,43.13725490196079,-10974.057946907711,0.620007402759008,0.6756671545963858,-9.500315327488165,-17376.215084770767,13,120,42.5,0.1896915254749716,1922.7192094082538,-0.0713985436990117,True,True,5,-0.7066998671677522,-1229.4201200499876,22,-0.5464113961483149,-2956.1360173338385,24,-0.5463977557077649,-6788.501809523885
C__volume_12_15,C,volume_12_15,19,-0.820677986396159,-0.5628358847535718,47.368421052631575,-4271.530463687921,0.5340321138768679,0.572264344795279,-6.639395060878929,-6017.276041322958,7,120,15.833333333333334,0.42403241910180023,1866.935597188056,-0.17823479170091916,True,True,11,-0.9869066857251775,-1476.359897799977,2,-3.490145001808802,-4216.811066422976,6,0.37389696751125623,1421.6405005350323
C__volume_ge15,C,volume_ge15,30,0.4125945800101309,1.0247018959961347,56.666666666666664,5002.613698871148,1.3944875149141565,1.6515613919950882,-8.827690427622347,-2871.3089942009874,12,120,25.0,-0.808183673027206,-8414.033415370866,-0.5108048122624865,False,False,16,-0.11469847323937254,724.7990918000482,8,1.6443105551286723,3834.48711410106,6,0.17642142185075105,443.32749297003966
C__r3_le0,C,r3_le0,30,-0.22282268855099013,-0.282872470597052,46.666666666666664,-5402.7186694588445,0.8123751536321331,0.6885372587911741,-5.036557294660186,-10516.315854226901,13,120,25.0,-0.15756656946838773,715.7527584591742,-0.29899905607544613,True,False,5,1.593774304717971,1445.2546483000153,13,-0.2014850770422115,-420.2983797159345,12,-1.0028538482142342,-6427.674938042924
C__r3_0_3,C,r3_0_3,24,-1.051811907241016,-0.6330559668128244,37.5,-7805.808423414848,0.36529465510655273,0.46115988270681335,-9.120108097805772,-10080.493353018888,13,120,20.0,0.667579161238356,4271.173546415128,-0.08699072843266113,True,True,3,-1.9361969495887967,-834.5258135499951,13,-1.7488939823186582,-9056.734169783918,8,0.4125908556405703,2085.451559919064
C__r3_3_6,C,r3_3_6,26,0.2923457958414122,0.9232470642599018,69.23076923076923,808.9950875580928,1.2955478777807985,1.0810970157585695,-9.500315327488165,-6563.963223647996,13,120,21.666666666666668,-0.6797161269512068,-4269.735510557938,-0.4382509190978359,False,False,8,0.10351363718640287,435.48994375002405,8,1.240468333849102,1920.0392187500295,10,-0.3150865076407326,-1546.5340749419609
C__r3_gt6,C,r3_gt6,40,-0.23168549912206218,-0.20175258147600628,42.5,579.133398762222,0.8346226887603878,1.0339063200726055,-8.827690427622347,-7006.192129736978,11,120,33.333333333333336,-0.15542884057357487,-6379.128055761817,-0.3040896967304671,True,False,17,-0.8901818566541536,-2110.8436847499524,10,0.7343704345685987,3786.351698794103,13,-0.11369482672675865,-1096.3746152819292
C__clv_lt04,C,clv_lt04,43,-1.0995118712383245,-1.4093568106967094,30.23255813953488,-15506.55833573881,0.3499469422947193,0.3708926530415354,-6.639395060878929,-15623.686804138813,13,120,35.833333333333336,0.7134493539669714,9387.220926239172,0.17771967220685836,True,True,11,-1.4205518630882947,-2696.6779162499624,15,-1.2594390159390418,-5638.652621224929,17,-0.7506679253053579,-7171.227798263917
C__clv_04_07,C,clv_04_07,27,0.007398180221938561,0.6008375896032866,62.96296296296296,5594.585897567172,1.0058652784778523,1.5716653565594045,-9.120108097805772,-3350.0152482999893,14,120,22.5,-0.39446022772473605,-9761.57727856684,-0.36338007063776556,False,False,7,-0.616055825412308,-263.2313050999853,11,0.06773136905470313,2980.5508836370695,9,0.4185662871418627,2877.2663190300873
C__clv_ge07,C,clv_ge07,50,0.26969327787871494,0.8611047936470605,56.00000000000001,-1908.4261683817379,1.2677189961639617,0.9219574273540406,-9.500315327488165,-13780.519363583866,14,120,41.666666666666664,-0.6524553242003472,-5287.580909117784,-0.6725608513893659,False,False,15,0.5195839654034313,1895.2843151000393,18,0.5588368569039666,-1112.5398943678576,17,-0.25695053008159513,-2691.170589113921
C__upper_ge03,C,upper_ge03,42,-0.6930313567844412,-0.2436166782718382,47.61904761904761,-5750.804746247771,0.5493077845662351,0.7126205650681646,-9.120108097805772,-7785.645066713918,15,120,35.0,0.3061461023510509,-392.1442877517861,-0.057529214338119646,True,True,10,-1.2733496176506947,-2060.0755684999726,16,-0.6363883612635151,-605.6357728299181,16,-0.3869754392639589,-3085.093404917879
C__bias20_le_m5,C,bias20_le_m5,0,,,,0.0,,,,0.0,0,120,0.0,,0.0,-0.2799549641943322,False,False,0,,0.0,0,,0.0,0,,0.0
C__bias20_m5_0,C,bias20_m5_0,5,-2.071348755564957,-1.8984328587485837,20.0,-6206.154214481983,0.07719725051003241,0.07764426553869004,-5.036557294660186,-6206.154214481983,3,120,4.166666666666667,1.7098526945908656,5111.018023482032,-0.2020682776130006,True,True,0,,0.0,1,-3.9793928256439757,-2409.9202952099918,4,-1.5943377380452024,-3796.233919271992
C__bias20_0_5,C,bias20_0_5,60,-0.2621737165057942,-0.10605496934486631,48.333333333333336,-2461.2824740496144,0.771340040820691,0.8985416772031575,-9.120108097805772,-9694.583920177776,12,120,50.0,-0.1227807034650336,-6120.36849144976,-0.2977362118828701,True,False,11,-0.02597739684128684,147.1665579000438,30,-0.734623035269085,-6997.750070864806,19,0.3470536543673185,4389.301038915147
C__bias20_gt5,C,bias20_gt5,55,-0.13649870791177118,0.35700507466071685,50.90909090909091,-3152.961918021778,0.9026767774351336,0.8869946404294651,-9.500315327488165,-14237.240849513953,10,120,45.833333333333336,-0.2504962073283231,-4652.586793477725,-0.4013410272026529,True,False,22,-0.5390432011614439,-1211.7914641499524,13,1.3792774714233862,5637.028734119079,20,-0.6789542819049837,-7578.199187990905
C__r5_positive_decelerate,C,r5_positive_decelerate,48,-0.6152855878703409,-0.8022316290678205,37.5,-11284.78958019078,0.5607122570495723,0.5853693353635819,-9.500315327488165,-12782.09281496394,14,120,40.0,0.23144528897789,3791.4430341911925,-0.05640121507699289,True,True,13,-0.3164040767809331,-977.6647074499685,16,-0.6521488737015755,-1366.1065675188906,19,-0.7887406968631065,-8941.01830522192
C__r5_negative,C,r5_negative,20,0.3389944261731106,0.07981487995798603,50.0,6295.2377383241255,1.4358404771985207,2.4211285694621236,-6.639395060878929,-2058.6016903139944,9,120,16.666666666666668,-0.7272382739900405,-9080.920292823894,-0.4037448422678207,False,False,4,-0.148525856637906,175.21441165000883,9,-0.12418644677461003,595.9492132560389,7,1.213095710140761,5524.074113418077
C__pair_volume_ge15_clv_lt04,C,pair_volume_ge15_clv_lt04,6,-0.34138477506535847,-0.3281185352308982,50.0,-149.17307199998464,0.7785442839592981,0.9151839889928667,-3.427629820284682,-1088.7209070999913,4,120,5.0,-0.0627933139428843,-349.1230979999792,-0.2767218162537518,True,False,3,-1.2356901403110687,-403.8809813999925,3,0.5529205901803514,254.70790940000785,0,,0.0
C__pair_volume_ge15_upper_ge03,C,pair_volume_ge15_upper_ge03,8,-1.6856148632517425,-1.4266076863998804,37.5,-2267.1735008569763,0.25596847904723047,0.25747434561882515,-8.827690427622347,-2933.30161624999,6,120,6.666666666666667,1.2676511544475502,1511.8819783570368,-0.17955068569023133,True,True,5,-2.5144057748939312,-1970.6591114999878,2,-0.4328748122003019,-264.331633399997,1,-0.047140407143681375,-32.18275595699127
C__pair_decelerate_upper_ge03,C,pair_decelerate_upper_ge03,21,-0.7037535371123534,-1.507471780645152,33.33333333333333,-4958.890090175914,0.5121299835683941,0.5566045011876686,-4.52044229965467,-6262.306995392975,10,120,17.5,0.3166892401550414,1739.4359676760987,-0.19005829721172152,True,True,6,-0.02239975569318431,-174.3457523499876,7,-0.6992846336526041,1005.0454416310399,8,-1.218679163704011,-5789.589779456966
C__pair_r5negative_volume_lt08,C,pair_r5negative_volume_lt08,8,-0.13476697015753192,-0.01859859604040301,50.0,376.28812213904916,0.830848823286263,1.1744846823593305,-2.9949263800546064,-1812.9289800709696,3,120,6.666666666666667,-0.2620791621327078,-1303.2922411389545,-0.2903255351969607,True,False,0,,0.0,6,-0.4256082031935902,-462.1681986499789,2,0.737756728950643,838.456320789028
