id,scope,source_direction,opposite_direction,n,source_mean_pct,source_cash,opposite_mean_pct,opposite_cash,large_loss,status,start,end
U__volume_lt08,primary_bounded_scan,rt,pt,59,-0.7987698850905594,-14318.837035912746,0.4214414862601358,6136.050920413169,True,research_candidate_only,2024-03-26,2026-06-26
U__volume_08_12,primary_bounded_scan,rt,pt,82,-0.8771743337319945,-25977.097411337643,0.5035237497324814,12513.289287838441,True,research_candidate_only,2024-02-27,2026-06-25
U__volume_12_15,primary_bounded_scan,rt,pt,60,-1.3079423117522149,-25496.858663415707,0.9324588877270169,16452.6585624162,True,research_candidate_only,2024-02-22,2026-06-04
U__r3_le0,primary_bounded_scan,rt,pt,75,-0.8317687914390521,-24564.967987626726,0.45430644562292855,13605.494008127273,True,research_candidate_only,2024-02-26,2026-06-26
U__r3_0_3,primary_bounded_scan,rt,pt,36,-1.7008433005581967,-22114.668380847834,1.3221265908417035,16935.57355734814,True,research_candidate_only,2024-02-27,2026-06-24
U__r3_3_6,primary_bounded_scan,rt,pt,34,-1.1147393497224887,-15716.50164052588,0.739414209970184,10257.012949026142,True,research_candidate_only,2024-02-23,2026-06-17
U__r3_gt6,primary_bounded_scan,rt,pt,71,-0.29844878143520703,4682.230753404388,-0.07299437499708814,-15972.609236903678,False,research_candidate_only,2024-02-21,2026-06-23
U__clv_lt04,primary_bounded_scan,rt,pt,77,-1.398298947119659,-47419.31215004969,1.0200938096676953,35999.8432330503,True,research_candidate_only,2024-02-26,2026-06-24
U__clv_04_07,primary_bounded_scan,rt,pt,68,-0.4896026196563438,-7940.933045967794,0.10997755794675411,-922.6820775317574,False,research_candidate_only,2024-02-21,2026-06-04
U__clv_ge07,primary_bounded_scan,rt,pt,71,-0.5879158096569463,-2353.66205957858,0.21973698480876255,-10251.689877920668,True,research_candidate_only,2024-02-28,2026-06-26
U__upper_ge03,primary_bounded_scan,rt,pt,91,-1.317373523609447,-39526.620527714644,0.9376782196195804,27156.720651215343,True,research_candidate_only,2024-02-21,2026-06-17
U__bias20_0_5,primary_bounded_scan,rt,pt,62,-0.3675844863298524,-9563.137858998769,-0.009196980999573964,94.44898849921537,False,research_candidate_only,2024-03-26,2026-06-26
U__bias20_gt5,primary_bounded_scan,rt,pt,154,-1.038401177909334,-48150.76939659727,0.6636184157674515,24731.022289098655,True,research_candidate_only,2024-02-21,2026-06-23
U__r5_positive_decelerate,primary_bounded_scan,rt,pt,86,-0.7871598936074868,-17216.878014447633,0.41012744882370084,4637.665478948369,True,research_candidate_only,2024-02-21,2026-06-26
U__r5_negative,primary_bounded_scan,rt,pt,52,-0.5670318243895006,-8062.3872199647585,0.19300339574815395,-124.37119453480022,True,research_candidate_only,2024-03-18,2026-06-17
U__pair_decelerate_upper_ge03,primary_bounded_scan,rt,pt,39,-1.047351309024511,-8058.243198564795,0.667217574515785,2899.0231615651765,True,research_candidate_only,2024-02-21,2026-06-04
U__pair_r5negative_volume_lt08,primary_bounded_scan,rt,pt,28,-0.919324605605375,-12120.318192257884,0.5420495645432856,7994.655444258058,True,research_candidate_only,2024-03-26,2026-06-17
R__volume_lt08,primary_bounded_scan,rt,pt,79,-0.9005740361473958,-27576.94807167267,0.5181023891011487,16492.03962067332,True,research_candidate_only,2024-03-28,2026-09-04
R__volume_08_12,primary_bounded_scan,rt,pt,54,-0.18473254758578192,-5455.027178776778,-0.19361202701154645,-2395.7913057227784,False,research_candidate_only,2024-01-30,2026-08-20
R__volume_12_15,primary_bounded_scan,rt,pt,11,-1.7263179090043972,-6645.952912719944,1.3382210338208398,5411.034210220031,True,research_candidate_only,2024-04-25,2025-11-28
R__r3_le0,primary_bounded_scan,rt,pt,102,-0.8775104906466871,-38101.56981290859,0.49689508062392346,23383.066522409437,True,research_candidate_only,2024-01-30,2026-09-04
R__r3_0_3,primary_bounded_scan,rt,pt,32,-0.08680182265872316,1293.5990702311456,-0.2978454706965512,-5204.777252730875,False,research_candidate_only,2024-04-15,2026-07-09
R__r3_3_6,primary_bounded_scan,rt,pt,9,-2.039546674361847,-8741.54171546096,1.6574327168063718,7454.411193461019,True,research_candidate_only,2024-04-02,2026-07-13
R__clv_lt04,primary_bounded_scan,rt,pt,73,-0.9245739062795789,-25395.42204863469,0.5438387340607795,14854.519952135337,True,research_candidate_only,2024-01-30,2026-09-03
R__clv_04_07,primary_bounded_scan,rt,pt,39,-1.0229548740298535,-16521.610229925845,0.6409444352709318,11091.489698426138,True,research_candidate_only,2024-03-29,2026-09-04
R__upper_ge03,primary_bounded_scan,rt,pt,57,-1.2005854978377934,-28145.343797449757,0.8195484206114979,20062.609772950254,True,research_candidate_only,2024-03-29,2026-09-04
R__bias20_le_m5,primary_bounded_scan,rt,pt,63,-0.46227905005966086,-10841.62457734172,0.08422286057228796,1515.2876333422837,False,research_candidate_only,2024-04-08,2026-07-16
R__bias20_m5_0,primary_bounded_scan,rt,pt,79,-0.7763626017321658,-27341.042688527665,0.3938852883144346,16428.02045902829,True,research_candidate_only,2024-01-30,2026-09-04
R__bias20_0_5,primary_bounded_scan,rt,pt,5,-3.961494052938639,-4472.333928749987,3.5618328005604645,4025.5421762500173,True,research_candidate_only,2024-04-19,2025-06-05
R__r5_negative,primary_bounded_scan,rt,pt,116,-0.7313128052435094,-35734.6621977485,0.3507463698745433,19111.6328952495,True,research_candidate_only,2024-01-30,2026-09-04
R__pair_volume_ge15_upper_ge03,primary_bounded_scan,rt,pt,2,-3.7748463615487253,-2116.9519627249883,3.398781848869839,1802.068580725008,True,research_candidate_only,2024-11-11,2025-11-27
R__pair_decelerate_upper_ge03,primary_bounded_scan,rt,pt,3,-0.13323180825043232,-87.86669729998846,-0.26377278891561357,-167.84670769999224,False,research_candidate_only,2024-04-16,2025-03-19
R__pair_r5negative_volume_lt08,primary_bounded_scan,rt,pt,68,-0.9175591410093382,-21119.163909529725,0.5350562810284692,11612.656484030285,True,research_candidate_only,2024-03-28,2026-09-04
D__volume_lt08,primary_bounded_scan,rt,pt,69,-0.7224235978834699,-18629.34170630272,0.327286363525948,10423.398816803237,True,research_candidate_only,2024-01-08,2026-08-04
D__volume_08_12,primary_bounded_scan,rt,pt,72,-0.3220381636970181,-4530.935821706702,-0.06172213887184869,-5770.626401292711,False,research_candidate_only,2024-01-04,2026-09-07
D__volume_12_15,primary_bounded_scan,rt,pt,11,-0.07810177091736459,140.67353961804122,-0.32115334315982175,-1358.9517691179644,False,research_candidate_only,2024-01-05,2026-03-10
D__volume_ge15,primary_bounded_scan,rt,pt,14,-0.5368980308186868,-1657.4095845539764,0.13096480654496295,342.0908135540546,True,research_candidate_only,2024-01-03,2026-04-01
D__r3_le0,primary_bounded_scan,rt,pt,114,-0.5776261529210609,-12438.677792128514,0.1858451020148535,-2201.236762870532,True,research_candidate_only,2024-01-04,2026-08-04
D__r3_0_3,primary_bounded_scan,rt,pt,38,-0.032595830182903164,-3561.0711387578576,-0.36005113493867125,-861.7452407419034,False,research_candidate_only,2024-01-03,2026-09-07
D__r3_3_6,primary_bounded_scan,rt,pt,10,-0.47293460571034995,-2563.3145031349904,0.09035276371864713,1175.7512606350388,False,research_candidate_only,2024-08-19,2026-07-23
D__r3_gt6,primary_bounded_scan,rt,pt,4,-2.398074728660646,-6113.950138924003,2.0079148655446204,5523.142202924012,True,research_candidate_only,2025-04-14,2026-08-05
D__clv_lt04,primary_bounded_scan,rt,pt,92,-0.45933605960334345,-14365.087887214646,0.06526577655820649,3030.5654512153396,False,research_candidate_only,2024-01-03,2026-09-07
D__clv_04_07,primary_bounded_scan,rt,pt,39,-0.5185875494004805,-2335.2014029218367,0.12958495594817324,-2735.101880077846,True,research_candidate_only,2024-01-17,2026-08-04
D__clv_ge07,primary_bounded_scan,rt,pt,35,-0.5407381726163146,-7976.724282808877,0.1537520250301426,3340.447888809126,True,research_candidate_only,2024-01-12,2026-08-05
D__upper_ge03,primary_bounded_scan,rt,pt,74,-0.4433333093448476,-7693.836691084714,0.05025907872261728,-1635.3506934147051,False,research_candidate_only,2024-01-08,2026-09-07
D__bias20_le_m5,primary_bounded_scan,rt,pt,75,-0.489762096100574,-7951.182241633721,0.09154031434394445,-872.9512643657063,False,research_candidate_only,2024-01-04,2026-08-04
D__bias20_m5_0,primary_bounded_scan,rt,pt,91,-0.4909616565291681,-16725.831331311638,0.10520947280871332,4508.862724312325,False,research_candidate_only,2024-01-03,2026-09-07
D__r5_positive_decelerate,primary_bounded_scan,rt,pt,22,-0.4728154020145087,-6474.3954813819155,0.08893131065521018,3463.1216448820496,False,research_candidate_only,2024-08-02,2026-07-27
D__r5_negative,primary_bounded_scan,rt,pt,124,-0.5427351301957861,-14295.024710276506,0.14991951598764686,-1258.2830137224908,True,research_candidate_only,2024-01-03,2026-09-07
D__pair_volume_ge15_clv_lt04,primary_bounded_scan,rt,pt,7,-1.3723004964781609,-1817.4746148399777,0.961092549749541,1161.7808673400277,True,research_candidate_only,2024-01-03,2026-01-30
D__pair_r5negative_volume_lt08,primary_bounded_scan,rt,pt,52,-0.718062759661355,-12486.693758876812,0.31813855953914544,6748.499826877192,True,research_candidate_only,2024-01-08,2026-08-04
C__volume_lt08,primary_bounded_scan,rt,pt,20,-0.08557275870043553,-1577.4238948288923,-0.30401218546735187,-1037.5586526708992,False,research_candidate_only,2024-12-31,2026-09-11
C__volume_08_12,primary_bounded_scan,rt,pt,51,-0.5621195330997656,-10974.05794690771,0.18969152547497167,1922.719209408257,True,research_candidate_only,2024-01-02,2026-09-09
C__volume_12_15,primary_bounded_scan,rt,pt,19,-0.820677986396159,-4271.53046368792,0.42403241910180023,1866.9355971880555,True,research_candidate_only,2024-01-25,2026-04-21
C__r3_le0,primary_bounded_scan,rt,pt,30,-0.22282268855099016,-5402.7186694588445,-0.15756656946838773,715.7527584591737,False,research_candidate_only,2024-01-29,2026-09-11
C__r3_0_3,primary_bounded_scan,rt,pt,24,-1.051811907241016,-7805.808423414846,0.667579161238356,4271.173546415128,True,research_candidate_only,2024-01-25,2026-09-10
C__r3_gt6,primary_bounded_scan,rt,pt,40,-0.23168549912206218,579.133398762222,-0.15542884057357487,-6379.128055761817,False,research_candidate_only,2024-01-02,2026-09-08
C__clv_lt04,primary_bounded_scan,rt,pt,43,-1.0995118712383245,-15506.558335738806,0.7134493539669714,9387.220926239172,True,research_candidate_only,2024-01-23,2026-09-11
C__upper_ge03,primary_bounded_scan,rt,pt,42,-0.6930313567844409,-5750.804746247772,0.3061461023510509,-392.1442877517861,True,research_candidate_only,2024-01-02,2026-09-10
C__bias20_m5_0,primary_bounded_scan,rt,pt,5,-2.0713487555649572,-6206.154214481983,1.7098526945908656,5111.018023482032,True,research_candidate_only,2025-12-23,2026-09-02
C__bias20_0_5,primary_bounded_scan,rt,pt,60,-0.2621737165057942,-2461.2824740496135,-0.1227807034650336,-6120.36849144976,False,research_candidate_only,2024-01-02,2026-09-11
C__bias20_gt5,primary_bounded_scan,rt,pt,55,-0.13649870791177118,-3152.9619180217774,-0.2504962073283231,-4652.586793477725,False,research_candidate_only,2024-01-23,2026-08-19
C__r5_positive_decelerate,primary_bounded_scan,rt,pt,48,-0.6152855878703408,-11284.78958019078,0.23144528897789005,3791.4430341911943,True,research_candidate_only,2024-01-02,2026-09-11
C__pair_volume_ge15_clv_lt04,primary_bounded_scan,rt,pt,6,-0.3413847750653587,-149.1730719999847,-0.0627933139428843,-349.1230979999792,False,research_candidate_only,2024-01-23,2025-05-15
C__pair_volume_ge15_upper_ge03,primary_bounded_scan,rt,pt,8,-1.6856148632517425,-2267.1735008569767,1.2676511544475502,1511.8819783570368,True,research_candidate_only,2024-01-22,2026-08-07
C__pair_decelerate_upper_ge03,primary_bounded_scan,rt,pt,21,-0.7037535371123537,-4958.890090175914,0.3166892401550414,1739.4359676760987,True,research_candidate_only,2024-01-02,2026-08-31
C__pair_r5negative_volume_lt08,primary_bounded_scan,rt,pt,8,-0.13476697015753203,376.28812213904916,-0.2620791621327078,-1303.2922411389552,False,research_candidate_only,2025-05-06,2026-08-24
stage_ALL,primary_baseline,rt,pt,654,-0.6024282179441639,-133261.92975551414,0.21989924785540438,40694.60562051965,True,research_candidate_only,2024-01-02,2026-09-11
stage_U,primary_baseline,rt,pt,216,-0.8458519423633717,-57713.907255596045,0.47049547780654605,24825.471277597873,True,research_candidate_only,2024-02-21,2026-06-26
stage_R,primary_baseline,rt,pt,152,-0.633419548223537,-39050.61032041935,0.25225243044629747,17895.160144420603,True,research_candidate_only,2024-01-30,2026-09-04
stage_D,primary_baseline,rt,pt,166,-0.4904196864560082,-24677.01357294536,0.09903364820113696,3635.911459946618,False,research_candidate_only,2024-01-03,2026-09-07
stage_C,primary_baseline,rt,pt,120,-0.2799549641943322,-11820.398606553375,-0.10495725115004555,-5661.9372614454505,False,research_candidate_only,2024-01-02,2026-09-11
stage_ALL,old_main_baseline,rt,pt,598,-0.6519638851822182,-133473.4250213345,0.2671304940485217,53679.81296433922,True,research_candidate_only,2024-01-02,2026-06-25
stage_U,old_main_baseline,rt,pt,215,-0.8786158683557967,-62362.70136510204,0.5031261096754509,29734.289058103874,True,research_candidate_only,2024-02-21,2026-06-25
stage_R,old_main_baseline,rt,pt,131,-0.7080514011813885,-37911.395327929466,0.32318489263386213,21633.72565093044,True,research_candidate_only,2024-01-30,2026-06-18
stage_D,old_main_baseline,rt,pt,151,-0.4474355063836288,-16591.70591412247,0.05287616355606018,-1255.5384473764739,False,research_candidate_only,2024-01-03,2026-04-01
stage_C,old_main_baseline,rt,pt,101,-0.4025197685522801,-16607.622414180503,0.012380200285079152,3567.336702681399,False,research_candidate_only,2024-01-02,2026-04-22
stage_ALL,viewed_tail_baseline,rt,pt,56,-0.07345805708065521,211.49526582035924,-0.28446298827824157,-12985.207343819597,False,research_candidate_only,2026-06-26,2026-09-11
stage_R,viewed_tail_baseline,rt,pt,21,-0.1678589416769392,-1139.2149924898815,-0.19023102415232018,-3738.5655065098395,False,research_candidate_only,2026-06-29,2026-09-04
stage_D,viewed_tail_baseline,rt,pt,15,-0.9231270991846273,-8085.3076588228905,0.5636856602949099,4891.449907323088,True,research_candidate_only,2026-07-17,2026-09-07
stage_ALL,2023_baseline,rt,pt,242,-0.6182521404498512,-22493.235640399576,0.11818150894383313,2652.9214104005023,True,research_candidate_only,2023-01-03,2023-12-29
stage_U,2023_baseline,rt,pt,86,-0.9676335646724474,-12490.865723449839,0.4284769747216058,4880.448708450185,True,research_candidate_only,2023-01-10,2023-08-09
stage_R,2023_baseline,rt,pt,77,-0.7424725518356194,-9702.296459699879,0.21058096562468367,3170.797059700156,True,research_candidate_only,2023-01-03,2023-12-05
stage_D,2023_baseline,rt,pt,57,-0.4508038648544787,-3506.663242299885,0.02367750196831943,-587.3578801998746,False,research_candidate_only,2023-08-24,2023-12-28
RT_UR_VOL_stage,2023_candidate,rt,pt,26,-1.74546788230781,-6447.90722509996,1.1786279331965097,4586.765495100033,True,research_candidate_only,2023-01-31,2023-11-28
stage_ALL,early_stress_baseline,rt,pt,1030,-0.3502516649985796,-46352.8888758485,-0.2144249819740013,-28022.05419914856,False,research_candidate_only,2018-10-10,2022-12-30
stage_U,early_stress_baseline,rt,pt,221,-0.33282105041182125,-10613.905904649673,-0.215967931765051,-6755.834920349667,False,research_candidate_only,2019-02-14,2022-12-22
stage_R,early_stress_baseline,rt,pt,304,-0.39633909291859815,-16663.771972099552,-0.16245579877010555,-5829.189207899559,False,research_candidate_only,2018-11-23,2022-12-30
stage_D,early_stress_baseline,rt,pt,288,-0.3307660330890363,-10639.863374799606,-0.24836325857686248,-8720.822885199621,False,research_candidate_only,2018-10-10,2022-11-01
stage_C,early_stress_baseline,rt,pt,217,-0.32929982041764166,-8435.347624299673,-0.24061583970920086,-6716.2071856997145,False,research_candidate_only,2018-11-05,2022-11-25
RT_UR_VOL_stage,early_stress_candidate,rt,pt,61,-0.5903643435081171,-5602.5509007999035,0.04619194143909894,714.2907108000993,True,research_candidate_only,2019-02-14,2022-11-30
stage_ALL,2024_baseline,rt,pt,242,-0.5493237546948151,-25225.373183299358,0.15079459107132462,4087.3006283005616,True,research_candidate_only,2024-01-02,2024-12-31
stage_U,2024_baseline,rt,pt,75,-0.6992819625246591,-11335.363461349814,0.3122526606331033,4200.75355885019,True,research_candidate_only,2024-02-21,2024-11-14
stage_R,2024_baseline,rt,pt,76,-0.4573837595124157,-7627.109448299757,0.06693491627326167,690.811633300189,False,research_candidate_only,2024-01-30,2024-12-09
stage_D,2024_baseline,rt,pt,58,-0.5790402402249366,-5198.275367399875,0.16275429110993664,760.2354074001059,True,research_candidate_only,2024-01-03,2024-12-23
stage_C,2024_baseline,rt,pt,33,-0.36802126638805843,-1064.6249062499082,-0.04404427361716409,-1564.4999712499202,False,research_candidate_only,2024-01-02,2024-12-31
stage_ALL,2025_baseline,rt,pt,243,-0.838457905978554,-78280.24264005882,0.45507970592058017,44549.06961056096,True,research_candidate_only,2025-01-02,2025-12-31
stage_U,2025_baseline,rt,pt,104,-1.263233404264024,-49641.7387074845,0.8900258584058796,33237.55594498547,True,research_candidate_only,2025-02-21,2025-11-11
stage_R,2025_baseline,rt,pt,45,-0.8424620355742145,-16541.518786471755,0.46180495745206723,9611.946152472185,True,research_candidate_only,2025-01-02,2025-12-03
stage_D,2025_baseline,rt,pt,50,-0.5274145750655593,-8326.34351414684,0.1267083801580931,3290.753620647145,True,research_candidate_only,2025-01-03,2025-12-22
stage_C,2025_baseline,rt,pt,44,-0.18380628989119305,-3770.6416319557197,-0.20670370065359497,-1591.1861075438349,False,research_candidate_only,2025-01-22,2025-12-31
stage_ALL,2026_ytd_baseline,rt,pt,169,-0.33909132986123836,-29756.313932155965,-0.01930503834631404,-7941.764618341885,False,research_candidate_only,2026-01-05,2026-09-11
stage_R,2026_ytd_baseline,rt,pt,31,-0.7615423872965933,-14881.982085647833,0.40239008728149356,7592.4023586482235,True,research_candidate_only,2026-01-05,2026-09-04
stage_D,2026_ytd_baseline,rt,pt,58,-0.3699069873340182,-11152.39469139865,0.0114554777432373,-415.0775681006319,False,research_candidate_only,2026-01-09,2026-09-07
stage_C,2026_ytd_baseline,rt,pt,43,-0.3107538873791032,-6985.132068347747,-0.0475917739507179,-2506.2511826516984,False,research_candidate_only,2026-01-06,2026-09-11
stage_v3_ALL,primary_baseline,rt,pt,654,-0.6024282179441639,-133261.92975551414,0.21989924785540438,40694.60562051965,True,research_candidate_only,2024-01-02,2026-09-11
stage_v3_U,primary_baseline,rt,pt,221,-0.7981922282123141,-56017.78019089603,0.42273514644103893,22642.567837897885,True,research_candidate_only,2024-02-21,2026-06-26
stage_v3_R,primary_baseline,rt,pt,175,-0.5865184307598533,-44087.46495953015,0.20551953390323197,18896.79661953172,True,research_candidate_only,2024-01-02,2026-09-11
stage_v3_D,primary_baseline,rt,pt,173,-0.47485953568047523,-26371.209468832327,0.08405301312799149,4081.181087333659,False,research_candidate_only,2024-01-03,2026-09-07
stage_v3_C,primary_baseline,rt,pt,85,-0.38583702405723724,-6785.475136255629,-0.0013817525910971916,-4925.939924243627,False,research_candidate_only,2024-01-23,2026-09-01
stage_v3_ALL,old_main_baseline,rt,pt,598,-0.6519638851822182,-133473.4250213345,0.2671304940485217,53679.81296433922,True,research_candidate_only,2024-01-02,2026-06-25
stage_v3_U,old_main_baseline,rt,pt,220,-0.8299948844587701,-60666.57430040203,0.4544070806248982,27551.385618403885,True,research_candidate_only,2024-02-21,2026-06-25
stage_v3_R,old_main_baseline,rt,pt,152,-0.6818232219663329,-45737.54769354831,0.29730066200809213,25924.54560154955,True,research_candidate_only,2024-01-02,2026-06-18
stage_v3_D,old_main_baseline,rt,pt,154,-0.41031823252172234,-15201.502180081461,0.01565851792843219,-3004.5502339174614,False,research_candidate_only,2024-01-03,2026-04-01
stage_v3_C,old_main_baseline,rt,pt,72,-0.5617971001501277,-11867.800847302697,0.1690745182962476,3208.4319783032565,True,research_candidate_only,2024-01-23,2026-04-22
stage_v3_ALL,viewed_tail_baseline,rt,pt,56,-0.07345805708065521,211.49526582035924,-0.28446298827824157,-12985.207343819597,False,research_candidate_only,2026-06-26,2026-09-11
stage_v3_D,viewed_tail_baseline,rt,pt,19,-0.9979837823356317,-11169.707288750866,0.6384083952717878,7085.731321251119,True,research_candidate_only,2026-07-17,2026-09-07
stage_v3_ALL,2023_baseline,rt,pt,242,-0.6182521404498512,-22493.235640399576,0.11818150894383313,2652.9214104005023,True,research_candidate_only,2023-01-03,2023-12-29
stage_v3_U,2023_baseline,rt,pt,91,-0.996927820310874,-14082.67666529983,0.4573596787632251,6027.268465300196,True,research_candidate_only,2023-01-06,2023-08-09
stage_v3_R,2023_baseline,rt,pt,82,-0.5200445740489167,-6468.953335499868,0.007675378584721982,-273.1262169998309,True,research_candidate_only,2023-01-03,2023-12-29
stage_v3_D,2023_baseline,rt,pt,58,-0.3766503568981915,-2938.7735517998844,-0.050583502945804035,-1219.168345699873,False,research_candidate_only,2023-08-24,2023-12-28
RT_UR_VOL_stage_v3,2023_candidate,rt,pt,28,-1.4706332918736016,-5701.242578499953,0.9146313651350234,3693.8399285000332,True,research_candidate_only,2023-01-31,2023-12-12
stage_v3_ALL,early_stress_baseline,rt,pt,1030,-0.3502516649985796,-46352.8888758485,-0.2144249819740013,-28022.05419914856,False,research_candidate_only,2018-10-10,2022-12-30
stage_v3_U,early_stress_baseline,rt,pt,236,-0.39289249305599666,-13382.752915599645,-0.15605224894662106,-5146.870814399645,False,research_candidate_only,2019-02-14,2022-12-22
stage_v3_R,early_stress_baseline,rt,pt,323,-0.2948668191391798,-13177.69143169952,-0.2654284505369123,-10499.030748299563,False,research_candidate_only,2018-11-05,2022-12-30
stage_v3_D,early_stress_baseline,rt,pt,308,-0.35599616449713634,-12349.558489849587,-0.22243893309947546,-8411.527485149589,False,research_candidate_only,2018-10-10,2022-11-01
stage_v3_C,early_stress_baseline,rt,pt,163,-0.387409726013796,-7442.886038699753,-0.18272895560587518,-3964.625151299763,False,research_candidate_only,2018-11-09,2022-11-25
RT_UR_VOL_stage_v3,early_stress_candidate,rt,pt,65,-0.5107914469981295,-5073.261932549898,-0.03681990245324906,-55.77065244989331,True,research_candidate_only,2018-11-05,2022-11-30
stage_v3_ALL,2024_baseline,rt,pt,242,-0.5493237546948151,-25225.373183299358,0.15079459107132462,4087.3006283005616,True,research_candidate_only,2024-01-02,2024-12-31
stage_v3_U,2024_baseline,rt,pt,80,-0.5767826259222817,-9639.236396649798,0.1902049213092299,2017.8501191501987,True,research_candidate_only,2024-02-21,2024-11-14
stage_v3_R,2024_baseline,rt,pt,78,-0.369198164726328,-7261.4242038497505,-0.023843210608248205,276.69177635019116,False,research_candidate_only,2024-01-02,2024-12-31
stage_v3_D,2024_baseline,rt,pt,59,-0.5667952167337261,-5178.84247964987,0.14992105179598406,679.6932821501083,True,research_candidate_only,2024-01-03,2024-12-23
stage_v3_C,2024_baseline,rt,pt,25,-0.9822145570567726,-3145.870103149936,0.5716130282400989,1113.0654506500641,True,research_candidate_only,2024-01-23,2024-12-30
stage_v3_ALL,2025_baseline,rt,pt,243,-0.838457905978554,-78280.24264005882,0.45507970592058017,44549.06961056096,True,research_candidate_only,2025-01-02,2025-12-31
stage_v3_U,2025_baseline,rt,pt,104,-1.263233404264024,-49641.7387074845,0.8900258584058796,33237.55594498547,True,research_candidate_only,2025-02-21,2025-11-11
stage_v3_R,2025_baseline,rt,pt,55,-0.8681994300603624,-20768.171393805645,0.48740439282247305,12183.59475680622,True,research_candidate_only,2025-01-22,2025-12-23
stage_v3_D,2025_baseline,rt,pt,51,-0.45771547551323877,-7678.514260696844,0.057170033144731465,2558.9276946971486,False,research_candidate_only,2025-01-02,2025-12-22
stage_v3_C,2025_baseline,rt,pt,33,-0.038622400146515405,-191.81827807183026,-0.35458284942811596,-3431.008785927873,False,research_candidate_only,2025-01-23,2025-12-31
stage_v3_ALL,2026_ytd_baseline,rt,pt,169,-0.33909132986123836,-29756.313932155965,-0.01930503834631404,-7941.764618341885,False,research_candidate_only,2026-01-05,2026-09-11
stage_v3_R,2026_ytd_baseline,rt,pt,42,-0.6212452352619245,-16057.869361874755,0.26234398226840333,6436.51008637531,True,research_candidate_only,2026-01-05,2026-09-11
stage_v3_D,2026_ytd_baseline,rt,pt,63,-0.4026395656231304,-13513.85272848561,0.04412948452060575,842.5601104864007,False,research_candidate_only,2026-01-09,2026-09-07
stage_v3_C,2026_ytd_baseline,rt,pt,27,-0.25800903383743834,-3447.786755033861,-0.10024224611547794,-2607.9965889658183,False,research_candidate_only,2026-01-06,2026-09-01
UR_volume_ge_1.2,primary_sensitivity,rt,pt,94,-0.8383741049874776,-23436.60787831557,0.4610676402794943,9975.042898816311,True,research_candidate_only,2024-02-21,2026-06-22
UR_volume_ge_1.2_new,primary_increment_only,rt,pt,71,-1.3727610662560739,-32142.811576135657,0.9953234455725385,21863.69277263623,True,research_candidate_only,2024-02-22,2026-06-04
UR_volume_ge_1.3,primary_sensitivity,rt,pt,67,-0.3692374827224466,-4721.4598076636685,-0.0074445095626293365,-4921.409790335756,False,research_candidate_only,2024-02-21,2026-06-22
UR_volume_ge_1.3_new,primary_increment_only,rt,pt,44,-0.9863132085855072,-13427.663505483753,0.6097460070154915,6967.2400834841565,True,research_candidate_only,2024-02-22,2026-06-04
UR_volume_ge_1.4,primary_sensitivity,rt,pt,41,-0.3153320594257545,-4388.885505265867,-0.06481018541123262,-949.7447087338312,False,research_candidate_only,2024-02-21,2026-06-22
UR_volume_ge_1.4_new,primary_increment_only,rt,pt,18,-1.7548602373230175,-13095.089203085949,1.370577158195403,10938.905165086082,True,research_candidate_only,2024-02-22,2026-04-27
UR_volume_ge_2.0,primary_sensitivity,rt,pt,6,-0.5512322036206875,-761.7635623999817,0.163757170048118,197.99656240002565,True,research_candidate_only,2024-06-07,2025-07-09
