window,kind,rise,pullback,tp,stop,breakout_veto,signals,executed,execution_rate,net_win_rate,avg_net_per_trade,avg_net_per_signal,total_pnl_1000,pf,worst_pnl_1000,max_losing_streak,tp_count,stop_count,ambiguous_bar_count
full,limit,0.002,,,,,61,46,0.7540983606557377,0.5217391304347826,-0.0027870684319993505,-0.0021017237356060676,-2446.07285919879,0.6039907823913891,-3110.245124006821,6,0,0,0
full,limit,0.002,,0.012,,,61,46,0.7540983606557377,0.5434782608695652,-0.002516784117710683,-0.0018979027772900233,-2172.6344045340097,0.639407082780108,-3110.245124006821,6,16,0,0
full,limit,0.002,,0.015,,,61,46,0.7540983606557377,0.5434782608695652,-0.0019150733850667662,-0.0014441537002142827,-1744.435471766359,0.7104754143847751,-3110.245124006821,6,12,0,0
full,limit,0.002,,0.018,,,61,46,0.7540983606557377,0.5217391304347826,-0.0019234676261965782,-0.001450483783689223,-1766.857497927063,0.7139529786495452,-3110.245124006821,6,10,0,0
full,limit,0.003,,,,,61,45,0.7377049180327869,0.5111111111111111,-0.00239062527961559,-0.0017635760259459273,-1857.3586100597652,0.6831749987526181,-3053.500175848233,6,0,0,0
full,limit,0.003,,0.012,,,61,45,0.7377049180327869,0.5333333333333333,-0.0020184007766420164,-0.001488984179490012,-1715.645456969416,0.7005022340776662,-3053.500175848233,6,16,0,0
full,limit,0.003,,0.015,,,61,45,0.7377049180327869,0.5333333333333333,-0.001430218280811724,-0.0010550790596152062,-1216.4773879918325,0.7876412877039521,-3053.500175848233,6,12,0,0
full,limit,0.003,,0.015,0.04,,61,45,0.7377049180327869,0.5333333333333333,-0.0010796468624122532,-0.0007964608001401868,-516.1816508605935,0.8973408699405118,-2382.714681416468,6,12,3,0
full,limit,0.003,,0.018,,,61,45,0.7377049180327869,0.5111111111111111,-0.0014959329407277125,-0.001103557087422083,-1260.7318208943861,0.7849465587506417,-3053.500175848233,6,9,0,0
full,limit,0.004,,,,,61,40,0.6557377049180327,0.45,-0.002810944565313901,-0.0018432423379107546,-1556.157036770669,0.7195110566345789,-2996.755227689646,6,0,0,0
full,limit,0.004,,0.012,,,61,40,0.6557377049180327,0.475,-0.002077384765250964,-0.0013622195181973533,-942.160438127874,0.8265423143999483,-2996.755227689646,6,16,0,0
full,limit,0.004,,0.015,,,61,40,0.6557377049180327,0.475,-0.0019253730740116603,-0.0012625397206633838,-1100.2830164152283,0.7974309493278409,-2996.755227689646,6,10,0,0
full,limit,0.004,,0.018,,,61,40,0.6557377049180327,0.475,-0.0012645631642839166,-0.0008292217470714207,-533.9581473357966,0.9016949335845622,-2996.755227689646,6,9,0,0
full,limit,0.005,,,,,61,39,0.639344262295082,0.46153846153846156,-0.001982238909687924,-0.0012673330734070333,-840.0800001691897,0.8395816652682961,-2940.010279531058,7,0,0,0
full,limit,0.005,,0.012,,,61,39,0.639344262295082,0.48717948717948717,-0.001488170816461168,-0.0009514534728194353,-521.086882157171,0.8985831225780085,-2940.010279531058,7,17,0,0
full,limit,0.005,,0.015,,,61,39,0.639344262295082,0.48717948717948717,-0.0010787268033864348,-0.0006896777923290321,-329.1374172980162,0.9359414135183782,-2940.010279531058,7,12,0,0
full,limit,0.005,,0.015,0.04,,61,39,0.639344262295082,0.48717948717948717,-0.0008343186705775397,-0.0005334168549594107,200.28721978571696,1.0434590342932308,-2387.465857251788,7,12,3,0
full,limit,0.005,,0.018,,,61,39,0.639344262295082,0.48717948717948717,-0.000623391183909284,-0.000398561576597739,-6.51872081045974,0.9987312896716074,-2940.010279531058,7,9,0,0
full,open,0.0,,,,,61,51,0.8360655737704918,0.5098039215686274,-0.0023822419806617083,-0.001991710508422084,-2897.794365799923,0.5765726457775224,-3223.7350203239953,5,0,0,0
full,open,0.0,,0.012,,,61,51,0.8360655737704918,0.5490196078431373,-0.0024699536637947145,-0.002065043227107056,-2784.6775022732522,0.5759995358076775,-3223.7350203239953,5,19,0,0
full,open,0.0,,0.015,,,61,51,0.8360655737704918,0.5098039215686274,-0.002690490035513167,-0.0022494260952651067,-2862.574991213073,0.5817189207426073,-3223.7350203239953,5,14,0,0
full,open,0.0,,0.018,,,61,51,0.8360655737704918,0.5098039215686274,-0.0019893073332644335,-0.0016631913769915754,-2207.1386668881028,0.6774916477330599,-3223.7350203239953,5,13,0,0
full,pullback,0.003,0.002,,,,61,45,0.7377049180327869,0.5555555555555556,-0.002382239041993316,-0.001757389457208184,-1107.0780735019196,0.7985837300457537,-2534.525123660989,4,0,0,0
full,pullback,0.003,0.002,,,0.02,61,44,0.7213114754098361,0.5454545454545454,-0.0028196888391611202,-0.0020338739167719555,-2201.652400468936,0.5994423294505826,-2534.525123660989,4,0,0,0
full,pullback,0.003,0.002,0.015,,,61,45,0.7377049180327869,0.5777777777777777,-0.001607688936097156,-0.0011860000348257707,-630.5541913322655,0.8827856638555004,-2534.525123660989,4,10,0,0
full,pullback,0.003,0.002,0.015,,0.02,61,44,0.7213114754098361,0.5681818181818182,-0.0019446621412470945,-0.0014027071182765927,-1488.475864005725,0.723305763937733,-2534.525123660989,4,9,0,0
full,pullback,0.003,0.003,,,,61,45,0.7377049180327869,0.5555555555555556,-0.0020654644637349505,-0.001523703292919226,-897.3300999519281,0.8353708775802052,-2534.525123660989,6,0,0,0
full,pullback,0.003,0.003,,,0.02,61,41,0.6721311475409836,0.5121951219512195,-0.0035335093310410277,-0.002374981681519379,-2519.6826900689434,0.5377251358617967,-2534.525123660989,6,0,0,0
full,pullback,0.003,0.003,0.015,,,61,45,0.7377049180327869,0.5777777777777777,-0.001440613573370053,-0.001062747718059875,-534.1640013487794,0.8998501032859395,-2534.525123660989,6,11,0,0
full,pullback,0.003,0.003,0.015,,0.02,61,41,0.6721311475409836,0.5365853658536586,-0.002744019757400039,-0.0018443411484164196,-1887.2973365094867,0.646152431008296,-2534.525123660989,6,8,0,0
full,pullback,0.003,0.004,,,,61,45,0.7377049180327869,0.5555555555555556,-0.0022473997829649778,-0.001657917872679082,-287.98829926391977,0.9398941155706512,-1595.6014963229904,6,0,0,0
full,pullback,0.003,0.004,,,0.02,61,40,0.6557377049180327,0.525,-0.0030926416814650907,-0.0020279617583377645,-294.76958295794657,0.9077619440938878,-642.9295030499992,6,0,0,0
full,pullback,0.003,0.004,0.015,,,61,45,0.7377049180327869,0.5555555555555556,-0.0019175497925365064,-0.0014145859125269309,-201.81339554502426,0.9578796337909296,-1595.6014963229904,6,10,0,0
full,pullback,0.003,0.004,0.015,,0.02,61,40,0.6557377049180327,0.525,-0.0026665386291917113,-0.00174854992078145,40.91452861875405,1.012802801904589,-642.9295030499992,6,7,0,0
full,pullback,0.003,0.005,,,,61,44,0.7213114754098361,0.5454545454545454,-0.002387035066024079,-0.0017217957853288438,-610.3704496779201,0.8801073066519878,-1915.235071586994,6,0,0,0
full,pullback,0.003,0.005,,,0.02,61,39,0.639344262295082,0.5128205128205128,-0.0031269832572115067,-0.0019992188037909636,-297.518158107943,0.906315263860592,-642.9295030499992,6,0,0,0
full,pullback,0.003,0.005,0.015,,,61,44,0.7213114754098361,0.5454545454545454,-0.002049688484904051,-0.0014784638251766923,-524.1955459590246,0.8970343078056574,-1915.235071586994,6,10,0,0
full,pullback,0.003,0.005,0.015,,0.02,61,39,0.639344262295082,0.5128205128205128,-0.002689954485649066,-0.0017198069662346489,38.165953468757266,1.012017980021684,-642.9295030499992,6,7,0,0
full,pullback,0.005,0.002,,,,61,39,0.639344262295082,0.5128205128205128,-0.0016929451101419224,-0.0010823747425497538,-456.34869615192474,0.9010152109304843,-2534.525123660989,6,0,0,0
full,pullback,0.005,0.002,,,0.02,61,37,0.6065573770491803,0.5135135135135135,-0.002093450164797404,-0.0012697976409426878,-1467.5845578689414,0.6758118180261679,-2534.525123660989,6,0,0,0
full,pullback,0.005,0.002,0.015,,,61,39,0.639344262295082,0.5384615384615384,-0.0009462515269724827,-0.0006049804844578168,-45.80844881202154,0.9898052119518079,-2534.525123660989,6,9,0,0
full,pullback,0.005,0.002,0.015,,0.02,61,37,0.6065573770491803,0.5405405405405406,-0.0012078428759731315,-0.0007326260067378011,-820.3916562354812,0.8139693826816897,-2534.525123660989,6,8,0,0
full,pullback,0.005,0.003,,,,61,39,0.639344262295082,0.5384615384615384,-0.001444134875914143,-0.0009232993468959275,-326.50994800192916,0.9293530721227979,-2534.525123660989,6,0,0,0
full,pullback,0.005,0.003,,,0.02,61,34,0.5573770491803278,0.5,-0.0030240143127599948,-0.001685516174325243,-1865.5240728689446,0.5889446005857516,-2534.525123660989,8,0,0,0
full,pullback,0.005,0.003,0.015,,,61,39,0.639344262295082,0.5641025641025641,-0.0007380581347626946,-0.00047187323370073914,29.802657066970482,1.0066158381606343,-2534.525123660989,6,10,0,0
full,pullback,0.005,0.003,0.015,,0.02,61,34,0.5573770491803278,0.5294117647058824,-0.002089079743413918,-0.001164405102886446,-1239.992212843737,0.7195479556801374,-2534.525123660989,8,7,0,0
full,pullback,0.005,0.004,,,,61,38,0.6229508196721312,0.5526315789473685,-0.0013589398027424515,-0.0008465526640034943,425.7083032360771,1.1097333019216855,-1595.6014963229904,5,0,0,0
full,pullback,0.005,0.004,,,0.02,61,32,0.5245901639344263,0.53125,-0.0021493635718116137,-0.0011275349884913384,502.2654847920501,1.2282463202569054,-642.9295030499992,7,0,0,0
full,pullback,0.005,0.004,0.015,,,61,38,0.6229508196721312,0.5526315789473685,-0.0010941430246045865,-0.000681597294015972,455.7545956744749,1.1174782269201102,-1595.6014963229904,5,9,0,0
full,pullback,0.005,0.004,0.015,,0.02,61,32,0.5245901639344263,0.53125,-0.0017661401314712135,-0.000926499741099653,781.820985088253,1.3552857370239253,-642.9295030499992,7,6,0,0
full,pullback,0.005,0.005,,,,61,37,0.6065573770491803,0.5675675675675675,-0.0014757207424687167,-0.0008951093028088938,113.31105787207218,1.0270956329929024,-1915.235071586994,5,0,0,0
full,pullback,0.005,0.005,,,0.02,61,31,0.5081967213114754,0.5483870967741935,-0.0021319908505196983,-0.0010834707601001746,509.5018146920489,1.2333610136557576,-642.9295030499992,7,0,0,0
full,pullback,0.005,0.005,0.015,,,61,37,0.6065573770491803,0.5675675675675675,-0.00120376729465145,-0.0007301539328213713,143.35735031047022,1.0342804861572545,-1915.235071586994,5,9,0,0
full,pullback,0.005,0.005,0.015,,0.02,61,31,0.5081967213114754,0.5483870967741935,-0.0017364053637167053,-0.0008824355127084896,789.0573149882518,1.3614024710970716,-642.9295030499992,7,6,0,0
full,pullback,0.008,0.002,,,,61,31,0.5081967213114754,0.6451612903225806,-0.000717004388950771,-0.0003643792796307197,-137.96743123893452,0.9653632127526524,-2534.525123660989,2,0,0,0
full,pullback,0.008,0.002,,,0.02,61,28,0.45901639344262296,0.6428571428571429,-0.0013672139617371241,-0.000627573621780975,-1232.030573555954,0.6840886075150806,-2534.525123660989,2,0,0,0
full,pullback,0.008,0.002,0.015,,,61,31,0.5081967213114754,0.6451612903225806,-0.0007514708902026804,-0.0003818950425620179,-294.7663822342869,0.9259987637847813,-2534.525123660989,2,7,0,0
full,pullback,0.008,0.002,0.015,,0.02,61,28,0.45901639344262296,0.6428571428571429,-0.0012751440187342403,-0.0005853120085993233,-1152.1768702577497,0.7045643125385386,-2534.525123660989,2,6,0,0
full,pullback,0.008,0.003,,,,61,31,0.5081967213114754,0.6451612903225806,-0.0005154130320408858,-0.0002619312130043846,-58.05320833893552,0.985498417937674,-2534.525123660989,2,0,0,0
full,pullback,0.008,0.003,,,0.02,61,25,0.4098360655737705,0.6,-0.0026838035414260917,-0.0010999194841910212,-1679.894613805954,0.5714438990409272,-2534.525123660989,3,0,0,0
full,pullback,0.008,0.003,0.015,,,61,31,0.5081967213114754,0.6451612903225806,-0.0006009781409928491,-0.00030541512083243153,-269.07980160529166,0.9327843725447225,-2534.525123660989,2,8,0,0
full,pullback,0.008,0.003,0.015,,0.02,61,25,0.4098360655737705,0.6,-0.002619872978412121,-0.0010737184337754595,-1621.701952116002,0.5862893661275648,-2534.525123660989,3,5,0,0
full,pullback,0.008,0.004,,,,61,31,0.5081967213114754,0.6129032258064516,-0.00041376599671468444,-0.00021027452292057732,731.0968432490656,1.2301138183569342,-1595.6014963229904,4,0,0,0
full,pullback,0.008,0.004,,,0.02,61,24,0.39344262295081966,0.5833333333333334,-0.0014411969067129292,-0.0005670282911657426,724.8267442050354,1.483808161415794,-463.2012121499975,5,0,0,0
full,pullback,0.008,0.004,0.015,,,61,31,0.5081967213114754,0.6129032258064516,-0.00043320497885354387,-0.00022015334990917803,539.7802970812123,1.1698966510143756,-1595.6014963229904,4,8,0,0
full,pullback,0.008,0.004,0.015,,0.02,61,24,0.39344262295081966,0.5833333333333334,-0.0013746025702400424,-0.0005408272407501806,783.0194058949874,1.5226506639658142,-463.2012121499975,5,5,0,0
full,pullback,0.008,0.005,,,,61,30,0.4918032786885246,0.6,-0.0005026670160115455,-0.00024721328656305517,428.6845029350616,1.1235927268094292,-1915.235071586994,4,0,0,0
full,pullback,0.008,0.005,,,0.02,61,23,0.3770491803278688,0.5652173913043478,-0.001356179019317875,-0.0005113461876116579,742.0479791550349,1.5048110999874782,-463.2012121499975,7,0,0,0
full,pullback,0.008,0.005,0.015,,,61,30,0.4918032786885246,0.6,-0.0005227539642217005,-0.000257092113551656,237.36795676720828,1.068434834553574,-1915.235071586994,4,8,0,0
full,pullback,0.008,0.005,0.015,,0.02,61,23,0.3770491803278688,0.5652173913043478,-0.0012866892769113846,-0.00048514513719609577,800.240640844987,1.5443992430511577,-463.2012121499975,7,5,0,0
modern_2024plus,limit,0.002,,,,,26,15,0.5769230769230769,0.6666666666666666,0.0003154244444667534,0.0001819756410385116,-818.0952500169266,0.7632731436328101,-3110.245124006821,3,0,0,0
modern_2024plus,limit,0.002,,0.012,,,26,15,0.5769230769230769,0.7333333333333333,0.0010215800505465444,0.0005893731060845448,-693.7076532858197,0.7900544080977426,-3110.245124006821,2,7,0,0
modern_2024plus,limit,0.002,,0.015,,,26,15,0.5769230769230769,0.7333333333333333,0.0018638230153576471,0.001075282508860181,-440.62610573450695,0.8666477036286886,-3110.245124006821,2,5,0,0
modern_2024plus,limit,0.002,,0.018,,,26,15,0.5769230769230769,0.6666666666666666,0.0012311534386016472,0.0007102808299624888,-472.8656963498744,0.863169955114063,-3110.245124006821,3,4,0,0
modern_2024plus,limit,0.003,,,,,26,15,0.5769230769230769,0.6666666666666666,0.0013110672358812442,0.0007563849437776409,-340.37617207546225,0.8976905998982301,-3053.500175848233,3,0,0,0
modern_2024plus,limit,0.003,,0.012,,,26,15,0.5769230769230769,0.7333333333333333,0.001556578959418948,0.0008980263227417009,-423.51995869204563,0.8673567906206071,-3053.500175848233,2,7,0,0
modern_2024plus,limit,0.003,,0.015,,,26,15,0.5769230769230769,0.7333333333333333,0.00263472259877205,0.0015200322685223365,-61.349553592391516,0.9807857893932102,-3053.500175848233,2,6,0,0
modern_2024plus,limit,0.003,,0.015,0.04,,26,15,0.5769230769230769,0.7333333333333333,0.0034195364894730796,0.001972809513157546,609.4359408393735,1.2416344082392128,-2382.714681416468,2,6,1,0
modern_2024plus,limit,0.003,,0.018,,,26,15,0.5769230769230769,0.6666666666666666,0.0019646578276344574,0.0011334564390198794,-108.80959053565888,0.9672942912979395,-3053.500175848233,3,4,0,0
modern_2024plus,limit,0.004,,,,,26,15,0.5769230769230769,0.6666666666666666,0.0023047266751218525,0.0013296500048779918,137.34290586610985,1.0429465315923332,-2996.755227689646,3,0,0,0
modern_2024plus,limit,0.004,,0.012,,,26,15,0.5769230769230769,0.7333333333333333,0.0031287847555273723,0.0018050681281888688,499.6861054400706,1.1621501329946093,-2996.755227689646,2,10,0,0
modern_2024plus,limit,0.004,,0.015,,,26,15,0.5769230769230769,0.7333333333333333,0.0032344243756170176,0.0018660140628559718,264.26964698165136,1.085756553840484,-2996.755227689646,2,6,0,0
modern_2024plus,limit,0.004,,0.018,,,26,15,0.5769230769230769,0.7333333333333333,0.004196176130890997,0.0024208708447448057,653.8204863784621,1.2121673539981648,-2996.755227689646,2,5,0,0
modern_2024plus,limit,0.005,,,,,26,15,0.5769230769230769,0.7333333333333333,0.0032964086826423587,0.0019017742399859761,615.0619838075669,1.2001989334832495,-2940.010279531058,2,0,0,0
modern_2024plus,limit,0.005,,0.012,,,26,15,0.5769230769230769,0.8,0.0038434451897097917,0.0022173722248325723,764.8824669101384,1.2572317629295604,-2940.010279531058,1,11,0,0
modern_2024plus,limit,0.005,,0.015,,,26,15,0.5769230769230769,0.8,0.004024150947907365,0.002321625546869634,750.1622329179728,1.252281313802603,-2940.010279531058,1,7,0,0
modern_2024plus,limit,0.005,,0.015,0.04,,26,15,0.5769230769230769,0.8,0.004669337176921038,0.0026938483713005983,1302.706655197243,1.5380927583381145,-2387.465857251788,1,7,1,0
modern_2024plus,limit,0.005,,0.018,,,26,15,0.5769230769230769,0.8,0.004860096354287638,0.0028039017428582525,1000.5354526329935,1.3364824132967708,-2940.010279531058,1,5,0,0
modern_2024plus,open,0.0,,,,,26,17,0.6538461538461539,0.5882352941176471,0.00040569925921287044,0.00026526490025456916,-1152.0819123999624,0.6927064789860369,-3223.7350203239953,4,0,0,0
modern_2024plus,open,0.0,,0.012,,,26,17,0.6538461538461539,0.6470588235294118,0.0008443539015660347,0.0005520775510239458,-1115.003809253291,0.686992330701681,-3223.7350203239953,2,8,0,0
modern_2024plus,open,0.0,,0.015,,,26,17,0.6538461538461539,0.5882352941176471,0.0006076457762305185,0.00039730685368918515,-1045.4261234561072,0.721154658380508,-3223.7350203239953,4,6,0,0
modern_2024plus,open,0.0,,0.018,,,26,17,0.6538461538461539,0.5882352941176471,0.001667033217001084,0.0010899832572699396,-581.8475976899433,0.8448044404974686,-3223.7350203239953,4,6,0,0
modern_2024plus,pullback,0.003,0.002,,,,26,15,0.5769230769230769,0.7333333333333333,0.0018849697981780647,0.0010874825758719604,443.98948199805113,1.1537947405346463,-2534.525123660989,2,0,0,0
modern_2024plus,pullback,0.003,0.002,,,0.02,26,14,0.5384615384615384,0.7142857142857143,0.0008149282099486349,0.00043880749766464955,-650.5848449689652,0.7746421222018628,-2534.525123660989,2,0,0,0
modern_2024plus,pullback,0.003,0.002,0.015,,,26,15,0.5769230769230769,0.8,0.003239973446848546,0.0018692154501049306,726.2143211967019,1.262178274674079,-2534.525123660989,1,6,0,0
modern_2024plus,pullback,0.003,0.002,0.015,,0.02,26,14,0.5384615384615384,0.7857142857142857,0.002527176400873432,0.001360787292778002,-131.7073514767576,0.9524509429734644,-2534.525123660989,1,5,0,0
modern_2024plus,pullback,0.003,0.003,,,,26,15,0.5769230769230769,0.8,0.002097054113670712,0.001209838911733103,503.9288972980487,1.175686886461055,-2534.525123660989,2,0,0,0
modern_2024plus,pullback,0.003,0.003,,,0.02,26,14,0.5384615384615384,0.7857142857142857,0.0010421614051193283,0.0005611638335257922,-590.6454296689676,0.7940807580248387,-2534.525123660989,2,0,0,0
modern_2024plus,pullback,0.003,0.003,0.015,,,26,15,0.5769230769230769,0.8666666666666667,0.003452057762341194,0.0019915717859660736,786.1537364966995,1.285732308270617,-2534.525123660989,1,6,0,0
modern_2024plus,pullback,0.003,0.003,0.015,,0.02,26,14,0.5384615384615384,0.8571428571428571,0.0027544095960441266,0.001483143628639145,-71.76793617676003,0.9739155115448719,-2534.525123660989,1,5,0,0
modern_2024plus,pullback,0.003,0.004,,,,26,15,0.5769230769230769,0.8,0.0026045802467141053,0.0015026424500273684,1283.0140838360492,1.614102676679766,-1595.6014963229904,2,0,0,0
modern_2024plus,pullback,0.003,0.004,,,0.02,26,13,0.5,0.8461538461538461,0.0038081841728021624,0.0019040920864010812,1784.0412531920233,4.613990213813521,-276.8092112000003,2,0,0,0
modern_2024plus,pullback,0.003,0.004,0.015,,,26,15,0.5769230769230769,0.8,0.0026579422109263315,0.0015334281986113451,1219.262563305695,1.5835886083672486,-1595.6014963229904,2,5,0,0
modern_2024plus,pullback,0.003,0.004,0.015,,0.02,26,13,0.5,0.8461538461538461,0.00415024951173088,0.00207512475586544,1956.942386955226,4.964241646766356,-276.8092112000003,2,4,0,0
modern_2024plus,pullback,0.003,0.005,,,,26,15,0.5769230769230769,0.8,0.0022279220534480834,0.001285339646220048,963.3805085720455,1.3999281970715634,-1915.235071586994,2,0,0,0
modern_2024plus,pullback,0.003,0.005,,,0.02,26,13,0.5,0.8461538461538461,0.0038081841728021624,0.0019040920864010812,1784.0412531920233,4.613990213813521,-276.8092112000003,2,0,0,0
modern_2024plus,pullback,0.003,0.005,0.015,,,26,15,0.5769230769230769,0.8,0.0022812840176603096,0.0013161253948040246,899.6289880416915,1.3734630252734894,-1915.235071586994,2,5,0,0
modern_2024plus,pullback,0.003,0.005,0.015,,0.02,26,13,0.5,0.8461538461538461,0.00415024951173088,0.00207512475586544,1956.942386955226,4.964241646766356,-276.8092112000003,2,4,0,0
modern_2024plus,pullback,0.005,0.002,,,,26,15,0.5769230769230769,0.7333333333333333,0.0024547222914206995,0.0014161859373580958,593.8380202480505,1.2169629657054448,-2534.525123660989,2,0,0,0
modern_2024plus,pullback,0.005,0.002,,,0.02,26,14,0.5384615384615384,0.7142857142857143,0.0014253773098514579,0.000767510859150785,-500.7363067189658,0.817052410863222,-2534.525123660989,2,0,0,0
modern_2024plus,pullback,0.005,0.002,0.015,,,26,15,0.5769230769230769,0.8,0.0038097259400911823,0.0021979188115910666,876.0628594467013,1.3343652994246884,-2534.525123660989,1,6,0,0
modern_2024plus,pullback,0.005,0.002,0.015,,0.02,26,14,0.5384615384615384,0.7857142857142857,0.003137625500776256,0.001689490654264138,18.14118677324177,1.0069239133721355,-2534.525123660989,1,5,0,0
modern_2024plus,pullback,0.005,0.003,,,,26,15,0.5769230769230769,0.8,0.0024400650833165125,0.0014077298557595265,593.8380202480505,1.2137317976018913,-2534.525123660989,2,0,0,0
modern_2024plus,pullback,0.005,0.003,,,0.02,26,14,0.5384615384615384,0.7857142857142857,0.0014096731583112577,0.0007590547775522156,-500.7363067189658,0.819776997581138,-2534.525123660989,2,0,0,0
modern_2024plus,pullback,0.005,0.003,0.015,,,26,15,0.5769230769230769,0.8666666666666667,0.0037950687319869944,0.0021894627299924967,876.0628594467013,1.3291668381579558,-2534.525123660989,1,6,0,0
modern_2024plus,pullback,0.005,0.003,0.015,,0.02,26,14,0.5384615384615384,0.8571428571428571,0.003121921349236055,0.001681034572665568,18.14118677324177,1.006816265552397,-2534.525123660989,1,5,0,0
modern_2024plus,pullback,0.005,0.004,,,,26,15,0.5769230769230769,0.8,0.0029475912163599055,0.0017005333940537915,1372.9232067860505,1.6866878720346223,-1595.6014963229904,2,0,0,0
modern_2024plus,pullback,0.005,0.004,,,0.02,26,13,0.5,0.8461538461538461,0.0042039660608550085,0.0021019830304275042,1873.9503761420247,5.641483992777866,-276.8092112000003,2,0,0,0
modern_2024plus,pullback,0.005,0.004,0.015,,,26,15,0.5769230769230769,0.8,0.003000953180572132,0.0017313191426377684,1309.1716862556968,1.654801605012856,-1595.6014963229904,2,5,0,0
modern_2024plus,pullback,0.005,0.004,0.015,,0.02,26,13,0.5,0.8461538461538461,0.004546031399783727,0.0022730156998918634,2046.8515099052279,6.0697332436183435,-276.8092112000003,2,4,0,0
modern_2024plus,pullback,0.005,0.005,,,,26,15,0.5769230769230769,0.8,0.0025709330230938836,0.0014832305902464714,1053.2896315220469,1.4542049099440322,-1915.235071586994,2,0,0,0
modern_2024plus,pullback,0.005,0.005,,,0.02,26,13,0.5,0.8461538461538461,0.0042039660608550085,0.0021019830304275042,1873.9503761420247,5.641483992777866,-276.8092112000003,2,0,0,0
modern_2024plus,pullback,0.005,0.005,0.015,,,26,15,0.5769230769230769,0.8,0.00262429498730611,0.0015140163388304478,989.5381109916933,1.426713655141266,-1915.235071586994,2,5,0,0
modern_2024plus,pullback,0.005,0.005,0.015,,0.02,26,13,0.5,0.8461538461538461,0.004546031399783727,0.0022730156998918634,2046.8515099052279,6.0697332436183435,-276.8092112000003,2,4,0,0
modern_2024plus,pullback,0.008,0.002,,,,26,11,0.4230769230769231,0.9090909090909091,0.003572502563051522,0.0015114433920602594,460.72571851104317,1.181779898021113,-2534.525123660989,1,0,0,0
modern_2024plus,pullback,0.008,0.002,,,0.02,26,9,0.34615384615384615,0.8888888888888888,0.0019788797878866737,0.0006849968496530794,-716.6758890559761,0.7172346478772421,-2534.525123660989,1,0,0,0
modern_2024plus,pullback,0.008,0.002,0.015,,,26,11,0.4230769230769231,0.9090909090909091,0.0026757337855642382,0.0011320412169694854,175.61135937443862,1.0692876774962787,-2534.525123660989,1,4,0,0
modern_2024plus,pullback,0.008,0.002,0.015,,0.02,26,9,0.34615384615384615,0.8888888888888888,0.001287986831278876,0.00044584159544268793,-765.1375938990241,0.6981140227192449,-2534.525123660989,1,3,0,0
modern_2024plus,pullback,0.008,0.003,,,,26,11,0.4230769230769231,0.9090909090909091,0.003572502563051522,0.0015114433920602594,460.72571851104317,1.181779898021113,-2534.525123660989,1,0,0,0
modern_2024plus,pullback,0.008,0.003,,,0.02,26,9,0.34615384615384615,0.8888888888888888,0.0019788797878866737,0.0006849968496530794,-716.6758890559761,0.7172346478772421,-2534.525123660989,1,0,0,0
modern_2024plus,pullback,0.008,0.003,0.015,,,26,11,0.4230769230769231,0.9090909090909091,0.0026757337855642382,0.0011320412169694854,175.61135937443862,1.0692876774962787,-2534.525123660989,1,4,0,0
modern_2024plus,pullback,0.008,0.003,0.015,,0.02,26,9,0.34615384615384615,0.8888888888888888,0.001287986831278876,0.00044584159544268793,-765.1375938990241,0.6981140227192449,-2534.525123660989,1,3,0,0
modern_2024plus,pullback,0.008,0.004,,,,26,11,0.4230769230769231,0.9090909090909091,0.00509754394702363,0.0021566532083561515,1399.6493458490415,1.8771922996277493,-1595.6014963229904,1,0,0,0
modern_2024plus,pullback,0.008,0.004,,,0.02,26,8,0.3076923076923077,1.0,0.007736076986722484,0.002380331380529995,1817.8492346050127,inf,28.53128285000393,0,0,0,0
modern_2024plus,pullback,0.008,0.004,0.015,,,26,11,0.4230769230769231,0.9090909090909091,0.004200775169536347,0.0017772510332653775,1114.5349867124369,1.6985046011055047,-1595.6014963229904,1,4,0,0
modern_2024plus,pullback,0.008,0.004,0.015,,0.02,26,8,0.3076923076923077,1.0,0.0069588224105387115,0.0021411761263196035,1769.3875297619647,inf,28.53128285000393,0,3,0,0
modern_2024plus,pullback,0.008,0.005,,,,26,11,0.4230769230769231,0.9090909090909091,0.00458391913802451,0.0019393504045488311,1080.015770585038,1.5639076824601588,-1915.235071586994,1,0,0,0
modern_2024plus,pullback,0.008,0.005,,,0.02,26,8,0.3076923076923077,1.0,0.007736076986722484,0.002380331380529995,1817.8492346050127,inf,28.53128285000393,0,0,0,0
modern_2024plus,pullback,0.008,0.005,0.015,,,26,11,0.4230769230769231,0.9090909090909091,0.0036871503605372257,0.0015599482294580572,794.9014114484334,1.41504117340007,-1915.235071586994,1,4,0,0
modern_2024plus,pullback,0.008,0.005,0.015,,0.02,26,8,0.3076923076923077,1.0,0.0069588224105387115,0.0021411761263196035,1769.3875297619647,inf,28.53128285000393,0,3,0,0
recent_2025plus,limit,0.002,,,,,19,9,0.47368421052631576,0.5555555555555556,-0.004369932948289084,-0.0020699682386632508,-1707.4049833326462,0.49705040056651256,-3110.245124006821,3,0,0,0
recent_2025plus,limit,0.002,,0.012,,,19,9,0.47368421052631576,0.6666666666666666,-0.0025317781179747,-0.0011992633190406475,-1484.7348075455825,0.5421932855371763,-3110.245124006821,2,3,0,0
recent_2025plus,limit,0.002,,0.015,,,19,9,0.47368421052631576,0.6666666666666666,-0.00217871852156453,-0.0010320245628463564,-1424.5534699170719,0.560749744449345,-3110.245124006821,2,2,0,0
recent_2025plus,limit,0.002,,0.018,,,19,9,0.47368421052631576,0.5555555555555556,-0.004233677821157852,-0.00200542633633793,-1640.1924274477672,0.5168491761289562,-3110.245124006821,3,1,0,0
recent_2025plus,limit,0.003,,,,,19,9,0.47368421052631576,0.5555555555555556,-0.0033696487974046612,-0.0015961494303495763,-1352.6316360740093,0.5881838989748763,-3053.500175848233,3,0,0,0
recent_2025plus,limit,0.003,,0.012,,,19,9,0.47368421052631576,0.6666666666666666,-0.0018618720254117381,-0.0008819393804581917,-1256.4552951472642,0.6011948121174816,-3053.500175848233,2,3,0,0
recent_2025plus,limit,0.003,,0.015,,,19,9,0.47368421052631576,0.6666666666666666,-0.0013989792998232054,-0.0006626744051794132,-1141.0885169691937,0.6378128038792288,-3053.500175848233,2,2,0,0
recent_2025plus,limit,0.003,,0.015,0.04,,19,9,0.47368421052631576,0.6666666666666666,-9.095614865482294e-05,-4.3084491468074024e-05,-470.3030225374288,0.810343600479114,-2382.714681416468,2,2,1,0
recent_2025plus,limit,0.003,,0.018,,,19,9,0.47368421052631576,0.5555555555555556,-0.003342384492289076,-0.0015832347595053518,-1339.1691520133813,0.5922826258921708,-3053.500175848233,3,1,0,0
recent_2025plus,limit,0.004,,,,,19,9,0.47368421052631576,0.5555555555555556,-0.002371357244430196,-0.001123274484203777,-997.8582888153113,0.6856467661674923,-2996.755227689646,3,0,0,0
recent_2025plus,limit,0.004,,0.012,,,19,9,0.47368421052631576,0.6666666666666666,0.000537153963053567,0.0002544413509201107,-375.15741321062524,0.8773173614394534,-2996.755227689646,2,6,0,0
recent_2025plus,limit,0.004,,0.015,,,19,9,0.47368421052631576,0.6666666666666666,-0.0006207933434637255,-0.00029406000479860684,-857.6235640212695,0.7195430024282692,-2996.755227689646,2,2,0,0
recent_2025plus,limit,0.004,,0.018,,,19,9,0.47368421052631576,0.6666666666666666,4.6258482436282116e-05,2.1911912732975738e-05,-639.5719054791047,0.790849477711585,-2996.755227689646,2,2,0,0
recent_2025plus,limit,0.005,,,,,19,9,0.47368421052631576,0.6666666666666666,-0.0013750523413125183,-0.0006513405827269824,-643.0849415566815,0.7903402669427899,-2940.010279531058,2,0,0,0
recent_2025plus,limit,0.005,,0.012,,,19,9,0.47368421052631576,0.7777777777777778,0.0008747816656342432,0.000414370262668852,-279.86667999768315,0.9057224499718076,-2940.010279531058,1,6,0,0
recent_2025plus,limit,0.005,,0.015,,,19,9,0.47368421052631576,0.7777777777777778,0.0004745410371557609,0.0002247825965474657,-413.8852257110294,0.8605761676480235,-2940.010279531058,1,3,0,0
recent_2025plus,limit,0.005,,0.015,0.04,,19,9,0.47368421052631576,0.7777777777777778,0.001549851418845214,0.0007341401457687856,138.6591965682407,1.057392156198614,-2387.465857251788,1,3,1,0
recent_2025plus,limit,0.005,,0.018,,,19,9,0.47368421052631576,0.7777777777777778,0.0008228958100267979,0.0003897927521179569,-355.8897696044031,0.8801128610284057,-2940.010279531058,1,2,0,0
recent_2025plus,open,0.0,,,,,19,11,0.5789473684210527,0.5454545454545454,-0.002296737660126129,-0.0013296902242835485,-1795.5001843499808,0.5062781583095478,-3223.7350203239953,4,0,0,0
recent_2025plus,open,0.0,,0.012,,,19,11,0.5789473684210527,0.6363636363636364,-0.0017956413564097584,-0.001039581837921439,-1822.214599122106,0.4717856272272828,-3223.7350203239953,2,4,0,0
recent_2025plus,open,0.0,,0.015,,,19,11,0.5789473684210527,0.5454545454545454,-0.002841463311084154,-0.0016450577064171417,-1903.653893479628,0.47653834044566135,-3223.7350203239953,4,3,0,0
recent_2025plus,open,0.0,,0.018,,,19,11,0.5789473684210527,0.5454545454545454,-0.002022827270347784,-0.001171110524938191,-1623.1086680281555,0.5536819167007143,-3223.7350203239953,4,3,0,0
recent_2025plus,pullback,0.003,0.002,,,,19,9,0.47368421052631576,0.6666666666666666,-0.0021231426598288775,-0.0010056991546557841,-509.1157690019643,0.822504792275727,-2534.525123660989,2,0,0,0
recent_2025plus,pullback,0.003,0.002,,,0.02,19,8,0.42105263157894735,0.625,-0.004496729496481247,-0.0018933597879921041,-1603.6900959689806,0.44089866383951054,-2534.525123660989,2,0,0,0
recent_2025plus,pullback,0.003,0.002,0.015,,,19,9,0.47368421052631576,0.7777777777777778,-0.0001471208042116134,-6.968880199497477e-05,-303.7300981873142,0.8896074673217728,-2534.525123660989,1,3,0,0
recent_2025plus,pullback,0.003,0.002,0.015,,0.02,19,8,0.42105263157894735,0.75,-0.0018179024160505832,-0.0007654325962318246,-1161.6517708607737,0.5777906705960277,-2534.525123660989,1,2,0,0
recent_2025plus,pullback,0.003,0.003,,,,19,9,0.47368421052631576,0.6666666666666666,-0.0021231426598288775,-0.0010056991546557841,-509.1157690019643,0.822504792275727,-2534.525123660989,2,0,0,0
recent_2025plus,pullback,0.003,0.003,,,0.02,19,8,0.42105263157894735,0.625,-0.004496729496481247,-0.0018933597879921041,-1603.6900959689806,0.44089866383951054,-2534.525123660989,2,0,0,0
recent_2025plus,pullback,0.003,0.003,0.015,,,19,9,0.47368421052631576,0.7777777777777778,-0.0001471208042116134,-6.968880199497477e-05,-303.7300981873142,0.8896074673217728,-2534.525123660989,1,3,0,0
recent_2025plus,pullback,0.003,0.003,0.015,,0.02,19,8,0.42105263157894735,0.75,-0.0018179024160505832,-0.0007654325962318246,-1161.6517708607737,0.5777906705960277,-2534.525123660989,1,2,0,0
recent_2025plus,pullback,0.003,0.004,,,,19,9,0.47368421052631576,0.6666666666666666,-0.001277265771423221,-0.000605020628568894,269.96941753603573,1.1292183336248884,-1595.6014963229904,2,0,0,0
recent_2025plus,pullback,0.003,0.004,,,0.02,19,7,0.3684210526315789,0.7142857142857143,-0.00015110019958463724,-5.5668494583813726e-05,770.99658689201,2.5618327854952585,-276.8092112000003,2,0,0,0
recent_2025plus,pullback,0.003,0.004,0.015,,,19,9,0.47368421052631576,0.6666666666666666,-0.0014706467232363833,-0.0006966221320593394,129.3787286216816,1.0619259169115656,-1595.6014963229904,2,2,0,0
recent_2025plus,pullback,0.003,0.004,0.015,,0.02,19,7,0.3684210526315789,0.7142857142857143,0.00012118428278271675,4.464684102521144e-05,867.0585522712125,2.756428623556165,-276.8092112000003,2,1,0,0
recent_2025plus,pullback,0.003,0.005,,,,19,9,0.47368421052631576,0.6666666666666666,-0.0019050294268665917,-0.0009023823600947013,-49.66415772796768,0.9793829158027453,-1915.235071586994,2,0,0,0
recent_2025plus,pullback,0.003,0.005,,,0.02,19,7,0.3684210526315789,0.7142857142857143,-0.00015110019958463724,-5.5668494583813726e-05,770.99658689201,2.5618327854952585,-276.8092112000003,2,0,0,0
recent_2025plus,pullback,0.003,0.005,0.015,,,19,9,0.47368421052631576,0.6666666666666666,-0.002098410378679754,-0.0009939838635851465,-190.25484664232215,0.9210194963207515,-1915.235071586994,2,2,0,0
recent_2025plus,pullback,0.003,0.005,0.015,,0.02,19,7,0.3684210526315789,0.7142857142857143,0.00012118428278271675,4.464684102521144e-05,867.0585522712125,2.756428623556165,-276.8092112000003,2,1,0,0
recent_2025plus,pullback,0.005,0.002,,,,19,9,0.47368421052631576,0.6666666666666666,-0.0011735551710911525,-0.0005558945547273881,-359.26723075196514,0.8678429350942909,-2534.525123660989,2,0,0,0
recent_2025plus,pullback,0.005,0.002,,,0.02,19,8,0.42105263157894735,0.625,-0.003428443571651307,-0.001443555188063708,-1453.8415577189814,0.4652018980302344,-2534.525123660989,2,0,0,0
recent_2025plus,pullback,0.005,0.002,0.015,,,19,9,0.47368421052631576,0.7777777777777778,0.0008024666845261116,0.0003801157979334213,-153.88155993731482,0.940849273751524,-2534.525123660989,1,3,0,0
recent_2025plus,pullback,0.005,0.002,0.015,,0.02,19,8,0.42105263157894735,0.75,-0.0007496164912206425,-0.00031562799630342845,-1011.8032326107743,0.6110716836126248,-2534.525123660989,1,2,0,0
recent_2025plus,pullback,0.005,0.003,,,,19,9,0.47368421052631576,0.6666666666666666,-0.0015514577104192098,-0.0007349010207248889,-419.2066460519627,0.8491208259283901,-2534.525123660989,2,0,0,0
recent_2025plus,pullback,0.005,0.003,,,0.02,19,8,0.42105263157894735,0.625,-0.0038535839283953713,-0.0016225616540612089,-1513.780973018979,0.45516602590763655,-2534.525123660989,2,0,0,0
recent_2025plus,pullback,0.005,0.003,0.015,,,19,9,0.47368421052631576,0.7777777777777778,0.000424564145198054,0.0002011093319359203,-213.82097523731238,0.9196601321563058,-2534.525123660989,1,3,0,0
recent_2025plus,pullback,0.005,0.003,0.015,,0.02,19,8,0.42105263157894735,0.75,-0.0011747568479647075,-0.0004946344623009295,-1071.742647910772,0.5973095595507467,-2534.525123660989,1,2,0,0
recent_2025plus,pullback,0.005,0.004,,,,19,9,0.47368421052631576,0.6666666666666666,-0.0007055808220135533,-0.0003342224946379989,359.87854048603754,1.1799985810829066,-1595.6014963229904,2,0,0,0
recent_2025plus,pullback,0.005,0.004,,,0.02,19,7,0.3684210526315789,0.7142857142857143,0.000583923306799221,0.00021512963934708143,860.9057098420117,3.132329715021183,-276.8092112000003,2,0,0,0
recent_2025plus,pullback,0.005,0.004,0.015,,,19,9,0.47368421052631576,0.6666666666666666,-0.0008989617738267153,-0.0004258239981284441,219.2878515716833,1.1096800661643047,-1595.6014963229904,2,2,0,0
recent_2025plus,pullback,0.005,0.004,0.015,,0.02,19,7,0.3684210526315789,0.7142857142857143,0.0008562077891665751,0.0003154449749561066,956.9676752212142,3.3702602815393217,-276.8092112000003,2,1,0,0
recent_2025plus,pullback,0.005,0.005,,,,19,9,0.47368421052631576,0.6666666666666666,-0.0013333444774569238,-0.000631584226163806,40.244965222034125,1.0173546385128278,-1915.235071586994,2,0,0,0
recent_2025plus,pullback,0.005,0.005,,,0.02,19,7,0.3684210526315789,0.7142857142857143,0.000583923306799221,0.00021512963934708143,860.9057098420117,3.132329715021183,-276.8092112000003,2,0,0,0
recent_2025plus,pullback,0.005,0.005,0.015,,,19,9,0.47368421052631576,0.6666666666666666,-0.0015267254292700857,-0.0007231857296542511,-100.34572369232035,0.9567284068608197,-1915.235071586994,2,2,0,0
recent_2025plus,pullback,0.005,0.005,0.015,,0.02,19,7,0.3684210526315789,0.7142857142857143,0.0008562077891665751,0.0003154449749561066,956.9676752212142,3.3702602815393217,-276.8092112000003,2,1,0,0
recent_2025plus,pullback,0.008,0.002,,,,19,7,0.3684210526315789,0.8571428571428571,7.179355721042616e-05,2.6450257919630693e-05,-305.63060363896943,0.8794130700123021,-2534.525123660989,1,0,0,0
recent_2025plus,pullback,0.008,0.002,,,0.02,19,5,0.2631578947368421,0.8,-0.004197011040422739,-0.0011044765895849313,-1483.032211205989,0.414867819868431,-2534.525123660989,1,0,0,0
recent_2025plus,pullback,0.008,0.002,0.015,,,19,7,0.3684210526315789,0.8571428571428571,-0.0001768390951207821,-6.515124557081446e-05,-446.2212925533239,0.8239428410522991,-2534.525123660989,1,2,0,0
recent_2025plus,pullback,0.008,0.002,0.015,,0.02,19,5,0.2631578947368421,0.8,-0.0038158127651084436,-0.0010041612539759062,-1386.9702458267864,0.45276918627526547,-2534.525123660989,1,1,0,0
recent_2025plus,pullback,0.008,0.003,,,,19,7,0.3684210526315789,0.8571428571428571,7.179355721042616e-05,2.6450257919630693e-05,-305.63060363896943,0.8794130700123021,-2534.525123660989,1,0,0,0
recent_2025plus,pullback,0.008,0.003,,,0.02,19,5,0.2631578947368421,0.8,-0.004197011040422739,-0.0011044765895849313,-1483.032211205989,0.414867819868431,-2534.525123660989,1,0,0,0
recent_2025plus,pullback,0.008,0.003,0.015,,,19,7,0.3684210526315789,0.8571428571428571,-0.0001768390951207821,-6.515124557081446e-05,-446.2212925533239,0.8239428410522991,-2534.525123660989,1,2,0,0
recent_2025plus,pullback,0.008,0.003,0.015,,0.02,19,5,0.2631578947368421,0.8,-0.0038158127651084436,-0.0010041612539759062,-1386.9702458267864,0.45276918627526547,-2534.525123660989,1,1,0,0
recent_2025plus,pullback,0.008,0.004,,,,19,7,0.3684210526315789,0.8571428571428571,0.0024682871605951682,0.000909368953903483,633.2930236990289,1.3968992415452302,-1595.6014963229904,1,0,0,0
recent_2025plus,pullback,0.008,0.004,,,0.02,19,4,0.21052631578947367,1.0,0.005773410650171527,0.0012154548737203215,1051.492912455,inf,28.53128285000393,0,0,0,0
recent_2025plus,pullback,0.008,0.004,0.015,,,19,7,0.3684210526315789,0.8571428571428571,0.0022196545082639597,0.0008177674504130379,492.70233478467446,1.3087878370132455,-1595.6014963229904,1,2,0,0
recent_2025plus,pullback,0.008,0.004,0.015,,0.02,19,4,0.21052631578947367,1.0,0.006249908494314397,0.0013157702093293468,1147.5548778342024,inf,28.53128285000393,0,1,0,0
recent_2025plus,pullback,0.008,0.005,,,,19,7,0.3684210526315789,0.8571428571428571,0.0016611624607394068,0.0006120072223776762,313.6594484350253,1.163770731378223,-1915.235071586994,1,0,0,0
recent_2025plus,pullback,0.008,0.005,,,0.02,19,4,0.21052631578947367,1.0,0.005773410650171527,0.0012154548737203215,1051.492912455,inf,28.53128285000393,0,0,0,0
recent_2025plus,pullback,0.008,0.005,0.015,,,19,7,0.3684210526315789,0.8571428571428571,0.0014125298084081985,0.000520405718887231,173.06875952067082,1.0903642388802244,-1915.235071586994,1,2,0,0
recent_2025plus,pullback,0.008,0.005,0.015,,0.02,19,4,0.21052631578947367,1.0,0.006249908494314397,0.0013157702093293468,1147.5548778342024,inf,28.53128285000393,0,1,0,0
