peak,trough,date,stage,open,close,net_RT_cash,net_RT_pct
2020-01-22,2022-10-10,2020-01-23,U,20.5,20.0,448.8552525000037,2.1895378170731883
2020-01-22,2022-10-10,2020-02-03,U,18.0,18.0,-46.351,-0.2575055555555556
2020-01-22,2022-10-10,2020-02-04,R,17.1,18.02,-965.0026545999976,-5.643290377777764
2020-01-22,2022-10-10,2020-02-05,R,18.16,18.69,-576.9444226499993,-3.1770067326541813
2020-01-22,2022-10-10,2020-02-06,U,18.54,18.92,-427.6353318999996,-2.3065551882416373
2020-01-22,2022-10-10,2020-02-07,U,19.9,19.3,550.1179529999978,2.764411824120592
2020-01-22,2022-10-10,2020-02-10,U,18.9,18.91,-58.17365004999884,-0.3077970902116341
2020-01-22,2022-10-10,2020-02-11,U,18.81,19.23,-468.2009971000005,-2.4891068426368976
2020-01-22,2022-10-10,2020-02-12,U,19.08,19.15,-118.56776034999795,-0.6214243204926518
2020-01-22,2022-10-10,2020-02-13,U,19.11,18.42,641.759258449997,3.358237877812648
2020-01-22,2022-10-10,2020-02-14,R,18.26,18.35,-136.92197044999665,-0.7498464975355785
2020-01-22,2022-10-10,2020-02-17,R,18.44,19.19,-797.622083749995,-4.325499369576979
2020-01-22,2022-10-10,2020-02-18,U,19.2,18.85,301.4041017499985,1.569813029947909
2020-01-22,2022-10-10,2020-02-19,R,18.65,18.49,112.41792580000028,0.602777082037535
2020-01-22,2022-10-10,2020-02-20,R,18.59,18.81,-267.65470609999346,-1.4397778703603736
2020-01-22,2022-10-10,2020-02-21,R,18.67,19.6,-978.1783696499984,-5.239305675682906
2020-01-22,2022-10-10,2020-02-24,U,19.75,20.14,-440.0840269499961,-2.2282735541771954
2020-01-22,2022-10-10,2020-02-25,U,19.65,19.96,-359.8412765500003,-1.831253315776083
2020-01-22,2022-10-10,2020-02-26,U,19.55,18.71,790.9471792000027,4.045765622506408
2020-01-22,2022-10-10,2020-02-27,R,18.64,18.9,-307.7760812999968,-1.651159234442043
2020-01-22,2022-10-10,2020-02-28,R,18.08,17.08,953.997445000002,5.276534540929214
2020-01-22,2022-10-10,2020-03-02,R,17.3,17.44,-185.00875069999896,-1.06941474393063
2020-01-22,2022-10-10,2020-03-03,R,17.83,17.44,344.191216949998,1.9304050305664495
2020-01-22,2022-10-10,2020-03-04,R,17.23,16.76,425.443717350001,2.469203234764951
2020-01-22,2022-10-10,2020-03-05,R,17.1,17.16,-104.56405029999738,-0.6114856742689905
2020-01-22,2022-10-10,2020-03-06,R,16.83,16.99,-204.06978579999983,-1.2125358633392744
2020-01-22,2022-10-10,2020-03-09,R,16.68,16.18,456.5697425000016,2.737228672062359
2020-01-22,2022-10-10,2020-03-10,D,15.98,16.59,-652.5827130500016,-4.083746639862338
2020-01-22,2022-10-10,2020-03-11,D,16.67,16.54,86.40123565000407,0.5183037531493946
2020-01-22,2022-10-10,2020-03-12,D,16.25,16.1,107.2596257499971,0.6600592353845975
2020-01-22,2022-10-10,2020-03-13,D,15.18,15.65,-510.8957123499972,-3.3655844028326563
2020-01-22,2022-10-10,2020-03-16,D,15.68,14.3,1339.0380469000002,8.53978346237245
2020-01-22,2022-10-10,2020-03-17,D,14.39,13.91,441.1841974000004,3.065908251563588
2020-01-22,2022-10-10,2020-03-18,D,14.05,13.56,451.87592745000336,3.216198771886145
2020-01-22,2022-10-10,2020-03-19,D,13.55,13.51,2.656175200002981,0.019602769003712
2020-01-22,2022-10-10,2020-03-20,D,13.68,13.57,72.42934055000183,0.529454243786563
2020-01-22,2022-10-10,2020-03-23,D,13.1,12.52,543.8403529000024,4.151453075572537
2020-01-22,2022-10-10,2020-03-24,D,12.75,13.02,-305.8863263499966,-2.399108441960758
2020-01-22,2022-10-10,2020-03-25,D,13.4,13.55,-187.13780074999852,-1.3965507518656608
2020-01-22,2022-10-10,2020-03-26,D,13.41,13.29,82.97970560000327,0.6187897509321646
2020-01-22,2022-10-10,2020-03-27,D,13.5,13.07,392.95605215000194,2.910785571481496
2020-01-22,2022-10-10,2020-03-30,D,12.84,12.82,-15.92017989999811,-0.1239889400311379
2020-01-22,2022-10-10,2020-03-31,D,13.29,13.21,43.2016454,0.3250688141459745
2020-01-22,2022-10-10,2020-04-01,D,13.13,13.41,-316.6588363999968,-2.411720003046434
2020-01-22,2022-10-10,2020-04-02,D,13.34,13.98,-677.2665331999999,-5.07696051874063
2020-01-22,2022-10-10,2020-04-03,D,13.9,13.96,-98.10165029999848,-0.7057672683453128
2020-01-22,2022-10-10,2020-04-07,D,14.35,14.15,161.12217600000182,1.122802620209072
2020-01-22,2022-10-10,2020-04-08,C,14.05,14.14,-128.41987544999753,-0.9140204658362812
2020-01-22,2022-10-10,2020-04-09,C,14.17,13.95,181.4958861000005,1.2808460557515915
2020-01-22,2022-10-10,2020-04-10,C,13.94,13.62,282.0113716000012,2.023037098995704
2020-01-22,2022-10-10,2020-04-13,D,13.44,13.15,253.00582144999996,1.882483790550595
2020-01-22,2022-10-10,2020-04-14,D,13.28,13.81,-567.08926265,-4.270250471762048
2020-01-22,2022-10-10,2020-04-15,C,13.81,13.87,-97.91989529999653,-0.7090506538739791
2020-01-22,2022-10-10,2020-04-16,C,13.75,14.05,-337.9211264999978,-2.4576081927272564
2020-01-22,2022-10-10,2020-04-17,C,14.22,13.99,191.40001115000044,1.3459916395921268
2020-01-22,2022-10-10,2020-04-20,C,14.06,14.47,-448.6032720499994,-3.190634936344235
2020-01-22,2022-10-10,2020-04-21,C,14.3,14.16,101.19255070000406,0.7076402146853431
2020-01-22,2022-10-10,2020-04-22,C,14.06,14.06,-38.39416999999767,-0.2730737553342651
2020-01-22,2022-10-10,2020-04-23,C,14.25,13.96,251.37002645000223,1.764000185614051
2020-01-22,2022-10-10,2020-04-24,C,13.96,13.95,-28.18711994999629,-0.2019134666905178
2020-01-22,2022-10-10,2020-04-27,C,14.0,13.95,11.752500250001454,0.0839464303571532
2020-01-22,2022-10-10,2020-04-28,C,14.01,14.21,-238.39519599999875,-1.7016073947180497
2020-01-22,2022-10-10,2020-04-29,C,14.16,14.24,-118.6369203999971,-0.8378313587570416
2020-01-22,2022-10-10,2020-04-30,C,14.31,14.69,-419.09284689999816,-2.9286711872816085
2020-01-22,2022-10-10,2020-05-06,C,14.43,14.76,-369.3096866499975,-2.55931868780317
2020-01-22,2022-10-10,2020-05-07,C,14.75,14.38,330.40107684999947,2.2400073006779624
2020-01-22,2022-10-10,2020-05-08,C,14.48,14.44,0.7780402000026925,0.0053732058011235
2020-01-22,2022-10-10,2020-05-11,C,14.5,14.52,-59.2929500999984,-0.4089168972413682
2020-01-22,2022-10-10,2020-05-12,C,14.45,14.23,180.93042609999983,1.252113675432525
2020-01-22,2022-10-10,2020-05-13,C,14.1,14.18,-118.51575039999942,-0.8405372368794285
2020-01-22,2022-10-10,2020-05-14,C,14.07,13.69,341.77943690000444,2.4291360120824765
2020-01-22,2022-10-10,2020-05-15,R,13.74,13.79,-87.7734302499976,-0.6388168140465619
2020-01-22,2022-10-10,2020-05-18,R,13.63,13.49,102.54561570000232,0.7523522795304646
2020-01-22,2022-10-10,2020-05-19,R,13.54,13.78,-277.46643119999806,-2.049235090103383
2020-01-22,2022-10-10,2020-05-20,R,13.79,13.85,-97.8795052999997,-0.7097861153009406
2020-01-22,2022-10-10,2020-05-21,D,13.88,13.6,242.11214140000567,1.7443237853026343
2020-01-22,2022-10-10,2020-05-22,D,13.58,13.26,282.73839160000176,2.082020556701044
2020-01-22,2022-10-10,2020-05-25,D,13.25,13.12,93.30792565000232,0.7042107596226591
2020-01-22,2022-10-10,2020-05-26,D,13.18,13.5,-356.7802115999983,-2.7069818786039326
2020-01-22,2022-10-10,2020-05-27,D,13.56,13.48,42.65638040000138,0.3145750766961753
2020-01-22,2022-10-10,2020-05-28,D,13.5,13.46,2.757150200002254,0.0204233348148315
2020-01-22,2022-10-10,2020-05-29,D,13.4,13.41,-47.06640004999701,-0.3512417914178881
2020-01-22,2022-10-10,2020-06-01,D,13.46,13.88,-457.3966720999964,-3.398192214710226
2020-01-22,2022-10-10,2020-06-02,C,13.9,14.16,-298.20365129999703,-2.1453500093524966
2020-01-22,2022-10-10,2020-06-03,C,14.27,14.22,11.2072352499992,0.0785370374912347
2020-01-22,2022-10-10,2020-06-04,C,14.25,14.16,51.268025450003705,0.3597756171930085
2020-01-22,2022-10-10,2020-06-05,C,14.16,14.08,41.44468040000102,0.2926884209039619
2020-01-22,2022-10-10,2020-06-08,C,14.25,14.26,-48.78297504999738,-0.3423366670175255
2020-01-22,2022-10-10,2020-06-09,C,14.4,14.55,-189.1573007500004,-1.3135923663194469
2020-01-22,2022-10-10,2020-06-10,C,14.56,14.28,240.73888140000173,1.6534263832417702
2020-01-22,2022-10-10,2020-06-11,C,14.25,14.02,191.33942615000345,1.3427328150877431
2020-01-22,2022-10-10,2020-06-12,C,13.7,13.81,-147.723250550001,-1.0782719018248248
2020-01-22,2022-10-10,2020-06-15,R,13.68,13.67,-27.62165994999745,-0.2019127189327299
2020-01-22,2022-10-10,2020-06-16,R,13.74,14.03,-327.8958314499966,-2.386432543304197
2020-01-22,2022-10-10,2020-06-17,U,13.97,14.25,-318.3552163999952,-2.278849079455942
2020-01-22,2022-10-10,2020-06-18,U,14.25,14.4,-188.85437574999708,-1.3252938649122603
2020-01-22,2022-10-10,2020-06-19,U,14.43,14.35,40.899415400004216,0.2834332321552614
2020-01-22,2022-10-10,2020-06-22,U,14.36,14.4,-79.0204201999992,-0.5502814777158718
2020-01-22,2022-10-10,2020-06-23,U,14.36,14.11,211.12748125000124,1.4702470839136577
2020-01-22,2022-10-10,2020-06-24,U,14.15,15.52,-1409.2746318499974,-9.9595380342756
2020-01-22,2022-10-10,2020-06-29,U,15.49,15.22,228.85564635000043,1.47744122885733
2020-01-22,2022-10-10,2020-06-30,U,15.19,15.15,-0.6558047999982541,-0.0043173456221083
2020-01-22,2022-10-10,2020-07-01,U,15.2,15.42,-260.80860109999765,-1.7158460598684055
2020-01-22,2022-10-10,2020-07-02,U,15.34,15.61,-311.11683134999856,-2.0281410127118558
2020-01-22,2022-10-10,2020-07-03,U,15.65,15.91,-301.7377762999988,-1.928036909265168
2020-01-22,2022-10-10,2020-07-06,U,16.21,16.49,-322.8788963999949,-1.9918500703269275
2020-01-22,2022-10-10,2020-07-07,U,16.5,16.38,76.7394506000013,0.4650875793939473
2020-01-22,2022-10-10,2020-07-08,U,16.3,16.4,-142.96885049999673,-0.8771095122699186
2020-01-22,2022-10-10,2020-07-09,U,16.38,16.72,-383.25281169999744,-2.33976075518924
2020-01-22,2022-10-10,2020-07-10,U,16.68,16.03,606.6462432499986,3.6369678851918383
2020-01-22,2022-10-10,2020-07-13,U,15.96,16.5,-582.5066226999995,-3.649790869047616
2020-01-22,2022-10-10,2020-07-14,U,16.53,16.59,-103.41293529999768,-0.6256075940713713
2020-01-22,2022-10-10,2020-07-15,U,16.83,16.2,586.3331181500006,3.483856911170532
2020-01-22,2022-10-10,2020-07-16,U,16.13,14.87,1218.0680713000036,7.551568947923148
2020-01-22,2022-10-10,2020-07-17,R,15.08,14.79,249.69384145000237,1.6557947045756125
2020-01-22,2022-10-10,2020-07-20,R,14.88,15.29,-450.2592620499954,-3.025935900873625
2020-01-22,2022-10-10,2020-07-21,R,15.4,15.43,-71.11560014999723,-0.4617896113636184
2020-01-22,2022-10-10,2020-07-22,R,15.44,15.36,38.85972040000218,0.2516821269430193
2020-01-22,2022-10-10,2020-07-23,R,15.17,14.98,149.4610859500011,0.9852411730388996
2020-01-22,2022-10-10,2020-07-24,R,14.92,14.16,720.256663800001,4.8274575321715885
2020-01-22,2022-10-10,2020-07-27,R,14.23,14.01,181.37471610000284,1.2745939290232104
2020-01-22,2022-10-10,2020-07-28,R,14.15,14.21,-98.60652529999848,-0.6968659031802013
2020-01-22,2022-10-10,2020-07-29,R,14.22,14.51,-328.86519144999795,-2.312694735935288
2020-01-22,2022-10-10,2020-07-30,R,14.51,14.29,180.8092561000022,1.246101006891814
2020-01-22,2022-10-10,2020-07-31,R,14.28,14.59,-348.9965615499995,-2.4439535122548985
2020-01-22,2022-10-10,2020-08-03,R,14.68,14.89,-249.75336104999985,-1.7013171733651216
2020-01-22,2022-10-10,2020-08-04,R,14.9,14.68,180.02165110000277,1.2081990006711596
2020-01-22,2022-10-10,2020-08-05,R,14.83,14.61,180.1630161000025,1.214855132164548
2020-01-22,2022-10-10,2020-08-06,R,14.65,14.5,110.4908257500011,0.7542035887372088
2020-01-22,2022-10-10,2020-08-07,R,14.48,14.3,140.8494409000006,0.9727171332872968
2020-01-22,2022-10-10,2020-08-10,R,14.19,14.41,-258.7689060999993,-1.823600465820996
2020-01-22,2022-10-10,2020-08-11,R,14.4,14.16,201.041601200003,1.3961222305555765
2020-01-22,2022-10-10,2020-08-12,R,14.38,15.14,-799.4280137999984,-5.559304685674537
2020-01-22,2022-10-10,2020-08-13,R,15.27,15.17,59.21323550000247,0.3877749541584968
2020-01-22,2022-10-10,2020-08-14,R,15.01,15.03,-60.32289509999862,-0.4018847108594178
2020-01-22,2022-10-10,2020-08-17,R,15.09,15.28,-230.57115594999584,-1.5279732004638558
2020-01-22,2022-10-10,2020-08-18,R,15.3,15.18,79.16285060000203,0.517404252287595
2020-01-22,2022-10-10,2020-08-19,R,15.18,14.85,289.5122916500024,1.907195597167341
2020-01-22,2022-10-10,2020-08-20,R,14.75,14.83,-119.82842540000088,-0.8123961044067856
2020-01-22,2022-10-10,2020-08-21,R,15.0,14.8,159.80950100000217,1.0653966733333478
2020-01-22,2022-10-10,2020-08-24,R,14.86,14.99,-170.07607064999928,-1.1445226827052442
2020-01-22,2022-10-10,2020-08-25,R,15.04,15.09,-90.3987802499987,-0.6010557197473317
2020-01-22,2022-10-10,2020-08-26,R,15.08,14.54,499.82134270000415,3.3144651372679323
2020-01-22,2022-10-10,2020-08-27,R,14.6,14.65,-89.51020025,-0.6130835633561643
2020-01-22,2022-10-10,2020-08-28,R,14.56,14.75,-229.50082094999885,-1.5762419021291127
2020-01-22,2022-10-10,2020-08-31,R,14.84,14.74,60.081620499999126,0.4048626718328782
2020-01-22,2022-10-10,2020-09-01,R,14.67,14.73,-99.6566652999989,-0.6793228718473
2020-01-22,2022-10-10,2020-09-02,R,14.72,14.77,-89.75254024999535,-0.6097319310461641
2020-01-22,2022-10-10,2020-09-03,R,14.84,14.51,290.1989216500007,1.9555183399595737
2020-01-22,2022-10-10,2020-09-04,R,14.29,14.17,81.20254560000043,0.5682473449965041
2020-01-22,2022-10-10,2020-09-07,D,14.01,13.94,31.74250535000145,0.2265703451106456
2020-01-22,2022-10-10,2020-09-08,D,13.94,14.21,-308.2895313499989,-2.2115461359397344
2020-01-22,2022-10-10,2020-09-09,R,14.06,13.91,111.68233075000124,0.7943266767425406
2020-01-22,2022-10-10,2020-09-10,D,14.0,13.56,401.9514022000012,2.8710814442857227
2020-01-22,2022-10-10,2020-09-11,D,13.47,13.62,-187.27916574999824,-1.3903427301410411
2020-01-22,2022-10-10,2020-09-14,D,13.62,13.85,-267.62289115000056,-1.96492577936858
2020-01-22,2022-10-10,2020-09-15,D,13.83,13.73,62.12131550000116,0.4491779862617582
2020-01-22,2022-10-10,2020-09-16,D,13.69,13.6,52.3989454500032,0.3827534364499868
2020-01-22,2022-10-10,2020-09-17,D,13.56,13.56,-37.38441999999768,-0.2756963126843486
2020-01-22,2022-10-10,2020-09-18,D,13.57,13.82,-287.5321162499979,-2.1188807387619595
2020-01-22,2022-10-10,2020-09-21,D,13.81,13.74,32.14640535000218,0.232776287834918
2020-01-22,2022-10-10,2020-09-22,D,13.65,13.56,52.479725450002256,0.3844668531135696
2020-01-22,2022-10-10,2020-09-23,D,13.63,13.57,22.504815300001454,0.1651123646368412
2020-01-22,2022-10-10,2020-09-24,D,13.45,13.23,182.94992609999983,1.360222498884757
2020-01-22,2022-10-10,2020-09-25,D,13.31,13.17,103.19185570000204,0.7752956851991137
2020-01-22,2022-10-10,2020-09-28,D,13.2,13.28,-116.69820039999796,-0.8840772757575603
2020-01-22,2022-10-10,2020-09-29,D,13.32,13.56,-277.0221411999987,-2.079745804804795
2020-01-22,2022-10-10,2020-09-30,D,13.6,13.59,-27.460099949997527,-0.2019124996323347
2020-01-22,2022-10-10,2020-10-09,D,13.81,13.85,-77.90969519999811,-0.5641542013033897
2020-01-22,2022-10-10,2020-10-12,C,13.9,14.02,-158.1322505999973,-1.1376420906474625
2020-01-22,2022-10-10,2020-10-13,C,14.0,13.93,31.762700350001676,0.2268764310714405
2020-01-22,2022-10-10,2020-10-14,C,13.8,13.73,32.16660035000058,0.2330913068840621
2020-01-22,2022-10-10,2020-10-15,C,13.75,13.75,-37.76812499999637,-0.2746772727272463
2020-01-22,2022-10-10,2020-10-16,C,13.88,13.78,62.02034050000552,0.4468324243516248
2020-01-22,2022-10-10,2020-10-19,C,13.9,13.86,1.94935020000262,0.0140241021582922
2020-01-22,2022-10-10,2020-10-20,C,13.82,13.85,-67.92479014999913,-0.4914963107814697
2020-01-22,2022-10-10,2020-10-21,C,13.82,13.64,142.18231090000043,1.0288155636758352
2020-01-22,2022-10-10,2020-10-22,R,13.58,13.66,-117.46561039999898,-0.8649897673048527
2020-01-22,2022-10-10,2020-10-23,C,13.67,13.59,42.43423540000262,0.310418693489412
2020-01-22,2022-10-10,2020-10-26,R,13.57,13.68,-147.46071554999637,-1.0866670268975414
2020-01-22,2022-10-10,2020-10-27,C,13.59,13.87,-317.58780639999594,-2.336922784400264
2020-01-22,2022-10-10,2020-10-28,C,13.93,13.94,-48.13673504999949,-0.3455616299353876
2020-01-22,2022-10-10,2020-10-29,C,13.76,13.96,-237.8903209999988,-1.7288540770348748
2020-01-22,2022-10-10,2020-10-30,C,13.9,13.65,212.05645125000217,1.525585980215843
2020-01-22,2022-10-10,2020-11-02,C,13.4,13.16,203.0611012000012,1.5153813522388146
2020-01-22,2022-10-10,2020-11-03,R,13.18,13.38,-236.71901100000065,-1.7960471244309608
2020-01-22,2022-10-10,2020-11-04,R,13.4,13.47,-107.09700034999948,-0.7992313458955186
2020-01-22,2022-10-10,2020-11-05,R,13.68,13.81,-167.69306064999898,-1.2258264667397587
2020-01-22,2022-10-10,2020-11-06,C,13.85,14.0,-188.04657574999928,-1.3577370090252656
2020-01-22,2022-10-10,2020-11-09,R,14.27,14.4,-168.88456564999913,-1.1834938027330002
2020-01-22,2022-10-10,2020-11-10,R,14.35,15.06,-749.3419285499981,-5.221894972473854
2020-01-22,2022-10-10,2020-11-11,R,14.94,14.54,360.03267200000386,2.4098572423025693
2020-01-22,2022-10-10,2020-11-12,R,14.51,14.48,-9.287644849998983,-0.0640085792556787
2020-01-22,2022-10-10,2020-11-13,R,14.31,14.35,-78.91944519999629,-0.551498568832958
2020-01-22,2022-10-10,2020-11-16,R,14.45,14.28,130.9049258500002,0.9059164418685136
2020-01-22,2022-10-10,2020-11-17,R,14.26,14.14,81.26313059999927,0.5698676760168252
2020-01-22,2022-10-10,2020-11-18,R,14.14,14.4,-298.6883312999968,-2.1123644363507554
2020-01-22,2022-10-10,2020-11-19,R,14.29,14.34,-88.88415524999868,-0.6220024860041896
2020-01-22,2022-10-10,2020-11-20,U,14.35,14.25,61.07117550000255,0.4255831045296345
2020-01-22,2022-10-10,2020-11-23,U,14.26,14.17,51.24783044999985,0.3593817002103777
2020-01-22,2022-10-10,2020-11-24,U,14.15,14.17,-58.58612509999804,-0.414036219787972
2020-01-22,2022-10-10,2020-11-25,U,14.2,14.09,71.37920054999957,0.5026704264084476
2020-01-22,2022-10-10,2020-11-26,R,14.06,14.0,21.63643030000116,0.153886417496452
2020-01-22,2022-10-10,2020-11-27,R,13.96,13.83,91.8740806500032,0.6581237868911405
2020-01-22,2022-10-10,2020-11-30,R,13.77,13.81,-77.82891519999906,-0.5652063558460353
2020-01-22,2022-10-10,2020-12-01,R,13.76,14.08,-357.9515216000001,-2.601391872093024
2020-01-22,2022-10-10,2020-12-02,R,14.1,14.05,11.550550250001088,0.0819187960992985
2020-01-22,2022-10-10,2020-12-03,R,14.0,13.87,91.79330065000232,0.6556664332143024
2020-01-22,2022-10-10,2020-12-04,R,13.8,13.84,-77.88950019999788,-0.5644166681159267
2020-01-22,2022-10-10,2020-12-07,R,13.82,13.71,72.14661054999877,0.5220449388567204
2020-01-22,2022-10-10,2020-12-08,R,13.85,14.14,-328.117976449999,-2.3690828624548663
2020-01-22,2022-10-10,2020-12-09,R,14.17,13.82,311.5621867499992,2.198745142907546
2020-01-22,2022-10-10,2020-12-10,R,13.76,13.43,292.3799816500007,2.1248545178052374
2020-01-22,2022-10-10,2020-12-11,R,13.38,13.47,-127.06681044999928,-0.949677208146482
2020-01-22,2022-10-10,2020-12-14,R,13.52,13.54,-57.31384009999884,-0.4239189356508789
2020-01-22,2022-10-10,2020-12-15,R,13.36,13.56,-237.08252099999916,-1.7745697679640655
2020-01-22,2022-10-10,2020-12-16,R,13.56,13.53,-7.369119849998256,-0.0543445416666538
2020-01-22,2022-10-10,2020-12-17,R,13.53,13.58,-87.34933524999848,-0.6455974519585992
2020-01-22,2022-10-10,2020-12-18,R,13.63,13.65,-57.5359850999976,-0.4221275502567689
2020-01-22,2022-10-10,2020-12-21,D,13.6,13.65,-87.49070024999818,-0.6433139724264573
2020-01-22,2022-10-10,2020-12-22,D,13.58,13.27,272.73329155000255,2.0083452986009025
2020-01-22,2022-10-10,2020-12-23,D,13.31,13.58,-307.0172463499979,-2.306666013147993
2020-01-22,2022-10-10,2020-12-24,D,13.63,13.38,212.6017162500008,1.5598071625091767
2020-01-22,2022-10-10,2020-12-25,D,13.35,13.4,-86.98582524999819,-0.6515792153557916
2020-01-22,2022-10-10,2020-12-28,D,13.42,13.27,112.97481075000066,0.8418391263040287
2020-01-22,2022-10-10,2020-12-29,D,13.32,13.51,-226.99664094999903,-1.704178986111104
2020-01-22,2022-10-10,2020-12-30,D,13.49,13.67,-217.3348558999981,-1.6110812149740408
2020-01-22,2022-10-10,2020-12-31,C,13.67,13.69,-57.616765099996655,-0.4214832852962447
2020-01-22,2022-10-10,2021-01-04,C,13.7,13.8,-137.71815050000183,-1.005241974452568
2020-01-22,2022-10-10,2021-01-05,C,13.8,13.95,-187.9456007499982,-1.3619246431159289
2020-01-22,2022-10-10,2021-01-06,C,13.96,13.87,51.85368045000458,0.3714447023639297
2020-01-22,2022-10-10,2021-01-07,C,13.79,13.73,22.18169529999978,0.1608534829586641
2020-01-22,2022-10-10,2021-01-08,C,13.86,14.24,-418.18407189999743,-3.0172010959595776
2020-01-22,2022-10-10,2021-01-11,C,14.1,14.36,-298.6075512999996,-2.117784051773046
2020-01-22,2022-10-10,2021-01-12,C,14.3,14.57,-309.01655134999766,-2.160954904545438
2020-01-22,2022-10-10,2021-01-13,C,14.48,15.18,-739.5993634999982,-5.107730410911589
2020-01-22,2022-10-10,2021-01-14,C,15.15,15.67,-560.8606275999962,-3.702050347194694
2020-01-22,2022-10-10,2021-01-15,C,15.57,15.25,278.71958660000195,1.7901065292228768
2020-01-22,2022-10-10,2021-01-18,U,15.26,15.88,-661.1337730999998,-4.332462471166447
2020-01-22,2022-10-10,2021-01-19,U,15.86,15.1,718.3583338000022,4.529371587641881
2020-01-22,2022-10-10,2021-01-20,U,15.35,15.14,169.107776050001,1.1016793228013095
2020-01-22,2022-10-10,2021-01-21,U,15.15,15.19,-80.61582519999644,-0.532117658085785
2020-01-22,2022-10-10,2021-01-22,U,15.09,14.75,299.69914670000173,1.9860778442677385
2020-01-22,2022-10-10,2021-01-25,U,14.69,15.2,-549.9265575499961,-3.7435436184478976
2020-01-22,2022-10-10,2021-01-26,U,15.02,14.82,159.76911100000174,1.0637091278295725
2020-01-22,2022-10-10,2021-01-27,U,14.95,14.86,49.85437545000117,0.3334740832775997
2020-01-22,2022-10-10,2021-01-28,U,14.61,14.21,360.699107000002,2.4688508350445035
2020-01-22,2022-10-10,2021-01-29,R,14.4,14.29,70.97530055000247,0.4928840315972394
2020-01-22,2022-10-10,2021-02-01,R,14.05,13.9,111.70252575000146,0.7950357704626438
2020-01-22,2022-10-10,2021-02-02,R,13.93,13.7,191.9856661500013,1.378217273151481
2020-01-22,2022-10-10,2021-02-03,R,13.67,13.27,362.59743700000246,2.652505025603529
2020-01-22,2022-10-10,2021-02-04,R,13.2,13.52,-356.8206016000006,-2.7031863757575803
2020-01-22,2022-10-10,2021-02-05,R,13.51,13.21,262.8695564999994,1.945740610658767
2020-01-22,2022-10-10,2021-02-08,R,13.15,13.25,-136.6074254999989,-1.038839737642577
2020-01-22,2022-10-10,2021-02-09,R,13.3,13.62,-357.0225515999973,-2.684380087218025
2020-01-22,2022-10-10,2021-02-10,R,13.51,14.04,-567.5537476499997,-4.2009899900074
2020-01-22,2022-10-10,2021-02-18,R,14.12,13.96,121.56626080000096,0.860950855524086
2020-01-22,2022-10-10,2021-02-19,R,13.89,14.19,-338.20385649999906,-2.4348729769618367
2020-01-22,2022-10-10,2021-02-22,R,14.25,13.97,241.36492640000307,1.6937889571930038
2020-01-22,2022-10-10,2021-02-23,R,13.85,13.79,22.06052530000211,0.1592817711191488
2020-01-22,2022-10-10,2021-02-24,R,13.81,14.05,-278.0116961999985,-2.0131187270094024
2020-01-22,2022-10-10,2021-02-25,R,14.05,13.92,91.69232565000306,0.6526144174377442
2020-01-22,2022-10-10,2021-02-26,D,13.77,13.81,-77.82891519999906,-0.5652063558460353
2020-01-22,2022-10-10,2021-03-01,D,13.84,13.85,-47.95498004999935,-0.3464955205924808
2020-01-22,2022-10-10,2021-03-02,D,13.9,13.58,282.092151600002,2.02943993956836
2020-01-22,2022-10-10,2021-03-03,D,13.56,13.9,-377.5578216999996,-2.784349717551619
2020-01-22,2022-10-10,2021-03-04,C,13.8,13.63,132.21760084999983,0.9580985568840568
2020-01-22,2022-10-10,2021-03-05,D,13.5,13.75,-287.3907512499964,-2.1288203796296026
2020-01-22,2022-10-10,2021-03-08,C,13.76,13.7,22.242280300002257,0.161644478924435
2020-01-22,2022-10-10,2021-03-09,D,13.68,13.9,-257.7389610999991,-1.884056733187128
2020-01-22,2022-10-10,2021-03-10,C,13.98,13.73,211.89489125000043,1.5157002235336223
2020-01-22,2022-10-10,2021-03-11,R,13.72,13.67,12.317960250002107,0.089781051384855
2020-01-22,2022-10-10,2021-03-12,C,13.69,13.53,122.43464580000123,0.8943363462381391
2020-01-22,2022-10-10,2021-03-15,R,13.48,13.32,122.85874080000218,0.911414991097939
2020-01-22,2022-10-10,2021-03-16,R,13.34,13.47,-167.00643065000065,-1.2519222687406346
2020-01-22,2022-10-10,2021-03-17,R,13.45,13.55,-137.2132755,-1.0201730520446095
2020-01-22,2022-10-10,2021-03-18,D,13.57,13.52,12.62088525000174,0.0930057866617666
2020-01-22,2022-10-10,2021-03-19,D,13.52,13.5,-17.293439899998397,-0.1279100584319408
2020-01-22,2022-10-10,2021-03-22,D,13.48,13.55,-107.2585603499976,-0.7956866494806942
2020-01-22,2022-10-10,2021-03-23,D,13.56,13.65,-127.43032044999774,-0.9397516257374464
2020-01-22,2022-10-10,2021-03-24,D,13.66,13.86,-237.68837099999655,-1.740031998535846
2020-01-22,2022-10-10,2021-03-25,C,13.9,13.82,41.96975040000124,0.3019406503597212
2020-01-22,2022-10-10,2021-03-26,C,13.8,14.04,-277.99150119999825,-2.0144311681159293
2020-01-22,2022-10-10,2021-03-29,C,14.07,13.65,381.7998371000031,2.7135738244492043
2020-01-22,2022-10-10,2021-03-30,D,13.74,14.36,-658.0641330999993,-4.789404171033474
2020-01-22,2022-10-10,2021-03-31,C,14.3,14.37,-108.91455034999731,-0.7616402122377435
2020-01-22,2022-10-10,2021-04-01,C,14.41,14.42,-49.10609504999724,-0.3407778976405082
2020-01-22,2022-10-10,2021-04-02,C,14.37,14.15,181.0919860999998,1.2602086715379246
2020-01-22,2022-10-10,2021-04-06,C,14.33,14.16,131.14726585000284,0.9151937602931112
2020-01-22,2022-10-10,2021-04-07,C,14.19,14.38,-228.7536059499999,-1.6120761518675115
2020-01-22,2022-10-10,2021-04-08,C,14.34,14.36,-58.96983009999855,-0.411226151324955
2020-01-22,2022-10-10,2021-04-09,C,14.29,14.06,191.25864615000077,1.3384090003499003
2020-01-22,2022-10-10,2021-04-12,C,14.05,14.06,-48.37907504999666,-0.344335053736631
2020-01-22,2022-10-10,2021-04-13,C,14.06,14.49,-468.61347214999785,-3.3329549939544654
2020-01-22,2022-10-10,2021-04-14,C,14.59,14.5,50.58139544999992,0.3466853697738172
2020-01-22,2022-10-10,2021-04-15,C,14.54,14.38,120.71807080000087,0.8302480797799235
2020-01-22,2022-10-10,2021-04-16,C,14.29,14.4,-148.91475554999934,-1.0420906616515
2020-01-22,2022-10-10,2021-04-19,U,14.35,14.71,-399.1634267999988,-2.781626667595811
2020-01-22,2022-10-10,2021-04-20,U,14.65,14.38,230.55202635000057,1.5737339682593894
2020-01-22,2022-10-10,2021-04-21,U,14.33,14.42,-128.9853354499982,-0.9001070163991499
2020-01-22,2022-10-10,2021-04-22,U,14.43,14.18,210.98611625000152,1.4621352477477585
2020-01-22,2022-10-10,2021-04-23,R,14.15,14.18,-68.59122514999905,-0.4847436406360356
2020-01-22,2022-10-10,2021-04-26,R,14.21,14.35,-178.7684956999952,-1.2580471196340266
2020-01-22,2022-10-10,2021-04-27,U,14.34,14.42,-119.00043039999738,-0.8298495843793402
2020-01-22,2022-10-10,2021-04-28,U,14.43,14.55,-159.2025855999998,-1.10327502148302
2020-01-22,2022-10-10,2021-04-29,U,14.65,14.7,-89.61117524999744,-0.6116803771330884
2020-01-22,2022-10-10,2021-04-30,U,14.65,13.76,850.8682294500019,5.807974262457351
2020-01-22,2022-10-10,2021-05-06,R,13.61,13.67,-97.51599529999942,-0.7165025371050655
2020-01-22,2022-10-10,2021-05-07,R,13.67,13.45,182.50563610000236,1.335081463789337
2020-01-22,2022-10-10,2021-05-10,R,13.5,13.52,-57.2734500999984,-0.4242477785185066
2020-01-22,2022-10-10,2021-05-11,R,13.45,13.49,-77.18267519999935,-0.5738488862453484
2020-01-22,2022-10-10,2021-05-12,R,13.42,13.52,-137.15269050000117,-1.0220021646795914
2020-01-22,2022-10-10,2021-05-13,R,13.44,13.38,22.888520300000145,0.170301490327382
2020-01-22,2022-10-10,2021-05-14,R,13.4,13.48,-117.10210039999868,-0.8738962716417813
2020-01-22,2022-10-10,2021-05-17,R,13.46,13.3,122.8991308000026,0.9130693224368692
2020-01-22,2022-10-10,2021-05-18,R,13.31,13.35,-76.89994519999811,-0.5777606701727882
2020-01-22,2022-10-10,2021-05-19,R,13.3,13.21,53.18655045000261,0.3998988755639294
2020-01-22,2022-10-10,2021-05-20,D,13.2,13.22,-56.66760009999913,-0.4293000007575691
2020-01-22,2022-10-10,2021-05-21,D,13.21,13.11,63.37340550000378,0.4797381188493851
2020-01-22,2022-10-10,2021-05-24,D,13.11,12.55,523.8099578000019,3.995499296720076
2020-01-22,2022-10-10,2021-05-25,D,12.56,12.64,-115.40572039999854,-0.918835353503173
2020-01-22,2022-10-10,2021-05-26,D,12.56,12.56,-35.364919999997674,-0.2815678343948859
2020-01-22,2022-10-10,2021-05-27,D,12.53,12.62,-125.35023544999709,-1.000400921388644
2020-01-22,2022-10-10,2021-05-28,D,12.56,12.35,174.74218105000188,1.3912594032643462
2020-01-22,2022-10-10,2021-05-31,D,12.38,12.42,-75.02181019999782,-0.6059920048465091
2020-01-22,2022-10-10,2021-06-01,D,12.42,12.43,-45.087290049997456,-0.3630216590176929
2020-01-22,2022-10-10,2021-06-02,D,12.42,12.22,165.0198110000003,1.3286619243156224
2020-01-22,2022-10-10,2021-06-03,D,12.22,12.26,-74.69869019999797,-0.6112822438625038
2020-01-22,2022-10-10,2021-06-04,D,12.21,12.22,-44.66319505000015,-0.3657919332514345
2020-01-22,2022-10-10,2021-06-07,D,12.23,12.49,-294.8310863000006,-2.410720247751436
2020-01-22,2022-10-10,2021-06-08,D,12.56,12.51,14.660580250001964,0.1167243650477863
2020-01-22,2022-10-10,2021-06-09,D,12.47,12.54,-105.21886534999555,-0.843775985164359
2020-01-22,2022-10-10,2021-06-10,D,12.51,12.56,-85.28944524999804,-0.6817701458832778
2020-01-22,2022-10-10,2021-06-11,D,12.56,12.5,24.665680300001164,0.196382804936315
2020-01-22,2022-10-10,2021-06-15,D,12.5,12.55,-85.26925024999963,-0.682154001999997
2020-01-22,2022-10-10,2021-06-16,D,12.5,12.32,144.84805090000015,1.158784407200001
2020-01-22,2022-10-10,2021-06-17,D,12.31,12.45,-174.93144569999737,-1.4210515491470137
2020-01-22,2022-10-10,2021-06-18,D,12.48,12.49,-45.20846005000058,-0.3622472760416713
2020-01-22,2022-10-10,2021-06-21,C,12.4,12.38,-15.03159989999942,-0.121222579838705
2020-01-22,2022-10-10,2021-06-22,D,12.37,12.31,25.04938529999985,0.2025010937752615
2020-01-22,2022-10-10,2021-06-23,D,12.32,12.56,-275.0026411999987,-2.232164295454535
2020-01-22,2022-10-10,2021-06-24,C,12.61,12.67,-95.49649529999942,-0.7573076550356814
2020-01-22,2022-10-10,2021-06-25,C,12.69,12.61,44.41334540000218,0.349986961386936
2020-01-22,2022-10-10,2021-06-28,C,12.66,12.58,44.4739303999992,0.3512948688783507
2020-01-22,2022-10-10,2021-06-29,C,12.58,12.41,134.681390850001,1.0705992913354612
2020-01-22,2022-10-10,2021-06-30,C,12.45,12.41,4.877625199999709,0.0391777124497968
2020-01-22,2022-10-10,2021-07-01,R,12.42,12.3,84.97901059999941,0.6842110354267265
2020-01-22,2022-10-10,2021-07-02,R,12.29,11.97,285.3435466000008,2.3217538372660766
2020-01-22,2022-10-10,2021-07-05,D,11.95,12.19,-274.2554261999997,-2.2950244870292864
2020-01-22,2022-10-10,2021-07-06,D,12.19,12.23,-74.63810520000095,-0.6122896242822063
2020-01-22,2022-10-10,2021-07-07,D,12.19,12.15,5.4026951999999255,0.0443207153404423
2020-01-22,2022-10-10,2021-07-08,D,12.16,12.03,95.50918065000246,0.7854373408717307
2020-01-22,2022-10-10,2021-07-09,D,12.02,11.95,35.76131035000124,0.2975150611480968
2020-01-22,2022-10-10,2021-07-12,D,12.0,12.0,-34.234,-0.2852833333333333
2020-01-22,2022-10-10,2021-07-13,D,12.02,12.04,-54.28459009999884,-0.4516188860232848
2020-01-22,2022-10-10,2021-07-14,D,12.01,11.64,335.93450684999925,2.7971232876769294
2020-01-22,2022-10-10,2021-07-15,D,11.66,11.75,-123.59327044999992,-1.0599765904802738
2020-01-22,2022-10-10,2021-07-16,D,11.72,11.49,196.44876115000227,1.6761839688566749
2020-01-22,2022-10-10,2021-07-19,D,11.5,11.56,-93.25485029999884,-0.8109117417391203
2020-01-22,2022-10-10,2021-07-20,D,11.51,11.72,-243.3515460499998,-2.114261911815811
2020-01-22,2022-10-10,2021-07-21,D,11.7,11.77,-103.66385034999875,-0.8860158149572545
2020-01-22,2022-10-10,2021-07-22,D,11.76,11.71,16.276180250001236,0.1384028932823234
2020-01-22,2022-10-10,2021-07-23,D,11.7,11.76,-93.65875029999955,-0.8005021393162357
2020-01-22,2022-10-10,2021-07-26,D,11.79,11.62,136.2767958500019,1.155867649279066
2020-01-22,2022-10-10,2021-07-27,D,11.43,11.28,116.99361575000223,1.0235661920385148
2020-01-22,2022-10-10,2021-07-28,D,11.28,11.0,247.36284140000055,2.192932991134757
2020-01-22,2022-10-10,2021-07-29,D,11.05,10.99,27.715125300001382,0.2508156135746731
2020-01-22,2022-10-10,2021-07-30,D,10.96,11.22,-292.2663212999965,-2.666663515510917
2020-01-22,2022-10-10,2021-08-02,D,11.22,11.81,-622.9596929499976,-5.552225427361832
2020-01-22,2022-10-10,2021-08-03,C,11.85,11.83,-13.920874900000143,-0.1174757375527438
2020-01-22,2022-10-10,2021-08-04,C,11.79,11.91,-153.87110560000036,-1.3050984359626832
2020-01-22,2022-10-10,2021-08-05,C,11.98,11.85,95.87269065000277,0.8002728768781533
2020-01-22,2022-10-10,2021-08-06,C,11.83,11.83,-33.89068499999993,-0.2864808537616223
2020-01-22,2022-10-10,2021-08-09,C,11.8,12.03,-263.94740114999723,-2.236842382627095
2020-01-22,2022-10-10,2021-08-10,C,12.05,12.14,-124.38087544999752,-1.0322064352696891
2020-01-22,2022-10-10,2021-08-11,C,12.24,11.78,425.5159223000034,3.4764372736928384
2020-01-22,2022-10-10,2021-08-12,C,11.76,11.75,-23.7442199499992,-0.2019066322278843
2020-01-22,2022-10-10,2021-08-13,C,11.74,11.84,-133.75993049999906,-1.139352048551951
2020-01-22,2022-10-10,2021-08-16,C,11.87,12.27,-434.17546699999787,-3.657754566133091
2020-01-22,2022-10-10,2021-08-17,C,12.27,12.02,215.34823625000135,1.755079350040761
2020-01-22,2022-10-10,2021-08-18,C,12.01,12.25,-274.3765961999992,-2.284567828476263
2020-01-22,2022-10-10,2021-08-19,C,12.2,11.85,315.54060175000035,2.586398375000003
2020-01-22,2022-10-10,2021-08-20,C,11.88,11.88,-33.9916599999992,-0.2861250841750774
2020-01-22,2022-10-10,2021-08-23,C,11.96,12.04,-114.19402039999636,-0.9547995016722104
2020-01-22,2022-10-10,2021-08-24,C,12.15,12.05,65.51407550000145,0.5392104979423988
2020-01-22,2022-10-10,2021-08-25,C,12.03,11.98,15.730915250000798,0.1307640502909459
2020-01-22,2022-10-10,2021-08-26,C,11.96,11.69,235.9844813500029,1.9731143925585528
2020-01-22,2022-10-10,2021-08-27,R,11.69,11.71,-53.61815509999891,-0.4586668528656878
2020-01-22,2022-10-10,2021-08-30,R,11.75,11.51,206.3932762000008,1.7565385208510709
2020-01-22,2022-10-10,2021-08-31,R,11.53,11.48,16.740665249998983,0.1451922398091845
2020-01-22,2022-10-10,2021-09-01,R,11.48,11.71,-263.30116114999936,-2.293564121515674
2020-01-22,2022-10-10,2021-09-02,R,11.71,11.75,-73.66874519999774,-0.6291096942783753
2020-01-22,2022-10-10,2021-09-03,R,11.8,12.0,-233.93210099999783,-1.9824754322033715
2020-01-22,2022-10-10,2021-09-06,R,12.01,12.05,-74.27459520000065,-0.6184395936719455
2020-01-22,2022-10-10,2021-09-07,R,12.05,12.17,-154.39617559999695,-1.281296063070514
2020-01-22,2022-10-10,2021-09-08,R,12.17,12.19,-54.58751509999847,-0.4485416195562734
2020-01-22,2022-10-10,2021-09-09,U,12.24,12.18,25.31192030000269,0.2067967344771461
2020-01-22,2022-10-10,2021-09-10,U,12.17,12.2,-64.59261514999767,-0.5307527949876555
2020-01-22,2022-10-10,2021-09-13,U,12.22,12.17,15.347210250002108,0.1255909185761219
2020-01-22,2022-10-10,2021-09-14,R,12.12,11.94,145.6154608999993,1.201447697194714
2020-01-22,2022-10-10,2021-09-15,R,11.93,11.8,95.9736656500002,0.8044733080469424
2020-01-22,2022-10-10,2021-09-16,R,11.8,11.75,16.19540025000218,0.1372491546610354
2020-01-22,2022-10-10,2021-09-17,R,11.75,11.75,-33.729125,-0.2870563829787234
2020-01-22,2022-10-10,2021-09-22,R,11.68,11.69,-43.59286004999949,-0.3732265415239682
2020-01-22,2022-10-10,2021-09-23,R,11.99,12.08,-124.25970544999804,-1.0363611797330945
2020-01-22,2022-10-10,2021-09-24,R,12.0,11.86,105.83740070000152,0.8819783391666793
2020-01-22,2022-10-10,2021-09-27,R,11.9,11.87,-4.016749849996582,-0.0337542004201393
2020-01-22,2022-10-10,2021-09-28,R,11.81,11.8,-23.845194949998472,-0.201906815834026
2020-01-22,2022-10-10,2021-09-29,R,11.8,11.84,-73.8505001999979,-0.6258516966101516
2020-01-22,2022-10-10,2021-09-30,R,11.84,11.62,186.20132110000225,1.5726462930743432
2020-01-22,2022-10-10,2021-10-08,R,11.74,12.12,-413.90273189999846,-3.5255769327086752
2020-01-22,2022-10-10,2021-10-11,U,12.12,12.13,-44.48144005000182,-0.367008581270642
2020-01-22,2022-10-10,2021-10-12,U,12.17,11.88,255.57058645000035,2.1000048188167653
2020-01-22,2022-10-10,2021-10-13,R,11.88,11.89,-43.9967600499984,-0.3703430980639596
2020-01-22,2022-10-10,2021-10-14,R,11.87,11.86,-23.966364949997963,-0.2019070341196121
2020-01-22,2022-10-10,2021-10-15,R,11.86,11.73,96.11503064999992,0.8104134118887009
2020-01-22,2022-10-10,2021-10-18,R,11.82,11.58,206.25191120000108,1.7449400270727673
2020-01-22,2022-10-10,2021-10-19,R,11.62,11.64,-53.4767900999992,-0.4602133399311462
2020-01-22,2022-10-10,2021-10-20,R,11.65,11.59,26.50342530000284,0.2274972128755608
2020-01-22,2022-10-10,2021-10-21,R,11.6,11.49,76.62990055000174,0.6606025909482909
2020-01-22,2022-10-10,2021-10-22,D,11.49,11.54,-83.2295552499976,-0.7243651457789174
2020-01-22,2022-10-10,2021-10-25,D,11.48,11.38,66.8671404999997,0.5824663806620184
2020-01-22,2022-10-10,2021-10-26,D,11.42,11.43,-43.067790049997456,-0.37712600744306
2020-01-22,2022-10-10,2021-10-27,D,11.46,11.28,146.94833090000105,1.2822716483420682
2020-01-22,2022-10-10,2021-10-28,D,11.13,11.16,-62.49233514999862,-0.5614765062892958
2020-01-22,2022-10-10,2021-10-29,D,11.21,11.35,-172.70999569999702,-1.54067792774306
2020-01-22,2022-10-10,2021-11-01,D,11.3,11.44,-172.89175069999715,-1.530015492920329
2020-01-22,2022-10-10,2021-11-02,D,11.5,11.43,36.81145035000349,0.3200995682608999
2020-01-22,2022-10-10,2021-11-03,D,11.38,11.47,-123.02781044999928,-1.081087965289976
2020-01-22,2022-10-10,2021-11-04,D,11.52,11.62,-133.31564049999608,-1.157253823784688
2020-01-22,2022-10-10,2021-11-05,C,11.6,11.69,-123.47210044999862,-1.0644146590517125
2020-01-22,2022-10-10,2021-11-08,C,11.68,11.65,-3.5724598500008757,-0.0305861288527472
2020-01-22,2022-10-10,2021-11-09,C,11.65,11.59,26.50342530000284,0.2274972128755608
2020-01-22,2022-10-10,2021-11-10,C,11.62,11.54,46.57421040000189,0.4008107607573312
2020-01-22,2022-10-10,2021-11-11,C,11.52,11.73,-243.37174104999815,-2.112601918836789
2020-01-22,2022-10-10,2021-11-12,C,11.74,11.72,-13.698729899999565,-0.1166842410562143
2020-01-22,2022-10-10,2021-11-15,C,11.72,11.87,-183.74504074999643,-1.567790450085294
2020-01-22,2022-10-10,2021-11-16,C,11.87,11.81,26.05913530000167,0.2195377868576383
2020-01-22,2022-10-10,2021-11-17,C,11.79,11.74,16.215595249998763,0.1375368553859098
2020-01-22,2022-10-10,2021-11-18,C,11.74,11.62,86.35227060000335,0.7355389318569281
2020-01-22,2022-10-10,2021-11-19,C,11.6,11.91,-343.5843015499992,-2.961933634051717
2020-01-22,2022-10-10,2021-11-22,C,11.92,11.86,25.9581603000024,0.2177698011745167
2020-01-22,2022-10-10,2021-11-23,C,11.86,11.73,96.11503064999992,0.8104134118887009
2020-01-22,2022-10-10,2021-11-24,C,11.74,11.71,-3.693629849998544,-0.0314619237648939
2020-01-22,2022-10-10,2021-11-25,C,11.74,11.63,76.34717055000051,0.6503166145655921
2020-01-22,2022-10-10,2021-11-26,C,11.63,11.17,426.74781730000217,3.66937074204645
2020-01-22,2022-10-10,2021-11-29,R,11.09,10.98,77.65984555000014,0.7002691212804342
2020-01-22,2022-10-10,2021-11-30,R,11.01,11.17,-192.31629579999836,-1.7467420145322283
2020-01-22,2022-10-10,2021-12-01,R,11.18,11.26,-112.61881039999936,-1.0073238855098332
2020-01-22,2022-10-10,2021-12-02,D,11.21,11.2,-22.63349494999629,-0.2019045044602702
2020-01-22,2022-10-10,2021-12-03,D,11.19,11.25,-92.62880529999934,-0.8277819955317189
2020-01-22,2022-10-10,2021-12-06,D,11.22,11.28,-92.68939029999818,-0.8261086479500729
2020-01-22,2022-10-10,2021-12-07,D,11.32,11.35,-62.87604014999731,-0.5554420507950292
2020-01-22,2022-10-10,2021-12-08,D,11.37,11.56,-223.058615950002,-1.9618172027264904
2020-01-22,2022-10-10,2021-12-09,C,11.5,11.77,-303.36195134999656,-2.6379300117391007
2020-01-22,2022-10-10,2021-12-10,C,11.75,11.89,-173.8005256999997,-1.4791534102127637
2020-01-22,2022-10-10,2021-12-13,C,11.88,11.98,-134.04266049999848,-1.1283052230639603
2020-01-22,2022-10-10,2021-12-14,C,11.96,11.97,-44.15832004999651,-0.3692167228260578
2020-01-22,2022-10-10,2021-12-15,C,11.93,11.87,25.937965300002183,0.2174179823973359
2020-01-22,2022-10-10,2021-12-16,C,11.92,12.05,-164.13874064999877,-1.377002857802003
2020-01-22,2022-10-10,2021-12-17,C,12.04,12.14,-134.36578050000014,-1.115994854651164
2020-01-22,2022-10-10,2021-12-20,C,12.14,12.1,5.503670200002837,0.0453350098847021
2020-01-22,2022-10-10,2021-12-21,C,12.1,12.15,-84.46145025,-0.6980285144628099
2020-01-22,2022-10-10,2021-12-22,C,12.0,11.91,55.81190045000008,0.4650991704166673
2020-01-22,2022-10-10,2021-12-23,C,11.88,12.03,-184.0681607499981,-1.5493952925084016
2020-01-22,2022-10-10,2021-12-24,C,12.0,11.98,-14.223799899999785,-0.1185316658333315
2020-01-22,2022-10-10,2021-12-27,U,11.98,12.08,-134.244610499997,-1.1205727086811104
2020-01-22,2022-10-10,2021-12-28,U,12.08,12.05,-4.380259849998694,-0.0362604292218434
2020-01-22,2022-10-10,2021-12-29,U,12.0,11.9,65.81700050000109,0.5484750041666757
2020-01-22,2022-10-10,2021-12-30,U,11.91,11.9,-24.04714494999884,-0.2019071784214847
2020-01-22,2022-10-10,2021-12-31,U,11.92,11.92,-34.07243999999825,-0.2858426174496497
2020-01-22,2022-10-10,2022-01-04,U,11.93,12.04,-144.14873554999878,-1.2082878084660418
2020-01-22,2022-10-10,2022-01-05,U,12.03,12.11,-114.33538539999788,-0.9504188312551778
2020-01-22,2022-10-10,2022-01-06,U,12.13,11.89,205.6258662000016,1.6951843874690982
2020-01-22,2022-10-10,2022-01-07,R,11.92,11.83,55.97346045,0.4695760104865771
2020-01-22,2022-10-10,2022-01-10,R,11.81,11.96,-183.9267957499984,-1.5573818437764473
2020-01-22,2022-10-10,2022-01-11,R,11.93,11.85,45.94816540000058,0.3851480754400719
2020-01-22,2022-10-10,2022-01-12,R,11.85,11.82,-3.915774849999128,-0.0330445135021023
2020-01-22,2022-10-10,2022-01-13,R,11.86,11.55,276.20683154999824,2.3288940265598503
2020-01-22,2022-10-10,2022-01-14,R,11.47,11.34,96.90263565000298,0.8448355331299301
2020-01-22,2022-10-10,2022-01-17,R,11.34,11.42,-112.94193039999736,-0.9959605855378958
2020-01-22,2022-10-10,2022-01-18,R,11.45,11.72,-303.26097635000093,-2.648567479039309
2020-01-22,2022-10-10,2022-01-19,R,11.72,11.64,46.37226040000152,0.3956677508532553
2020-01-22,2022-10-10,2022-01-20,R,11.69,11.77,-113.64875539999775,-0.9721878135158064
2020-01-22,2022-10-10,2022-01-21,R,11.71,11.61,66.40265550000379,0.567059397950502
2020-01-22,2022-10-10,2022-01-24,R,11.55,11.49,26.705375300001386,0.2312153705627825
2020-01-22,2022-10-10,2022-01-25,R,11.56,11.31,216.78208125000236,1.875277519463688
2020-01-22,2022-10-10,2022-01-26,R,11.31,11.25,27.190055300001163,0.2404072086649086
2020-01-22,2022-10-10,2022-01-27,R,11.25,11.13,87.34182559999948,0.7763717831111066
2020-01-22,2022-10-10,2022-01-28,D,11.14,11.11,-2.4819298499963622,-0.0222794421005059
2020-01-22,2022-10-10,2022-02-07,D,11.2,11.16,7.4020001999997085,0.0660892874999974
2020-01-22,2022-10-10,2022-02-08,D,11.15,11.29,-172.58882569999753,-1.5478818448430274
2020-01-22,2022-10-10,2022-02-09,D,11.31,11.35,-72.86094519999811,-0.6442170221043158
2020-01-22,2022-10-10,2022-02-10,D,11.37,11.41,-72.98211520000123,-0.641883159190864
2020-01-22,2022-10-10,2022-02-11,D,11.41,11.33,46.99830540000284,0.4119045170902966
2020-01-22,2022-10-10,2022-02-14,D,11.27,11.26,-22.754664949999416,-0.2019047466725768
2020-01-22,2022-10-10,2022-02-15,D,11.23,11.24,-42.68408504999695,-0.3800898045413797
2020-01-22,2022-10-10,2022-02-16,D,11.3,11.27,-2.8050498499980385,-0.0248234499999826
2020-01-22,2022-10-10,2022-02-17,D,11.25,11.25,-32.719375,-0.2908388888888888
2020-01-22,2022-10-10,2022-02-18,D,11.24,11.29,-82.7246802499976,-0.7359846997330748
2020-01-22,2022-10-10,2022-02-21,D,11.27,11.4,-162.82606564999912,-1.444774318101146
2020-01-22,2022-10-10,2022-02-22,C,11.34,11.27,37.134570350001525,0.3274653470017771
2020-01-22,2022-10-10,2022-02-23,D,11.27,11.34,-102.79546534999848,-0.912115930346038
2020-01-22,2022-10-10,2022-02-24,C,11.31,11.2,77.21555555000262,0.6827193240495368
2020-01-22,2022-10-10,2022-02-25,D,11.2,11.2,-32.61839999999891,-0.2912357142857045
2020-01-22,2022-10-10,2022-02-28,D,11.18,11.17,-22.57290994999927,-0.2019043823792421
2020-01-22,2022-10-10,2022-03-01,D,11.16,11.17,-42.542720049999055,-0.3812071689068015
2020-01-22,2022-10-10,2022-03-02,D,11.15,11.21,-92.54802529999849,-0.8300271327354124
2020-01-22,2022-10-10,2022-03-03,D,11.23,11.2,-2.663684849996507,-0.0237193664291763
2020-01-22,2022-10-10,2022-03-04,R,11.13,11.14,-42.482135049998405,-0.3816903418688087
2020-01-22,2022-10-10,2022-03-07,R,11.08,10.82,227.7565413000011,2.0555644521660748
2020-01-22,2022-10-10,2022-03-08,D,10.77,10.6,138.3366858500023,1.284463192664831
2020-01-22,2022-10-10,2022-03-09,D,10.63,10.4,198.65001615000057,1.8687677906867408
2020-01-22,2022-10-10,2022-03-10,D,10.55,10.35,168.7962760000029,1.5999647014218286
2020-01-22,2022-10-10,2022-03-11,D,10.23,10.28,-80.68498524999738,-0.788709533235556
2020-01-22,2022-10-10,2022-03-14,D,10.15,10.18,-60.51322514999724,-0.5961894103448004
2020-01-22,2022-10-10,2022-03-15,D,10.19,9.75,409.6456972000007,4.020075536800792
2020-01-22,2022-10-10,2022-03-16,D,9.85,9.89,-69.9124752000008,-0.7097713218274193
2020-01-22,2022-10-10,2022-03-17,D,10.0,10.11,-140.25110054999666,-1.4025110054999663
2020-01-22,2022-10-10,2022-03-18,D,10.1,10.2,-130.44795049999783,-1.291563866336612
2020-01-22,2022-10-10,2022-03-21,D,10.22,10.1,89.42191060000197,0.8749697710372012
2020-01-22,2022-10-10,2022-03-22,D,10.13,10.19,-90.48813529999804,-0.8932688578479568
2020-01-22,2022-10-10,2022-03-23,D,10.45,10.39,28.926825299999926,0.2768117253588509
2020-01-22,2022-10-10,2022-03-24,D,10.42,10.39,-1.0278898499988358,-0.0098645858925032
2020-01-22,2022-10-10,2022-03-25,D,10.39,10.22,139.10409585000153,1.338826716554394
2020-01-22,2022-10-10,2022-03-28,D,10.09,10.24,-180.4532557500009,-1.7884366278493644
2020-01-22,2022-10-10,2022-03-29,D,10.24,10.08,129.40192080000196,1.263690632812519
2020-01-22,2022-10-10,2022-03-30,D,10.12,10.2,-110.47814039999986,-1.0916812292490106
2020-01-22,2022-10-10,2022-03-31,D,10.15,10.15,-30.49792499999964,-0.3004721674876811
2020-01-22,2022-10-10,2022-04-01,D,10.07,10.18,-140.39246554999818,-1.394165497020836
2020-01-22,2022-10-10,2022-04-06,D,10.15,10.2,-80.52342524999744,-0.793334238916231
2020-01-22,2022-10-10,2022-04-07,D,10.17,10.06,79.51778555000021,0.7818857969518211
2020-01-22,2022-10-10,2022-04-08,D,10.06,10.15,-120.36207044999956,-1.1964420521868744
2020-01-22,2022-10-10,2022-04-11,D,10.11,9.93,149.67465590000137,1.480461482690419
2020-01-22,2022-10-10,2022-04-12,D,9.93,10.04,-140.10973554999876,-1.410974174723049
2020-01-22,2022-10-10,2022-04-13,D,10.0,10.0,-30.19499999999636,-0.3019499999999636
2020-01-22,2022-10-10,2022-04-14,D,10.13,10.1,-0.4422348499979627,-0.0043655957551625
2020-01-22,2022-10-10,2022-04-15,C,10.04,10.04,-30.27577999999905,-0.3015515936254886
2020-01-22,2022-10-10,2022-04-18,R,10.0,9.98,-10.184799899997966,-0.1018479989999796
2020-01-22,2022-10-10,2022-04-19,D,9.98,9.89,59.89129045000051,0.6001131307615282
2020-01-22,2022-10-10,2022-04-20,D,9.93,9.85,49.987165400000585,0.5033954219536816
2020-01-22,2022-10-10,2022-04-21,D,9.87,9.78,60.11343544999927,0.609052030901715
2020-01-22,2022-10-10,2022-04-22,D,9.77,9.72,20.29498525000102,0.2077275870010339
2020-01-22,2022-10-10,2022-04-25,D,9.6,9.11,460.8627024500023,4.800653150520857
2020-01-22,2022-10-10,2022-04-26,D,9.17,9.19,-48.52901509999848,-0.5292149956379333
2020-01-22,2022-10-10,2022-04-27,D,9.09,9.37,-308.50005639999955,-3.393840004400435
2020-01-22,2022-10-10,2022-04-28,D,9.31,9.42,-138.85764554999795,-1.4914892110633509
2020-01-22,2022-10-10,2022-04-29,D,9.46,9.52,-89.13507029999796,-0.9422311871035726
2020-01-22,2022-10-10,2022-05-05,D,9.56,9.6,-69.32682019999811,-0.7251759435146246
2020-01-22,2022-10-10,2022-05-06,D,9.43,9.19,211.0785162000005,2.2383723881230173
2020-01-22,2022-10-10,2022-05-09,D,9.19,9.21,-48.56940510000255,-0.5285027758433357
2020-01-22,2022-10-10,2022-05-10,D,9.11,9.34,-258.51494614999854,-2.8377052266739686
2020-01-22,2022-10-10,2022-05-11,D,9.37,9.39,-48.93291510000102,-0.5222296168623375
2020-01-22,2022-10-10,2022-05-12,D,9.35,9.38,-58.89762514999978,-0.6299211245989282
2020-01-22,2022-10-10,2022-05-13,D,9.43,9.38,20.981615249999344,0.2224985710498339
2020-01-22,2022-10-10,2022-05-16,D,9.44,9.3,111.00732070000102,1.175925007415265
2020-01-22,2022-10-10,2022-05-17,D,9.33,9.39,-88.87253529999876,-0.9525459303322482
2020-01-22,2022-10-10,2022-05-18,D,9.4,9.42,-48.99350009999804,-0.5212074478723195
2020-01-22,2022-10-10,2022-05-19,D,9.33,9.35,-48.85213509999833,-0.5236027341907645
2020-01-22,2022-10-10,2022-05-20,D,9.4,9.46,-89.0139003000003,-0.946956386170216
2020-01-22,2022-10-10,2022-05-23,C,9.51,9.43,50.83535540000247,0.534546323869637
2020-01-22,2022-10-10,2022-05-24,C,9.41,9.1,281.1546065500008,2.98782791232732
2020-01-22,2022-10-10,2022-05-25,D,9.11,9.14,-58.41294515,-0.6411958852908891
2020-01-22,2022-10-10,2022-05-26,D,9.13,9.22,-118.48393544999928,-1.297742995071186
2020-01-22,2022-10-10,2022-05-27,R,9.23,9.24,-38.64508504999876,-0.418689978873226
2020-01-22,2022-10-10,2022-05-30,R,9.24,9.17,41.37552035000189,0.4477870167749122
2020-01-22,2022-10-10,2022-05-31,D,9.17,9.41,-268.64121619999906,-2.929566152671746
2020-01-22,2022-10-10,2022-06-01,C,9.35,9.37,-48.89252509999877,-0.5229147069518585
2020-01-22,2022-10-10,2022-06-02,C,9.31,9.4,-118.84744544999955,-1.2765568791621866
2020-01-22,2022-10-10,2022-06-06,C,9.39,9.43,-68.98350519999804,-0.7346486176783603
2020-01-22,2022-10-10,2022-06-07,C,9.44,9.43,-19.05897994999767,-0.2018959740465855
2020-01-22,2022-10-10,2022-06-08,C,9.45,9.42,0.931025150000508,0.0098521179894233
2020-01-22,2022-10-10,2022-06-09,C,9.4,9.33,41.05240035000204,0.436727663297894
2020-01-22,2022-10-10,2022-06-10,R,9.27,9.6,-358.8890666499977,-3.871510967098141
2020-01-22,2022-10-10,2022-06-13,C,9.55,9.39,130.79537580000246,1.3695850869110204
2020-01-22,2022-10-10,2022-06-14,C,9.31,9.38,-98.83724534999936,-1.0616245472610029
2020-01-22,2022-10-10,2022-06-15,C,9.34,9.64,-329.01513149999977,-3.522645947537471
2020-01-22,2022-10-10,2022-06-16,C,9.68,9.58,70.5022405000008,0.7283289307851322
2020-01-22,2022-10-10,2022-06-17,C,9.53,9.69,-189.3274357999988,-1.9866467555089065
2020-01-22,2022-10-10,2022-06-20,C,9.74,9.69,20.35557025000167,0.2089894276180869
2020-01-22,2022-10-10,2022-06-21,C,9.69,9.72,-59.584255149998114,-0.6149045939112293
2020-01-22,2022-10-10,2022-06-22,C,9.71,9.55,130.4722558000026,1.3436895550978645
2020-01-22,2022-10-10,2022-06-23,C,9.55,9.67,-149.34742559999694,-1.5638473884816433
2020-01-22,2022-10-10,2022-06-24,C,9.7,9.75,-79.61465025000037,-0.8207695902061893
2020-01-22,2022-10-10,2022-06-27,C,9.75,9.77,-49.70032510000021,-0.5097469241025663
2020-01-22,2022-10-10,2022-06-28,C,9.76,9.9,-169.78172069999994,-1.739566810450819
2020-01-22,2022-10-10,2022-06-29,C,9.9,9.84,30.037550300001016,0.3034095989899092
2020-01-22,2022-10-10,2022-06-30,R,9.83,9.84,-39.85678504999913,-0.4054606820956168
2020-01-22,2022-10-10,2022-07-01,U,9.83,9.78,20.173815250001525,0.2052270116988965
2020-01-22,2022-10-10,2022-07-04,U,9.77,9.76,-19.72541494999942,-0.2018977988740984
2020-01-22,2022-10-10,2022-07-05,U,9.76,9.69,40.325380349999634,0.4131698806352421
2020-01-22,2022-10-10,2022-07-06,U,9.68,9.61,40.48694035000138,0.4182535160124109
2020-01-22,2022-10-10,2022-07-07,R,9.56,9.59,-59.32172014999891,-0.6205200852510346
2020-01-22,2022-10-10,2022-07-08,R,9.62,9.74,-149.48879059999848,-1.5539375322245164
2020-01-22,2022-10-10,2022-07-11,U,9.76,9.64,90.35088059999929,0.9257262356557302
2020-01-22,2022-10-10,2022-07-12,R,9.6,9.63,-59.40250014999978,-0.6187760432291644
2020-01-22,2022-10-10,2022-07-13,R,9.64,9.64,-29.467979999997603,-0.305684439834
2020-01-22,2022-10-10,2022-07-14,R,9.66,9.55,80.54773055000044,0.8338274384058015
2020-01-22,2022-10-10,2022-07-15,R,9.52,9.35,140.8610608500005,1.479632992121854
2020-01-22,2022-10-10,2022-07-18,R,9.36,9.67,-339.0606215499976,-3.622442537927325
2020-01-22,2022-10-10,2022-07-19,R,9.63,9.8,-199.53448584999836,-2.072009198857719
2020-01-22,2022-10-10,2022-07-20,R,9.87,9.94,-99.96816535000065,-1.0128486864235122
2020-01-22,2022-10-10,2022-07-21,U,9.9,10.07,-200.0797508499988,-2.0210075843434216
2020-01-22,2022-10-10,2022-07-22,U,10.04,10.0,9.744620200001386,0.0970579701195357
2020-01-22,2022-10-10,2022-07-25,U,10.0,9.95,19.830500250003272,0.1983050025000327
2020-01-22,2022-10-10,2022-07-26,U,9.98,10.0,-50.164810099997965,-0.5026534078156109
2020-01-22,2022-10-10,2022-07-27,U,9.99,9.94,19.85069525000167,0.1987056581581748
2020-01-22,2022-10-10,2022-07-28,U,9.99,10.11,-150.23600559999744,-1.5038639199198944
2020-01-22,2022-10-10,2022-07-29,U,10.1,10.05,19.62855024999927,0.1943420816831611
2020-01-22,2022-10-10,2022-08-01,U,10.03,10.06,-60.27088515000189,-0.6009061331007167
2020-01-22,2022-10-10,2022-08-02,U,10.0,9.91,59.85090045000189,0.5985090045000189
2020-01-22,2022-10-10,2022-08-03,U,9.91,9.72,160.08365595000313,1.615374933905178
2020-01-22,2022-10-10,2022-08-04,R,9.77,9.89,-149.79171559999992,-1.5331803029682691
2020-01-22,2022-10-10,2022-08-05,U,9.41,9.59,-209.0952959,-2.222054154091392
2020-01-22,2022-10-10,2022-08-08,U,9.59,9.62,-59.38230514999775,-0.6192106897809984
2020-01-22,2022-10-10,2022-08-09,U,9.6,9.69,-119.43310044999862,-1.2440947963541522
2020-01-22,2022-10-10,2022-08-10,U,9.69,9.57,90.4922456000008,0.9338725036119794
2020-01-22,2022-10-10,2022-08-11,U,9.6,9.81,-239.4943010499981,-2.494732302604147
2020-01-22,2022-10-10,2022-08-12,U,9.77,9.67,70.32048550000066,0.7197593193449402
2020-01-22,2022-10-10,2022-08-15,U,9.66,9.56,70.54263049999942,0.7302549741200769
2020-01-22,2022-10-10,2022-08-16,U,9.58,9.48,70.70419050000116,0.7380395668058576
2020-01-22,2022-10-10,2022-08-17,R,9.46,9.65,-219.2013709500003,-2.317139227801272
2020-01-22,2022-10-10,2022-08-18,U,9.62,9.61,-19.422489949997964,-0.2018969849272137
2020-01-22,2022-10-10,2022-08-19,U,9.52,9.52,-29.22563999999862,-0.3069920168067082
2020-01-22,2022-10-10,2022-08-22,R,9.43,9.52,-119.08978544999854,-1.262882136267217
2020-01-22,2022-10-10,2022-08-23,R,9.48,9.44,10.87554020000087,0.1147208881856631
2020-01-22,2022-10-10,2022-08-24,R,9.42,9.37,21.001810250001384,0.2229491533970423
2020-01-22,2022-10-10,2022-08-25,R,9.32,9.31,-18.81663995000051,-0.2018952784334818
2020-01-22,2022-10-10,2022-08-26,R,9.36,9.36,-28.902519999996947,-0.3087876068375742
2020-01-22,2022-10-10,2022-08-29,R,9.26,9.24,-8.690369899998181,-0.093848487041017
2020-01-22,2022-10-10,2022-08-30,R,9.27,9.2,41.314935350003054,0.4456843079827729
2020-01-22,2022-10-10,2022-08-31,R,9.18,9.29,-138.59511054999876,-1.5097506595860433
2020-01-22,2022-10-10,2022-09-01,R,9.22,9.22,-28.619789999999348,-0.3104098698481491
2020-01-22,2022-10-10,2022-09-02,R,9.22,9.31,-118.66569044999942,-1.2870465341648527
2020-01-22,2022-10-10,2022-09-05,R,9.3,9.33,-58.79665014999869,-0.6322220446236417
2020-01-22,2022-10-10,2022-09-06,R,9.31,9.44,-158.86784564999817,-1.7064215429645346
2020-01-22,2022-10-10,2022-09-07,R,9.43,9.39,10.976515200000144,0.1163999490986229
2020-01-22,2022-10-10,2022-09-08,R,9.43,9.44,-39.04898504999949,-0.4140931606574707
2020-01-22,2022-10-10,2022-09-09,R,9.47,9.47,-29.124664999999347,-0.307546620908124
2020-01-22,2022-10-10,2022-09-13,R,9.51,9.49,-9.1952449,-0.0966902723449
2020-01-22,2022-10-10,2022-09-14,R,9.46,9.38,50.936330399999925,0.5384390105708238
2020-01-22,2022-10-10,2022-09-15,R,9.39,9.38,-18.95800495000022,-0.2018956863684794
2020-01-22,2022-10-10,2022-09-16,R,9.34,9.12,191.25007110000044,2.0476453008565354
2020-01-22,2022-10-10,2022-09-19,D,9.12,8.89,201.69946114999897,2.21161689857455
2020-01-22,2022-10-10,2022-09-20,D,8.92,8.74,152.07786090000008,1.7049087544843058
2020-01-22,2022-10-10,2022-09-21,D,8.73,8.75,-47.640435099999785,-0.5457094513172942
2020-01-22,2022-10-10,2022-09-22,D,8.7,8.68,-7.559449899996874,-0.0868902287355962
2020-01-22,2022-10-10,2022-09-23,D,8.7,8.69,-17.56454994999607,-0.201891378735587
2020-01-22,2022-10-10,2022-09-26,D,8.6,8.55,22.657800250001088,0.2634627936046638
2020-01-22,2022-10-10,2022-09-27,D,8.54,8.65,-137.30263055000117,-1.6077591399297562
2020-01-22,2022-10-10,2022-09-28,D,8.62,8.56,32.62251029999804,0.3784513955916246
2020-01-22,2022-10-10,2022-09-29,D,8.67,8.38,262.6388364500004,3.0292830040369134
2020-01-22,2022-10-10,2022-09-30,D,8.41,8.52,-137.04009554999834,-1.6294898400713238
2020-01-22,2022-10-10,2022-10-10,D,8.6,8.16,412.8567022000008,4.8006593279069865
2023-07-14,2024-01-17,2023-07-17,U,26.89,26.11,716.0934489000073,2.6630474113053446
2023-07-14,2024-01-17,2023-07-18,U,26.08,25.53,487.6119427499997,1.869677694593557
2023-07-14,2024-01-17,2023-07-19,U,25.92,25.09,768.0778641500026,2.9632633647762443
2023-07-14,2024-01-17,2023-07-20,R,24.9,23.25,1590.555958249999,6.387774932730921
2023-07-14,2024-01-17,2023-07-21,R,23.04,23.04,-56.529279999993605,-0.24535277777775
2023-07-14,2024-01-17,2023-07-24,R,22.79,23.66,-926.468109350002,-4.065239619789391
2023-07-14,2024-01-17,2023-07-25,R,24.05,24.0,-8.54347474999782,-0.0355238035342944
2023-07-14,2024-01-17,2023-07-26,R,23.5,23.25,192.66925125,0.8198691542553193
2023-07-14,2024-01-17,2023-07-27,R,23.13,22.68,393.5184672500048,1.7013336240813004
2023-07-14,2024-01-17,2023-07-28,R,22.3,22.26,-15.014449799998845,-0.0673293713004432
2023-07-14,2024-01-17,2023-07-31,R,22.25,22.33,-134.97467539999724,-0.6066277546067291
2023-07-14,2024-01-17,2023-08-01,R,22.2,22.67,-525.0726023499976,-2.365191902477467
2023-07-14,2024-01-17,2023-08-02,R,22.25,22.32,-124.96957534999986,-0.5616610128089881
2023-07-14,2024-01-17,2023-08-03,R,21.86,22.5,-694.4726732000003,-3.1769106733760304
2023-07-14,2024-01-17,2023-08-04,R,22.1,23.77,-1725.482658349994,-7.807613838687755
2023-07-14,2024-01-17,2023-08-07,R,23.7,24.98,-1338.5149564,-5.647742432067511
2023-07-14,2024-01-17,2023-08-08,R,24.6,24.18,360.5345021000042,1.465587406910586
2023-07-14,2024-01-17,2023-08-09,U,23.3,22.25,993.4811552500022,4.263867619098722
2023-07-14,2024-01-17,2023-08-10,R,21.99,21.5,435.8410974500047,1.981996805138721
2023-07-14,2024-01-17,2023-08-11,R,21.72,21.5,166.2486611000067,0.7654174083794046
2023-07-14,2024-01-17,2023-08-14,R,21.09,21.4,-362.749356549999,-1.7200064321953483
2023-07-14,2024-01-17,2023-08-15,R,22.04,21.39,595.8217232499999,2.703365350499092
2023-07-14,2024-01-17,2023-08-16,R,21.0,20.89,57.64660055000393,0.2745076216666854
2023-07-14,2024-01-17,2023-08-17,R,20.33,20.91,-631.3522379000026,-3.1055201077225902
2023-07-14,2024-01-17,2023-08-18,R,20.89,20.1,738.215548950001,3.5338226373863137
2023-07-14,2024-01-17,2023-08-21,R,20.15,20.41,-310.82552629999884,-1.542558443176173
2023-07-14,2024-01-17,2023-08-22,R,21.2,22.45,-1303.4509062500008,-6.148353331367929
2023-07-14,2024-01-17,2023-08-23,R,22.17,21.34,775.6509891500062,3.498651281686993
2023-07-14,2024-01-17,2023-08-24,D,22.5,22.43,14.596950349999858,0.0648753348888882
2023-07-14,2024-01-17,2023-08-25,C,21.2,20.32,827.6354043999979,3.903940586792443
2023-07-14,2024-01-17,2023-08-28,D,21.43,20.68,707.8142612500034,3.302913024965018
2023-07-14,2024-01-17,2023-08-29,D,20.55,21.59,-1081.761267699996,-5.264045098296818
2023-07-14,2024-01-17,2023-08-30,D,21.89,21.8,46.77857294999883,0.2136983688898987
2023-07-14,2024-01-17,2023-08-31,D,21.56,21.91,-392.94431175000057,-1.8225617428107632
2023-07-14,2024-01-17,2023-09-01,C,21.79,21.25,497.1600502000032,2.281597293253801
2023-07-14,2024-01-17,2023-09-04,D,21.4,20.99,367.6864520500003,1.718160990887852
2023-07-14,2024-01-17,2023-09-05,D,20.77,20.31,418.6693948000064,2.0157409475204933
2023-07-14,2024-01-17,2023-09-06,D,20.08,20.22,-180.5879806999978,-0.899342533366523
2023-07-14,2024-01-17,2023-09-07,D,19.98,19.2,740.0331989000035,3.703869864364382
2023-07-14,2024-01-17,2023-09-08,D,19.01,19.08,-108.92614784999462,-0.5729939392424757
2023-07-14,2024-01-17,2023-09-11,D,19.0,19.46,-499.1098522999996,-2.6268939594736818
2023-07-14,2024-01-17,2023-09-12,D,19.19,19.28,-129.20990294999694,-0.6733189314747104
2023-07-14,2024-01-17,2023-09-13,D,19.16,18.86,261.03459150000526,1.3623934838204868
2023-07-14,2024-01-17,2023-09-14,D,18.98,18.59,351.3540469500038,1.8511804370390088
2023-07-14,2024-01-17,2023-09-15,D,18.63,18.13,461.9420600000026,2.4795601717659834
2023-07-14,2024-01-17,2023-09-18,D,18.08,18.3,-257.5892810999987,-1.4247194751106125
2023-07-14,2024-01-17,2023-09-19,D,18.32,18.48,-197.92342079999415,-1.080368017467217
2023-07-14,2024-01-17,2023-09-20,D,18.49,18.4,51.94572295000029,0.2809395508382925
2023-07-14,2024-01-17,2023-09-21,D,18.26,18.31,-87.77613524999622,-0.4807017264512389
2023-07-14,2024-01-17,2023-09-22,D,18.3,19.94,-1678.647833199999,-9.172938979234967
2023-07-14,2024-01-17,2023-09-25,C,19.76,19.29,430.2094423500058,2.177173291244969
2023-07-14,2024-01-17,2023-09-26,D,19.49,19.73,-279.74232869999696,-1.4353121021036273
2023-07-14,2024-01-17,2023-09-27,C,19.6,19.8,-239.88910099999345,-1.223923984693844
2023-07-14,2024-01-17,2023-09-28,C,20.03,19.7,289.72770915000206,1.4464688424862808
2023-07-14,2024-01-17,2023-10-09,C,19.47,19.26,170.5175685499984,0.8757964486389235
2023-07-14,2024-01-17,2023-10-10,D,19.23,18.86,330.9639093500054,1.7210811718669028
2023-07-14,2024-01-17,2023-10-11,D,19.16,19.17,-49.12351004999724,-0.2563857518267079
2023-07-14,2024-01-17,2023-10-12,C,19.4,18.75,610.8483532499993,3.14870285180412
2023-07-14,2024-01-17,2023-10-13,D,18.61,17.88,692.0897561500046,3.718913251746398
2023-07-14,2024-01-17,2023-10-16,D,17.89,17.42,433.0513748499975,2.4206337330910985
2023-07-14,2024-01-17,2023-10-17,D,17.52,17.28,203.4963812000022,1.1615090251141678
2023-07-14,2024-01-17,2023-10-18,D,16.6,16.92,-355.3910515999984,-2.1409099493975807
2023-07-14,2024-01-17,2023-10-19,D,16.58,16.53,14.828045249999713,0.0894333247889005
2023-07-14,2024-01-17,2023-10-20,D,16.56,16.17,355.03184195000205,2.143912089070061
2023-07-14,2024-01-17,2023-10-23,D,14.55,14.55,-32.11236250000109,-0.2207035223367772
2023-07-14,2024-01-17,2023-10-24,D,13.31,13.76,-480.45737474999805,-3.609747368519895
2023-07-14,2024-01-17,2023-10-25,D,13.82,13.54,249.13985640000152,1.8027485991317045
2023-07-14,2024-01-17,2023-10-26,D,13.4,13.83,-460.583952149998,-3.437193672761179
2023-07-14,2024-01-17,2023-10-27,D,13.83,14.07,-271.14054369999707,-1.9605245386839991
2023-07-14,2024-01-17,2023-10-30,D,14.07,14.6,-561.6531851499973,-3.99184921926082
2023-07-14,2024-01-17,2023-10-31,D,14.82,14.72,67.5283055000032,0.4556565823212091
2023-07-14,2024-01-17,2023-11-01,D,14.76,14.53,197.6857911500032,1.3393346283875556
2023-07-14,2024-01-17,2023-11-02,D,14.88,14.6,247.52892140000205,1.663500815860229
2023-07-14,2024-01-17,2023-11-03,D,14.68,14.75,-102.34563035000016,-0.6971773184604916
2023-07-14,2024-01-17,2023-11-06,D,14.92,14.97,-82.70017025000152,-0.554290685321726
2023-07-14,2024-01-17,2023-11-07,D,14.97,15.39,-452.9648595999985,-3.0258173653974514
2023-07-14,2024-01-17,2023-11-08,D,15.35,15.3,16.69733774999927,0.1087774446254024
2023-07-14,2024-01-17,2023-11-09,D,15.5,15.59,-123.60202545000008,-0.797432422258065
2023-07-14,2024-01-17,2023-11-10,C,15.4,15.41,-43.40925004999883,-0.2818782470779145
2023-07-14,2024-01-17,2023-11-13,C,15.65,16.11,-494.0186897999974,-3.156668944408929
2023-07-14,2024-01-17,2023-11-14,C,16.15,16.37,-254.65616359999655,-1.5768183504643754
2023-07-14,2024-01-17,2023-11-15,C,16.48,16.41,34.990220349996655,0.2123192982402709
2023-07-14,2024-01-17,2023-11-16,C,16.2,15.94,225.5126513000021,1.3920534030864329
2023-07-14,2024-01-17,2023-11-17,C,15.87,16.35,-514.3632349000006,-3.24110418966604
2023-07-14,2024-01-17,2023-11-20,C,16.29,16.12,135.32997334999826,0.8307549008594123
2023-07-14,2024-01-17,2023-11-21,C,16.19,15.96,195.51254864999927,1.2076130243977716
2023-07-14,2024-01-17,2023-11-22,C,15.9,15.57,296.0042766500031,1.861662117295617
2023-07-14,2024-01-17,2023-11-23,C,15.73,15.72,-23.900567449998547,-0.1519425775587956
2023-07-14,2024-01-17,2023-11-24,C,15.8,15.4,366.19195200000144,2.31767058227849
2023-07-14,2024-01-17,2023-11-27,R,15.1,14.89,177.15887605000103,1.1732375897351062
2023-07-14,2024-01-17,2023-11-28,R,14.77,15.15,-412.64050939999913,-2.7937746066350653
2023-07-14,2024-01-17,2023-11-29,R,15.15,14.95,167.07778850000255,1.1028236864686638
2023-07-14,2024-01-17,2023-11-30,R,15.08,15.1,-52.928030099996505,-0.3509816319628415
2023-07-14,2024-01-17,2023-12-01,R,15.05,15.15,-132.92323799999673,-0.8832108837209085
2023-07-14,2024-01-17,2023-12-04,R,15.21,14.78,397.1039046500029,2.610808051610801
2023-07-14,2024-01-17,2023-12-05,R,14.75,14.15,567.889690500001,3.850099596610177
2023-07-14,2024-01-17,2023-12-06,D,14.14,14.25,-141.54536554999606,-1.0010280449080344
2023-07-14,2024-01-17,2023-12-07,D,14.38,14.33,18.171495250002256,0.1263664481919489
2023-07-14,2024-01-17,2023-12-08,D,14.36,15.76,-1432.5376169999977,-9.975888697771572
2023-07-14,2024-01-17,2023-12-11,C,15.77,15.59,146.1253433999997,0.9266033189600488
2023-07-14,2024-01-17,2023-12-12,C,15.61,15.26,316.4552042500005,2.0272594762972487
2023-07-14,2024-01-17,2023-12-13,D,15.26,15.08,146.90041590000175,0.962650169724782
2023-07-14,2024-01-17,2023-12-14,D,15.18,15.0,147.0219959000035,0.9685243471673484
2023-07-14,2024-01-17,2023-12-15,D,15.1,14.78,287.2149766000031,1.9020859377483648
2023-07-14,2024-01-17,2023-12-18,D,14.78,15.03,-282.58940624999883,-1.9119716255074344
2023-07-14,2024-01-17,2023-12-19,D,14.96,15.17,-242.84256104999687,-1.6232791514037224
2023-07-14,2024-01-17,2023-12-20,C,15.17,14.55,587.2615955999994,3.871203662491756
2023-07-14,2024-01-17,2023-12-21,D,14.55,14.57,-52.12256259999949,-0.3582306707903745
2023-07-14,2024-01-17,2023-12-22,D,14.51,14.32,158.04532845000094,1.089216598552729
2023-07-14,2024-01-17,2023-12-25,D,14.2,14.21,-41.58555004999992,-0.292855986267605
2023-07-14,2024-01-17,2023-12-26,D,14.12,13.87,218.66863125000285,1.5486446972379804
2023-07-14,2024-01-17,2023-12-27,D,13.95,13.93,-11.190312399998689,-0.0802172931899547
2023-07-14,2024-01-17,2023-12-28,D,14.19,14.8,-641.876355549999,-4.523441547216342
2023-07-14,2024-01-17,2023-12-29,C,14.8,15.12,-352.6555015999973,-2.382807443243225
2023-07-14,2024-01-17,2024-01-02,C,15.0,14.2,767.6117540000033,5.117411693333355
2023-07-14,2024-01-17,2024-01-03,D,14.11,13.88,198.673628650001,1.408034221474139
2023-07-14,2024-01-17,2024-01-04,D,13.78,13.47,279.21594655,2.0262405410014512
2023-07-14,2024-01-17,2024-01-05,D,13.45,13.3,119.63586325,0.8894859721189591
2023-07-14,2024-01-17,2024-01-08,D,13.24,13.08,129.96011080000196,0.9815718338368729
2023-07-14,2024-01-17,2024-01-09,D,13.33,13.19,109.8131332000016,0.8238044501125401
2023-07-14,2024-01-17,2024-01-10,D,13.08,12.91,140.20837085000102,1.0719294407492432
2023-07-14,2024-01-17,2024-01-11,D,12.96,13.15,-219.7928609500003,-1.6959325690586442
2023-07-14,2024-01-17,2024-01-12,D,13.0,12.86,110.31465070000334,0.848574236153872
2023-07-14,2024-01-17,2024-01-15,D,12.8,12.72,50.5880004000016,0.3952187531250125
2023-07-14,2024-01-17,2024-01-16,D,12.64,12.91,-299.3473413499978,-2.368254282832261
2023-07-14,2024-01-17,2024-01-17,D,12.87,12.68,160.53771844999855,1.2473793197358083
2024-07-09,2025-04-08,2024-07-10,U,29.0,28.95,-4.047249749994908,-0.013956033620672
2024-07-09,2025-04-08,2024-07-11,U,29.45,28.76,635.5952659500005,2.158218220543296
2024-07-09,2025-04-08,2024-07-12,U,27.65,27.26,338.1778144500019,1.2230662367088676
2024-07-09,2025-04-08,2024-07-15,R,27.15,26.96,138.8356884499997,0.5113653349907908
2024-07-09,2025-04-08,2024-07-16,R,26.96,27.46,-551.2274624999955,-2.044612249629063
2024-07-09,2025-04-08,2024-07-17,R,27.06,25.95,1059.4416705500062,3.915157688654864
2024-07-09,2025-04-08,2024-07-18,R,24.82,25.41,-638.021097949998,-2.5705926589443915
2024-07-09,2025-04-08,2024-07-19,R,24.97,24.66,262.2099440500013,1.0500998960752954
2024-07-09,2025-04-08,2024-07-22,R,24.49,24.91,-467.4328796000007,-1.9086683527970632
2024-07-09,2025-04-08,2024-07-23,R,25.35,24.54,761.8874415500076,3.0054731422091026
2024-07-09,2025-04-08,2024-07-24,R,24.4,24.3,52.96910050000146,0.2170864774590223
2024-07-09,2025-04-08,2024-07-25,R,23.5,23.2,254.43887650000147,1.0827186234042616
2024-07-09,2025-04-08,2024-07-26,R,23.2,23.5,-345.4112014999985,-1.4888413857758556
2024-07-09,2025-04-08,2024-07-29,R,23.4,23.8,-445.76615199999856,-1.9049835555555492
2024-07-09,2025-04-08,2024-07-30,R,23.49,22.85,594.6274757000017,2.531406878246069
2024-07-09,2025-04-08,2024-07-31,R,22.76,23.84,-1125.1403153999956,-4.9434987495606135
2024-07-09,2025-04-08,2024-08-01,R,24.6,23.97,582.9354531500038,2.369656313617902
2024-07-09,2025-04-08,2024-08-02,D,22.93,22.33,555.4581355000063,2.4224079175752564
2024-07-09,2025-04-08,2024-08-05,D,21.1,20.42,638.2800784000052,3.0250240682464704
2024-07-09,2025-04-08,2024-08-06,D,21.03,20.81,178.15185860000537,0.8471319952449138
2024-07-09,2025-04-08,2024-08-07,D,20.6,20.4,158.79515100000728,0.7708502475728509
2024-07-09,2025-04-08,2024-08-08,D,20.0,20.48,-520.639802399998,-2.603199011999989
2024-07-09,2025-04-08,2024-08-09,D,20.8,20.79,-31.60569994999825,-0.1519504805288377
2024-07-09,2025-04-08,2024-08-12,D,20.51,20.64,-171.2363731499971,-0.834892116772292
2024-07-09,2025-04-08,2024-08-13,D,20.85,20.78,28.348912850004943,0.1359660088729254
2024-07-09,2025-04-08,2024-08-14,D,21.2,21.38,-222.31050090000087,-1.0486344382075514
2024-07-09,2025-04-08,2024-08-15,D,20.74,20.66,38.521185400002906,0.1857337772420583
2024-07-09,2025-04-08,2024-08-16,D,21.01,21.06,-91.9554477499962,-0.4376746680152127
2024-07-09,2025-04-08,2024-08-19,D,21.0,20.78,178.1974511000006,0.8485592909523837
2024-07-09,2025-04-08,2024-08-20,D,21.11,20.65,418.1526798000026,1.980827474182864
2024-07-09,2025-04-08,2024-08-21,D,20.3,20.77,-511.0906273499962,-2.5176878194581094
2024-07-09,2025-04-08,2024-08-22,D,20.78,20.39,348.6184969500045,1.6776636041867397
2024-07-09,2025-04-08,2024-08-23,D,20.2,20.46,-300.8315512999981,-1.4892651054455353
2024-07-09,2025-04-08,2024-08-26,D,20.6,20.12,438.93795240000304,2.130766759223316
2024-07-09,2025-04-08,2024-08-27,D,20.0,19.75,209.7325012500073,1.0486625062500363
2024-07-09,2025-04-08,2024-08-28,D,19.6,19.77,-209.87380084999404,-1.0707846982142553
2024-07-09,2025-04-08,2024-08-29,D,19.0,19.22,-258.987451099997,-1.363091847894721
2024-07-09,2025-04-08,2024-08-30,D,19.08,20.47,-1429.7057369499978,-7.49321665068133
2024-07-09,2025-04-08,2024-09-02,C,20.37,19.45,879.5118971000038,4.317682361806598
2024-07-09,2025-04-08,2024-09-03,D,19.34,19.44,-139.44296549999578,-0.7210080946225221
2024-07-09,2025-04-08,2024-09-04,D,18.5,18.92,-458.3295770999992,-2.477457173513509
2024-07-09,2025-04-08,2024-09-05,D,18.86,18.88,-58.67268509999898,-0.3110958913043424
2024-07-09,2025-04-08,2024-09-06,D,18.87,18.36,471.5824200500021,2.499111923953376
2024-07-09,2025-04-08,2024-09-09,D,18.13,18.6,-507.7927698500016,-2.800842635686716
2024-07-09,2025-04-08,2024-09-10,D,18.6,18.82,-258.3795510999991,-1.3891373715053716
2024-07-09,2025-04-08,2024-09-11,D,18.72,18.78,-98.48032029999636,-0.5260700870726301
2024-07-09,2025-04-08,2024-09-12,D,19.39,18.84,510.81255025000206,2.634412327230542
2024-07-09,2025-04-08,2024-09-13,D,18.86,19.25,-428.8613869500003,-2.2739203974019104
2024-07-09,2025-04-08,2024-09-18,D,19.0,18.75,211.25225125,1.1118539539473684
2024-07-09,2025-04-08,2024-09-19,D,18.87,18.85,-18.667482400000583,-0.0989267747747778
2024-07-09,2025-04-08,2024-09-20,D,19.0,18.86,101.19615070000334,0.5326113194737018
2024-07-09,2025-04-08,2024-09-23,D,18.65,18.71,-98.37393780000028,-0.5274741973190364
2024-07-09,2025-04-08,2024-09-24,D,18.9,20.58,-1719.580083399998,-9.098307319576708
2024-07-09,2025-04-08,2024-09-25,C,21.32,21.07,207.7264312500076,0.9743266006097916
2024-07-09,2025-04-08,2024-09-26,C,21.11,21.66,-592.3624252499984,-2.80607496565608
2024-07-09,2025-04-08,2024-09-27,C,22.02,23.0,-1023.9646998999948,-4.650157583560376
2024-07-09,2025-04-08,2024-09-30,C,24.3,25.19,-937.3838294499952,-3.85754662325101
2024-07-09,2025-04-08,2024-10-08,C,27.71,27.71,-52.11227249999913,-0.1880630548538402
2024-07-09,2025-04-08,2024-10-09,C,27.7,26.0,1648.7699335000052,5.952238027075832
2024-07-09,2025-04-08,2024-10-10,C,26.52,25.8,670.0634336000038,2.526634365007556
2024-07-09,2025-04-08,2024-10-11,C,25.4,24.59,761.811454050001,2.9992576931102404
2024-07-09,2025-04-08,2024-10-14,C,24.54,25.16,-667.6108680999986,-2.7205006850040694
2024-07-09,2025-04-08,2024-10-15,C,25.19,24.6,542.0184004499996,2.151720525803889
2024-07-09,2025-04-08,2024-10-16,U,23.61,23.53,34.15950289999665,0.1446823502752929
2024-07-09,2025-04-08,2024-10-17,U,23.77,23.71,13.906142800002035,0.0585029145982416
2024-07-09,2025-04-08,2024-10-18,U,23.98,26.08,-2147.514615499995,-8.955440431609654
2024-07-09,2025-04-08,2024-10-21,U,26.81,26.2,559.5666055500026,2.087156305669536
2024-07-09,2025-04-08,2024-10-22,U,26.49,26.26,179.85912365000002,0.678969889203473
2024-07-09,2025-04-08,2024-10-23,U,25.79,25.61,130.89744839999926,0.507551176424968
2024-07-09,2025-04-08,2024-10-24,U,25.16,25.35,-238.33381094999737,-0.9472726985294012
2024-07-09,2025-04-08,2024-10-25,U,25.39,25.66,-318.7241538499942,-1.255313721346964
2024-07-09,2025-04-08,2024-10-28,U,25.31,25.26,1.560627750000144,0.0061660519557492
2024-07-09,2025-04-08,2024-10-29,U,25.2,25.05,101.77880075,0.4038841299603175
2024-07-09,2025-04-08,2024-10-30,U,24.9,24.84,12.188825300001016,0.048951105622494
2024-07-09,2025-04-08,2024-10-31,R,24.5,24.25,202.8936262500073,0.8281372500000298
2024-07-09,2025-04-08,2024-11-01,R,23.85,23.68,123.84066335000422,0.5192480643606047
2024-07-09,2025-04-08,2024-11-04,R,23.78,24.33,-596.420157749993,-2.508074675147153
2024-07-09,2025-04-08,2024-11-05,R,24.34,24.75,-457.1998170499983,-1.8783887306902145
2024-07-09,2025-04-08,2024-11-06,R,25.0,24.18,772.4244541000035,3.089697816400014
2024-07-09,2025-04-08,2024-11-07,R,23.96,24.64,-726.7600133999956,-3.033222092654406
2024-07-09,2025-04-08,2024-11-08,R,24.9,25.98,-1128.392580399999,-4.531697110040155
2024-07-09,2025-04-08,2024-11-11,R,25.3,27.01,-1759.3217835499988,-6.953841041699601
2024-07-09,2025-04-08,2024-11-12,R,27.01,25.72,1239.6094589500058,4.58944634931509
2024-07-09,2025-04-08,2024-11-13,U,25.47,26.47,-1049.2180374999975,-4.119426923831949
2024-07-09,2025-04-08,2024-11-14,U,26.58,24.87,1660.477153549998,6.247092376034605
2024-07-09,2025-04-08,2024-11-15,R,24.8,23.92,832.759004400003,3.3578992112903348
2024-07-09,2025-04-08,2024-11-18,R,23.92,23.24,633.9943834000092,2.6504781914716102
2024-07-09,2025-04-08,2024-11-19,R,23.45,23.72,-315.77583884999547,-1.3465920633262063
2024-07-09,2025-04-08,2024-11-20,R,23.7,24.0,-346.1710764999985,-1.4606374535864917
2024-07-09,2025-04-08,2024-11-21,R,23.6,23.43,124.22060085000422,0.526358478177984
2024-07-09,2025-04-08,2024-11-22,R,23.49,22.84,604.6325757500027,2.573999896764592
2024-07-09,2025-04-08,2024-11-25,R,22.84,22.11,685.661213650005,3.0020193242119317
2024-07-09,2025-04-08,2024-11-26,R,21.89,22.09,-243.36932849999795,-1.1117831361352122
2024-07-09,2025-04-08,2024-11-27,R,21.92,22.32,-443.51692199999536,-2.023343622262753
2024-07-09,2025-04-08,2024-11-28,R,22.32,21.85,426.3188823499973,1.9100308349014208
2024-07-09,2025-04-08,2024-11-29,R,21.85,22.19,-383.3799391999968,-1.754599264073212
2024-07-09,2025-04-08,2024-12-02,R,22.07,22.56,-533.7907849499987,-2.41862612120525
2024-07-09,2025-04-08,2024-12-03,R,22.68,22.24,395.75647220000815,1.7449579902998595
2024-07-09,2025-04-08,2024-12-04,R,22.25,21.88,326.37426435000134,1.4668506262921408
2024-07-09,2025-04-08,2024-12-05,R,21.92,22.54,-663.6291230999959,-3.0275051236313684
2024-07-09,2025-04-08,2024-12-06,R,22.54,22.6,-104.28576529999972,-0.4626697661934326
2024-07-09,2025-04-08,2024-12-09,R,22.62,22.13,445.8731574500037,1.9711457004863115
2024-07-09,2025-04-08,2024-12-10,D,22.61,22.14,425.87815485,1.8835831704997787
2024-07-09,2025-04-08,2024-12-11,D,22.1,22.33,-273.70377614999285,-1.2384786251130897
2024-07-09,2025-04-08,2024-12-12,D,22.37,22.34,-13.98150734999593,-0.0625011504246577
2024-07-09,2025-04-08,2024-12-13,D,22.17,21.35,776.7253466000052,3.503497278304037
2024-07-09,2025-04-08,2024-12-16,D,21.2,21.06,97.852700699999,0.4615693429245235
2024-07-09,2025-04-08,2024-12-17,D,20.99,21.6,-652.2106555500019,-3.1072446667460785
2024-07-09,2025-04-08,2024-12-18,D,21.62,21.41,167.2501060500042,0.773589759713248
2024-07-09,2025-04-08,2024-12-19,D,21.2,22.19,-1032.7236049499998,-4.871337759198112
2024-07-09,2025-04-08,2024-12-20,C,22.03,22.02,-33.47499244999781,-0.1519518495233673
2024-07-09,2025-04-08,2024-12-23,D,22.23,22.05,136.30775840000058,0.6131703031938848
2024-07-09,2025-04-08,2024-12-24,C,22.11,23.0,-934.0555769499966,-4.224584246720926
2024-07-09,2025-04-08,2024-12-25,C,23.03,22.72,265.1582590500036,1.151360221667406
2024-07-09,2025-04-08,2024-12-26,C,22.64,23.33,-734.7590434499933,-3.245402135379829
2024-07-09,2025-04-08,2024-12-27,C,23.16,22.61,505.0830927500016,2.180842369386881
2024-07-09,2025-04-08,2024-12-30,C,22.55,22.45,55.780638000003634,0.2473642483370449
2024-07-09,2025-04-08,2024-12-31,C,22.46,21.5,916.3560198000076,4.07994665983975
2024-07-09,2025-04-08,2025-01-02,R,21.4,20.71,647.829253449996,3.0272395021027854
2024-07-09,2025-04-08,2025-01-03,D,20.64,20.55,48.67826044999884,0.2358442851259633
2024-07-09,2025-04-08,2025-01-06,D,20.79,20.67,78.46559810000043,0.3774199042809064
2024-07-09,2025-04-08,2025-01-07,D,20.81,21.25,-481.8503996999952,-2.315475250840919
2024-07-09,2025-04-08,2025-01-08,D,20.9,20.63,228.37492635000055,1.0927029968899549
2024-07-09,2025-04-08,2025-01-09,D,20.62,20.54,38.70355540000553,0.1876991047526941
2024-07-09,2025-04-08,2025-01-10,D,20.49,19.75,699.2377262000047,3.412580410932185
2024-07-09,2025-04-08,2025-01-13,D,19.48,19.72,-279.7271311999949,-1.4359708993839575
2024-07-09,2025-04-08,2025-01-14,D,19.75,20.57,-860.4332665999962,-4.356624134683525
2024-07-09,2025-04-08,2025-01-15,D,20.5,20.14,319.0287268000003,1.5562376917073184
2024-07-09,2025-04-08,2025-01-16,D,20.35,20.84,-531.1768149499975,-2.6102054788697666
2024-07-09,2025-04-08,2025-01-17,D,20.68,20.66,-21.41822989999825,-0.1035697770792952
2024-07-09,2025-04-08,2025-01-20,D,20.91,20.77,98.29342819999984,0.4700785662362499
2024-07-09,2025-04-08,2025-01-21,D,20.96,21.21,-291.9814612499955,-1.3930413227576122
2024-07-09,2025-04-08,2025-01-22,C,21.42,23.33,-1953.5271545499963,-9.120108097805772
2024-07-09,2025-04-08,2025-01-23,C,23.81,23.0,764.2278565500048,3.209692803653947
2024-07-09,2025-04-08,2025-01-24,C,22.71,23.35,-684.8399256999988,-3.015587519594887
2024-07-09,2025-04-08,2025-01-27,C,22.55,21.45,1056.290643000007,4.684215711751695
2024-07-09,2025-04-08,2025-02-05,C,20.56,20.0,519.0395428000048,2.524511394941658
2024-07-09,2025-04-08,2025-02-06,D,20.31,20.48,-210.95282335000044,-1.038664812161499
2024-07-09,2025-04-08,2025-02-07,D,20.67,21.55,-921.8620368999932,-4.459903419932236
2024-07-09,2025-04-08,2025-02-10,C,21.66,21.72,-102.94838529999504,-0.4752926375807713
2024-07-09,2025-04-08,2025-02-11,C,21.8,21.77,-13.115249849996218,-0.0601616965596156
2024-07-09,2025-04-08,2025-02-12,C,21.72,22.15,-473.2282721499941,-2.178767367173085
2024-07-09,2025-04-08,2025-02-13,C,22.05,21.79,216.62211380000537,0.982413214512496
2024-07-09,2025-04-08,2025-02-14,C,21.81,22.1,-333.2936489499981,-1.5281689543787167
2024-07-09,2025-04-08,2025-02-17,C,22.46,22.9,-484.357987199993,-2.1565360071237443
2024-07-09,2025-04-08,2025-02-18,C,22.9,22.68,175.30992610000277,0.7655455288209728
2024-07-09,2025-04-08,2025-02-19,C,22.6,23.24,-684.672753199991,-3.029525456637128
2024-07-09,2025-04-08,2025-02-20,C,23.05,22.62,385.1890646500045,1.6711022327549003
2024-07-09,2025-04-08,2025-02-21,U,22.87,23.2,-374.92498414999625,-1.6393746574114396
2024-07-09,2025-04-08,2025-02-24,U,23.38,23.21,124.55494585000174,0.532741427929862
2024-07-09,2025-04-08,2025-02-25,U,22.8,23.08,-324.79310139999507,-1.4245311464912065
2024-07-09,2025-04-08,2025-02-26,U,22.99,22.77,175.17314859999897,0.7619536694214831
2024-07-09,2025-04-08,2025-02-27,U,22.9,21.96,895.6771296999997,3.9112538414847142
2024-07-09,2025-04-08,2025-02-28,R,21.1,21.19,-132.1126254499968,-0.6261261869668096
2024-07-09,2025-04-08,2025-03-03,R,21.37,21.07,257.6759440000061,1.2057835470285732
2024-07-09,2025-04-08,2025-03-04,R,20.39,21.04,-691.3192057500002,-3.390481636831781
2024-07-09,2025-04-08,2025-03-05,R,21.04,21.04,-41.97554000000088,-0.1995035171102703
2024-07-09,2025-04-08,2025-03-06,R,21.2,21.32,-162.27990060000204,-0.7654712292452927
2024-07-09,2025-04-08,2025-03-07,R,21.13,20.87,218.0202838,1.031804466635116
2024-07-09,2025-04-08,2025-03-10,R,20.93,21.03,-141.85936799999956,-0.67778006688963
2024-07-09,2025-04-08,2025-03-11,R,20.61,20.82,-251.42914855000012,-1.2199376445900054
2024-07-09,2025-04-08,2025-03-12,R,20.92,20.91,-31.78806994999724,-0.151950621175895
2024-07-09,2025-04-08,2025-03-13,R,21.03,20.67,318.2232593000051,1.5131871578697342
2024-07-09,2025-04-08,2025-03-14,R,20.81,21.26,-491.8554997499999,-2.3635535788082644
2024-07-09,2025-04-08,2025-03-17,R,21.6,21.52,37.214200400002326,0.1722879648148255
2024-07-09,2025-04-08,2025-03-18,R,21.48,21.54,-102.67483029999477,-0.4780020032588211
2024-07-09,2025-04-08,2025-03-19,R,21.4,21.02,337.6711519000009,1.577902578971967
2024-07-09,2025-04-08,2025-03-20,D,21.11,20.85,218.05067880000044,1.0329260009474204
2024-07-09,2025-04-08,2025-03-21,D,20.78,20.63,108.49609575000554,0.5221178813763501
2024-07-09,2025-04-08,2025-03-24,D,20.69,20.84,-191.5201282499958,-0.9256651921217776
2024-07-09,2025-04-08,2025-03-25,D,20.79,20.51,238.54719890000217,1.147413174122185
2024-07-09,2025-04-08,2025-03-26,D,20.43,20.38,8.977007750001164,0.0439403218306469
2024-07-09,2025-04-08,2025-03-27,D,20.21,20.22,-50.71924754999651,-0.2509611457199233
2024-07-09,2025-04-08,2025-03-28,D,20.2,19.98,179.4132511000035,0.888184411386156
2024-07-09,2025-04-08,2025-03-31,D,19.8,19.86,-100.12165029999812,-0.505664900505041
2024-07-09,2025-04-08,2025-04-01,D,19.95,20.02,-110.35471284999694,-0.5531564553884558
2024-07-09,2025-04-08,2025-04-02,D,19.95,20.0,-90.3445127499949,-0.4528547005012275
2024-07-09,2025-04-08,2025-04-03,D,19.65,19.05,560.4429154999979,2.852126796437648
2024-07-09,2025-04-08,2025-04-07,D,17.15,17.15,-36.06371250000146,-0.2102840379008831
2024-07-09,2025-04-08,2025-04-08,D,16.29,15.44,815.6767767500003,5.007223921117252
2025-10-29,2026-03-23,2025-10-30,U,80.0,77.97,1888.066309581014,2.360082886976268
2025-10-29,2026-03-23,2025-10-31,U,77.95,72.0,5814.267190065008,7.45897009629892
2025-10-29,2026-03-23,2025-11-03,U,70.36,74.89,-4658.907089330985,-6.621527983699524
2025-10-29,2026-03-23,2025-11-04,U,74.77,73.49,1146.9467815559954,1.533966539462345
2025-10-29,2026-03-23,2025-11-05,U,70.31,75.24,-5059.07575091098,-7.195385792790471
2025-10-29,2026-03-23,2025-11-06,U,75.24,76.22,-1115.3535452459814,-1.4823943982535637
2025-10-29,2026-03-23,2025-11-07,U,74.07,72.7,1238.2582590990053,1.6717405955164104
2025-10-29,2026-03-23,2025-11-10,U,72.0,71.5,371.40313635,0.515837689375
2025-10-29,2026-03-23,2025-11-11,U,72.0,68.03,3843.6429266190007,5.3383929536375
2025-10-29,2026-03-23,2025-11-12,R,66.45,68.6,-2270.369813805009,-3.4166588620090423
2025-10-29,2026-03-23,2025-11-13,R,67.58,67.99,-531.2700128069744,-0.7861349701198199
2025-10-29,2026-03-23,2025-11-14,R,65.8,64.27,1413.1693832310111,2.147673834697585
2025-10-29,2026-03-23,2025-11-17,R,64.39,64.94,-665.6485244849863,-1.033776245511704
2025-10-29,2026-03-23,2025-11-18,R,63.65,64.72,-1184.6591632889904,-1.8612084262199375
2025-10-29,2026-03-23,2025-11-19,R,64.5,65.06,-675.8519397119916,-1.0478324646697543
2025-10-29,2026-03-23,2025-11-20,R,68.06,65.94,1999.5035691240143,2.937854200887473
2025-10-29,2026-03-23,2025-11-21,R,63.05,60.67,2268.642047526014,3.5981634377890783
2025-10-29,2026-03-23,2025-11-24,R,61.0,55.94,4954.042541862006,8.121381216167224
2025-10-29,2026-03-23,2025-11-25,R,56.36,56.61,-351.0767661749933,-0.6229183218151051
2025-10-29,2026-03-23,2025-11-26,R,55.31,58.93,-3721.371931673988,-6.728208157067416
2025-10-29,2026-03-23,2025-11-27,R,60.02,60.27,-357.6301791749895,-0.5958516813978499
2025-10-29,2026-03-23,2025-11-28,R,60.24,60.72,-588.1725588959887,-0.9763820698804592
2025-10-29,2026-03-23,2025-12-01,R,60.03,59.81,112.65528749400174,0.1876649800000029
2025-10-29,2026-03-23,2025-12-02,R,59.83,60.96,-1237.8579906509894,-2.068958700737071
2025-10-29,2026-03-23,2025-12-03,R,61.0,61.68,-789.6624714359965,-1.294528641698355
2025-10-29,2026-03-23,2025-12-04,D,60.88,61.4,-629.3443298039922,-1.0337456140013013
2025-10-29,2026-03-23,2025-12-05,D,61.99,61.12,759.5653667490143,1.2253030597661143
2025-10-29,2026-03-23,2025-12-08,D,60.75,63.41,-2770.4928698819945,-4.560482090340732
2025-10-29,2026-03-23,2025-12-09,C,64.0,67.99,-4107.17063607298,-6.417454118864033
2025-10-29,2026-03-23,2025-12-10,C,66.84,65.21,1511.371758501035,2.2611785734605547
2025-10-29,2026-03-23,2025-12-11,C,64.01,62.3,1596.4906528170156,2.494126937692572
2025-10-29,2026-03-23,2025-12-12,C,61.0,61.75,-859.7076545249927,-1.4093568106967094
2025-10-29,2026-03-23,2025-12-15,D,59.5,59.14,253.6946451720003,0.4263775549109249
2025-10-29,2026-03-23,2025-12-16,D,58.95,58.95,-105.5529224999971,-0.179054999999995
2025-10-29,2026-03-23,2025-12-17,D,59.1,61.5,-2507.3706394799883,-4.242589914517747
2025-10-29,2026-03-23,2025-12-18,C,59.56,58.28,1174.181047056009,1.9714255323304384
2025-10-29,2026-03-23,2025-12-19,D,59.19,58.3,784.591816203012,1.325547923978733
2025-10-29,2026-03-23,2025-12-22,D,59.47,60.62,-1257.226302104991,-2.1140512899024566
2025-10-29,2026-03-23,2025-12-23,C,60.56,62.86,-2409.920295209992,-3.979392825643976
2025-10-29,2026-03-23,2025-12-24,C,64.18,65.14,-1075.5371527919815,-1.6758135755562196
2025-10-29,2026-03-23,2025-12-25,C,65.4,66.72,-1437.953993963983,-2.198706412788965
2025-10-29,2026-03-23,2025-12-26,C,66.5,63.84,2542.6453823819943,3.8235268907999913
2025-10-29,2026-03-23,2025-12-29,C,63.74,65.24,-1615.0978660499834,-2.533884320756171
2025-10-29,2026-03-23,2025-12-30,C,63.8,64.23,-544.5146432609848,-0.8534712276817944
2025-10-29,2026-03-23,2025-12-31,C,64.24,62.05,2076.3886532130105,3.232236384204562
2025-10-29,2026-03-23,2026-01-05,R,63.29,63.67,-493.56918912599593,-0.7798533561794848
2025-10-29,2026-03-23,2026-01-06,C,63.67,64.05,-494.2495981259788,-0.7762676270236827
2025-10-29,2026-03-23,2026-01-07,C,63.41,63.15,146.62904740200116,0.2312396268758889
2025-10-29,2026-03-23,2026-01-08,C,63.31,61.33,1867.9183154460077,2.950431709755185
2025-10-29,2026-03-23,2026-01-09,D,60.5,61.48,-1088.9608382459835,-1.799935269828072
2025-10-29,2026-03-23,2026-01-12,D,61.49,60.93,450.26054521200814,0.7322500328703987
2025-10-29,2026-03-23,2026-01-13,D,60.78,59.43,1242.041759145004,2.043504045977302
2025-10-29,2026-03-23,2026-01-14,D,60.1,60.0,-7.547507729988361,-0.012558249134756
2025-10-29,2026-03-23,2026-01-15,R,59.3,60.79,-1597.1413693229983,-2.693324400207417
2025-10-29,2026-03-23,2026-01-16,R,61.2,63.0,-1910.7435108599916,-3.122129919705868
2025-10-29,2026-03-23,2026-01-19,C,62.11,60.9,1099.5699614670173,1.7703589783722706
2025-10-29,2026-03-23,2026-01-20,C,60.3,59.67,522.4364828009994,0.8663954938656707
2025-10-29,2026-03-23,2026-01-21,C,58.71,61.56,-2956.962787694995,-5.036557294660186
2025-10-29,2026-03-23,2026-01-22,C,61.69,62.75,-1171.1432305620012,-1.898432858748584
2025-10-29,2026-03-23,2026-01-23,C,62.0,60.11,1780.2058434029998,2.871299747424193
2025-10-29,2026-03-23,2026-01-26,R,60.09,59.26,722.9415928410116,1.203098007723434
2025-10-29,2026-03-23,2026-01-27,D,59.51,60.97,-1567.498020641998,-2.634007764479916
2025-10-29,2026-03-23,2026-01-28,D,62.3,60.69,1499.4879460470047,2.4068827384382097
2025-10-29,2026-03-23,2026-01-29,D,60.68,57.6,2973.337481916008,4.900028810013197
2025-10-29,2026-03-23,2026-01-30,D,57.0,57.7,-802.5131808899913,-1.4079178612105112
2025-10-29,2026-03-23,2026-02-02,D,56.8,55.68,1019.019689424002,1.7940487489859192
2025-10-29,2026-03-23,2026-02-03,D,56.3,55.75,449.5470449850058,0.798484982211378
2025-10-29,2026-03-23,2026-02-04,D,54.69,53.41,1182.9010255560045,2.1629201418102117
2025-10-29,2026-03-23,2026-02-05,D,52.27,53.88,-1704.6312595469972,-3.261203863682795
2025-10-29,2026-03-23,2026-02-06,D,53.0,54.4,-1495.8028117799895,-2.82226945618866
2025-10-29,2026-03-23,2026-02-09,D,56.2,55.52,579.810011436014,1.031690411807854
2025-10-29,2026-03-23,2026-02-10,D,55.73,56.07,-440.0068122180015,-0.7895331279705751
2025-10-29,2026-03-23,2026-02-11,D,55.6,55.2,300.70360907999856,0.540833829280573
2025-10-29,2026-03-23,2026-02-12,D,55.35,55.33,-79.09403304598924,-0.1428979820162407
2025-10-29,2026-03-23,2026-02-13,D,54.45,54.75,-397.6890893099913,-0.7303748196694055
2025-10-29,2026-03-23,2026-02-24,D,55.41,55.38,-69.19501131900407,-0.1248782012615124
2025-10-29,2026-03-23,2026-02-25,D,55.81,57.39,-1680.9504423659912,-3.011916219971316
2025-10-29,2026-03-23,2026-02-26,C,57.4,57.95,-653.1325799849957,-1.137861637604522
2025-10-29,2026-03-23,2026-02-27,C,56.3,55.7,499.57931862,0.8873522533214919
2025-10-29,2026-03-23,2026-03-02,D,54.0,55.53,-1627.677273230992,-3.0142171726499853
2025-10-29,2026-03-23,2026-03-03,D,55.84,54.88,860.6353417920067,1.541252402922648
2025-10-29,2026-03-23,2026-03-04,D,53.98,53.76,123.48811499400466,0.2287664227380597
2025-10-29,2026-03-23,2026-03-05,D,54.79,55.1,-408.3043310369997,-0.7452168845354986
2025-10-29,2026-03-23,2026-03-06,D,54.8,54.33,372.18123216900494,0.6791628324251915
2025-10-29,2026-03-23,2026-03-09,D,52.76,52.79,-124.4887821809869,-0.2359529609192322
2025-10-29,2026-03-23,2026-03-10,D,53.63,54.36,-826.498391570988,-1.5411120484262315
2025-10-29,2026-03-23,2026-03-11,D,54.7,53.89,712.5797478870018,1.3027052063747746
2025-10-29,2026-03-23,2026-03-12,D,53.9,52.54,1264.3671978719988,2.345764745588124
2025-10-29,2026-03-23,2026-03-13,D,52.02,52.49,-563.4477831689901,-1.0831368380795658
2025-10-29,2026-03-23,2026-03-16,D,52.18,52.7,-613.7665448039951,-1.1762486485319952
2025-10-29,2026-03-23,2026-03-17,D,52.99,50.9,1996.467793443008,3.76763123880545
2025-10-29,2026-03-23,2026-03-18,D,51.3,52.06,-852.3457742520003,-1.661492737333334
2025-10-29,2026-03-23,2026-03-19,D,51.0,50.46,449.030505258004,0.8804519710941255
2025-10-29,2026-03-23,2026-03-20,D,50.98,50.3,589.1566824360078,1.1556623821812628
2025-10-29,2026-03-23,2026-03-23,D,48.95,47.6,1263.223965645013,2.5806414007048275
2026-06-03,2026-07-30,2026-06-04,U,80.0,78.55,1307.691935415035,1.6346149192687938
2026-06-03,2026-07-30,2026-06-05,U,77.5,74.06,3303.4528010880013,4.2625197433393565
2026-06-03,2026-07-30,2026-06-08,U,69.99,70.48,-615.6368761230005,-0.8796069097342485
2026-06-03,2026-07-30,2026-06-09,R,71.99,74.74,-2880.6767444250054,-4.001495686102244
2026-06-03,2026-07-30,2026-06-10,U,72.9,71.13,1640.611391679015,2.250495736185206
2026-06-03,2026-07-30,2026-06-11,R,69.82,69.52,175.17744081001632,0.2508986548410431
2026-06-03,2026-07-30,2026-06-12,R,71.94,70.13,1682.3561385869964,2.338554543490404
2026-06-03,2026-07-30,2026-06-15,R,71.47,73.4,-2059.216370810998,-2.8812318046886776
2026-06-03,2026-07-30,2026-06-16,U,73.4,72.9,368.8963663499912,0.5025836053814594
2026-06-03,2026-07-30,2026-06-17,U,71.7,72.64,-1068.9891793379836,-1.4909193575146216
2026-06-03,2026-07-30,2026-06-18,R,72.0,78.08,-6212.844074015994,-8.628950102799992
2026-06-03,2026-07-30,2026-06-22,U,78.08,78.88,-940.322522159996,-1.204306508913929
2026-06-03,2026-07-30,2026-06-23,U,78.88,74.1,4641.846775506009,5.884694188014717
2026-06-03,2026-07-30,2026-06-24,U,73.0,76.78,-3913.1500368059847,-5.360479502473951
2026-06-03,2026-07-30,2026-06-25,U,77.59,76.99,461.45850912002095,0.594739668926435
2026-06-03,2026-07-30,2026-06-26,U,75.0,70.22,4648.794109506,6.198392146008
2026-06-03,2026-07-30,2026-06-29,R,69.3,69.61,-434.2852115370017,-0.6266741869220804
2026-06-03,2026-07-30,2026-06-30,R,69.56,72.15,-2716.222432292996,-3.904862611117016
2026-06-03,2026-07-30,2026-07-01,R,73.0,70.0,2871.2262681000147,3.9331866686301575
2026-06-03,2026-07-30,2026-07-02,R,67.46,64.02,3321.429923088009,4.9235545850696845
2026-06-03,2026-07-30,2026-07-03,R,63.5,64.72,-1334.487401693986,-2.101554963297616
2026-06-03,2026-07-30,2026-07-06,R,65.77,63.59,2063.642656986007,3.1376655876326693
2026-06-03,2026-07-30,2026-07-07,R,63.17,63.78,-723.5027818469986,-1.1453265503356
2026-06-03,2026-07-30,2026-07-08,R,65.0,66.01,-1127.0376774270046,-1.7339041191184688
2026-06-03,2026-07-30,2026-07-09,R,66.61,69.53,-3041.1533157839926,-4.565610742807376
2026-06-03,2026-07-30,2026-07-10,R,71.0,66.27,4605.924035871005,6.487216951930993
2026-06-03,2026-07-30,2026-07-13,R,65.3,63.08,2104.510034394005,3.22283313077183
2026-06-03,2026-07-30,2026-07-14,R,62.9,65.6,-2814.368371289993,-4.474353531462628
2026-06-03,2026-07-30,2026-07-15,R,65.88,63.62,2143.4973343020074,3.253638940956296
2026-06-03,2026-07-30,2026-07-16,R,62.35,63.02,-782.0732592089977,-1.2543276009767403
2026-06-03,2026-07-30,2026-07-17,D,62.02,57.59,4321.809533061007,6.968412662142868
2026-06-03,2026-07-30,2026-07-20,D,58.88,56.5,2276.1086410260123,3.865673643046896
2026-06-03,2026-07-30,2026-07-21,D,57.5,60.98,-3585.2028699959837,-6.235135426079971
2026-06-03,2026-07-30,2026-07-22,D,60.26,60.71,-558.1890057150079,-0.9263010383587916
2026-06-03,2026-07-30,2026-07-23,D,61.99,62.88,-1001.5706652029976,-1.6156971530940438
2026-06-03,2026-07-30,2026-07-24,D,61.05,60.25,691.2033006599986,1.1321921386732166
2026-06-03,2026-07-30,2026-07-27,D,59.88,61.55,-1778.2960734089893,-2.9697663216582986
2026-06-03,2026-07-30,2026-07-28,D,58.88,58.08,695.0887941600187,1.180517653125032
2026-06-03,2026-07-30,2026-07-29,D,58.08,57.75,226.2178619910064,0.3894935640341019
2026-06-03,2026-07-30,2026-07-30,D,57.0,53.8,3100.004162640013,5.438603794105286
2023-04-18,2023-05-12,2023-04-19,U,19.08,17.27,1762.391049050001,9.23685036189728
2023-04-18,2023-05-12,2023-04-20,R,17.27,19.0,-1775.7590736499983,-10.282333952808328
2023-04-18,2023-05-12,2023-04-21,U,19.5,18.79,660.9818535500032,3.3896505310256573
2023-04-18,2023-05-12,2023-04-24,U,18.84,18.33,462.2127225500045,2.453358399946945
2023-04-18,2023-05-12,2023-04-25,U,18.06,18.5,-486.6965721999952,-2.6948868892580022
2023-04-18,2023-05-12,2023-04-26,U,18.78,16.65,2083.160100650004,11.092439300585747
2023-04-18,2023-05-12,2023-04-27,R,15.9,16.1,-242.21205100000185,-1.5233462327044138
2023-04-18,2023-05-12,2023-04-28,R,16.13,16.12,-32.56943495,-0.2019183815871048
2023-04-18,2023-05-12,2023-05-04,R,15.98,15.38,558.0343930000015,3.4920800563204097
2023-04-18,2023-05-12,2023-05-05,R,15.33,14.77,519.3266678000025,3.38764949641228
2023-04-18,2023-05-12,2023-05-08,R,14.73,14.68,10.27826525000189,0.06977776816023
2023-04-18,2023-05-12,2023-05-09,R,14.68,14.7,-59.65646009999869,-0.4063791559945414
2023-04-18,2023-05-12,2023-05-10,R,14.7,14.6,60.36435050000036,0.4106418401360569
2023-04-18,2023-05-12,2023-05-11,R,14.51,14.46,10.722555249999417,0.0738976929703612
2023-04-18,2023-05-12,2023-05-12,R,14.34,14.36,-58.96983009999855,-0.411226151324955
2025-09-23,2025-10-14,2025-09-24,U,68.8,68.63,46.91989035901804,0.0681975150567122
2025-09-23,2025-10-14,2025-09-25,U,67.88,68.46,-701.9169081659837,-1.0340555512168297
2025-09-23,2025-10-14,2025-09-26,U,67.55,64.87,2560.778214336008,3.790937400941537
2025-09-23,2025-10-14,2025-09-29,U,64.85,66.58,-1847.233835271004,-2.8484716041187417
2025-09-23,2025-10-14,2025-09-30,U,66.8,66.01,670.9011834329866,1.0043430889715368
2025-09-23,2025-10-14,2025-10-09,U,67.11,68.45,-1461.0287439179842,-2.1770656294411923
2025-09-23,2025-10-14,2025-10-10,U,68.31,66.41,1778.913927630014,2.604177906060626
2025-09-23,2025-10-14,2025-10-13,U,61.0,63.48,-2590.824322295998,-4.247252987370489
2025-09-23,2025-10-14,2025-10-14,U,64.99,59.72,5157.033796628997,7.93511893618864
2023-06-19,2023-07-12,2023-06-20,U,25.87,26.03,-222.32606579999708,-0.8593972392732783
2023-06-19,2023-07-12,2023-06-21,U,25.5,24.5,939.0127550000072,3.6824029607843434
2023-06-19,2023-07-12,2023-06-26,U,23.9,23.09,752.147054050001,3.1470588035564897
2023-06-19,2023-07-12,2023-06-27,U,23.41,23.01,342.9275070000009,1.4648761512174324
2023-06-19,2023-07-12,2023-06-28,U,21.99,22.98,-1044.913709949997,-4.751767666894029
2023-06-19,2023-07-12,2023-06-29,U,23.01,23.8,-846.8715989499952,-3.680450234463256
2023-06-19,2023-07-12,2023-06-30,U,23.55,25.2,-1708.4007332499964,-7.254355555201682
2023-06-19,2023-07-12,2023-07-03,U,25.4,24.37,969.230005149998,3.8158661620078655
2023-06-19,2023-07-12,2023-07-04,U,24.0,24.58,-638.7638028999972,-2.661515845416655
2023-06-19,2023-07-12,2023-07-05,U,24.3,23.86,381.1505522000018,1.5685207909465095
2023-06-19,2023-07-12,2023-07-06,U,23.6,23.88,-337.80300139999434,-1.4313686499999758
2023-06-19,2023-07-12,2023-07-07,U,23.8,23.66,82.00730070000043,0.3445684903361363
2023-06-19,2023-07-12,2023-07-10,U,24.0,23.8,141.63400100000217,0.5901416708333423
2023-06-19,2023-07-12,2023-07-11,U,24.0,24.24,-298.5904011999989,-1.2441266716666624
2023-06-19,2023-07-12,2023-07-12,U,24.0,22.53,1412.2817073500005,5.884507113958335
