id,date,stage,open,close,rt_pct,rt_cash,gap,vr,clv,r3
U__failed_breakout,2024-03-14,U,22.77,22.85,-0.5474111018884396,-124.64550789999768,-6.4887063655030826,1.887162689200294,0.0899653979238759,-2.090872537193411
U__failed_breakout,2024-05-06,U,25.0,24.82,0.5283922036000006,132.09805090000015,2.0408163265306145,1.2688585268257526,0.0588235294117654,10.410094637223978
U__failed_breakout,2024-05-17,U,25.2,25.7,-2.1767964384920515,-548.552702499997,-1.4855355746677068,1.3380889419529398,0.1683168316831662,6.583333333333319
U__failed_breakout,2024-06-14,U,26.05,27.23,-4.72242339117081,-1230.191293399996,0.5791505791505891,1.4926242207490708,0.6208791208791202,5.584997961679572
U__failed_breakout,2024-06-18,U,27.53,28.62,-4.149635390301478,-1142.394622949997,0.0727008360596137,1.2598923017548758,0.633587786259544,12.88469429626591
U__failed_breakout,2024-06-20,U,28.47,28.61,-0.6790961826483921,-193.33868319999723,0.0,0.8597450370057413,0.1836734693877547,4.553800954829246
U__failed_breakout,2024-07-12,U,27.65,27.26,1.2230662367088676,338.1778144500019,-3.859527121001405,1.035581517820701,0.5562500000000011,6.676557863501476
U__failed_breakout,2025-06-12,U,20.25,20.66,-2.2270816767901143,-450.9840395499981,-0.7352941176470562,1.0681482239974056,0.3269230769230736,0.4431314623338123
U__failed_breakout,2025-06-13,U,20.6,20.9,-1.6575720946601589,-341.45985149999274,-0.2904162633107443,1.3429132868686369,0.6417910447761207,1.1257953989231684
U__failed_breakout,2025-06-16,U,20.85,21.22,-1.9754220112709475,-411.87548934999256,-0.2392344497607501,1.3168145565107288,0.5606060606060566,3.67063492063493
U__failed_breakout,2025-07-21,U,27.0,27.02,-0.2631238892592399,-71.04345009999477,-0.4057543341940195,0.7971482505195769,0.0537634408602158,-0.513761467889895
U__failed_breakout,2025-07-23,U,26.5,26.58,-0.4917516052830084,-130.31417539999725,-1.7062314540059351,0.8561913063672199,0.1095890410958904,-1.9636363636363563
U__failed_breakout,2025-07-28,U,28.94,29.57,-2.364557249999991,-684.3028681499974,0.9769713886950582,0.6299788085211718,0.3378378378378385,6.305637982195833
U__failed_breakout,2025-08-08,U,35.73,36.59,-2.588131183319349,-924.7392718000036,0.2244039270687281,1.4048588932980162,0.3184931506849312,8.128601759175025
U__failed_breakout,2025-08-15,U,42.59,44.86,-5.512384943716815,-2347.7247475289914,-1.45765849143914,1.3022297584278182,0.0857142857142863,18.899587345254453
U__failed_breakout,2025-08-21,U,47.42,45.29,4.315619940638995,2046.4669758510115,-1.0227509914422783,1.1866381118372098,0.6677215189873408,6.798930004458303
U__failed_breakout,2025-08-29,U,48.0,53.83,-12.332728137168736,-5919.709505840993,-1.920719248058844,1.4718882504072852,0.823734729493891,1.9583333333333064
U__failed_breakout,2025-09-03,U,53.88,54.24,-0.847637721180383,-456.7072041719904,0.0,1.0929245109748915,0.2495446265938076,10.093992644053971
U__failed_breakout,2025-09-22,U,66.55,70.5,-6.118273057347849,-4071.710719664994,0.6807866868381307,0.8490479018205295,0.3030303030303018,10.664657625983564
U__failed_breakout,2025-09-24,U,68.8,68.63,0.0681975150567122,46.91989035901804,-2.9208409764357346,0.9607484250747672,0.3810289389067532,10.114978247358586
U__failed_breakout,2025-10-29,U,78.12,80.8,-3.6118889309216295,-2821.6076328359773,5.5818353831599055,1.1042344041472942,0.6242038216560494,15.627441787779372
U__failed_breakout,2025-10-31,U,77.95,72.0,7.45897009629892,5814.267190065008,-0.0256508913684672,1.3199949229959198,0.0436893203883489,7.160527762506863
U__failed_breakout,2026-05-15,U,69.5,67.62,2.527726998094946,1756.7702636759875,1.3119533527696792,1.6031770770638747,0.1964285714285704,4.176157934700053
U__failed_breakout,2026-06-01,U,75.2,73.75,1.750381084328469,1316.2865754150089,2.452316076294281,1.3301890651091406,0.0459418070444121,4.887110603029443
U__failed_breakout,2026-06-04,U,80.0,78.55,1.6346149192687938,1307.691935415035,-1.295496607032698,1.373660763702259,0.4018404907975448,10.422343324250672
U__distribution3,2024-02-26,U,17.6,17.67,-0.6067232974431727,-106.7833003499984,-3.1370390753990063,1.2080899057406405,0.1235955056179808,-1.7306652244456378
U__distribution3,2024-03-14,U,22.77,22.85,-0.5474111018884396,-124.64550789999768,-6.4887063655030826,1.887162689200294,0.0899653979238759,-2.090872537193411
U__distribution3,2024-03-15,U,22.49,23.08,-2.821165319919948,-634.4800804499962,-1.575492341356688,1.9694938312854529,0.6718750000000018,-11.502711076684747
U__distribution3,2024-03-18,U,23.45,25.01,-6.850463732622584,-1606.433745299996,1.6031195840554568,1.2436041666615945,0.7560975609756063,-6.935483870967762
U__distribution3,2025-06-18,U,20.65,21.16,-2.671394382808711,-551.6429400499989,0.2427184466019305,1.045561250771809,0.0487804878048813,-0.2904162633107665
U__distribution3,2025-07-14,U,26.0,25.92,0.1174126938461571,30.52730040000087,0.0,0.999600537299784,0.173913043478262,-1.4404852160728066
U__distribution3,2025-09-09,U,50.4,48.79,3.0174513711250124,1520.7954910470062,-1.945525291828798,1.119641574508948,0.1770833333333327,-5.235988200589981
U__distribution3,2025-11-03,U,70.36,74.89,-6.621527983699524,-4658.907089330985,-2.2777777777777786,1.328648261470476,0.0697350069735006,-2.689552642248949
U__distribution3,2025-11-04,U,74.77,73.49,1.533966539462345,1146.9467815559954,-0.160235011349985,1.1493400184595857,0.8082901554404148,-7.314356435643554
U__distribution3,2026-05-06,U,63.28,63.08,0.137204631068279,86.82309054000697,0.6361323155216203,1.3939737137596908,0.0487106017191981,-6.498141263940493
U__distribution3,2026-05-07,U,64.09,64.18,-0.3195731659275936,-204.8144420429948,1.6011414077362174,1.2328982328802829,0.6261682242990635,-7.507331378299121
U__distribution3,2026-05-08,U,63.0,63.28,-0.6237863211999876,-392.98538235599216,-1.8385789965721488,0.9540488621293132,0.7421383647798769,-3.1391488077271434
U__distribution3,2026-05-19,U,68.3,68.56,-0.5599742136193162,-382.462387901993,-0.9857929834734768,0.9773009584787072,0.7632575757575758,-2.625635234330881
U__relative_weak,2024-02-22,U,18.25,18.19,0.1221652756164519,22.295162800002476,3.988603988603989,1.412588259965649,0.4918032786885262,11.783439490445849
U__relative_weak,2024-02-26,U,17.6,17.67,-0.6067232974431727,-106.7833003499984,-3.1370390753990063,1.2080899057406405,0.1235955056179808,-1.7306652244456378
U__relative_weak,2024-03-21,U,25.08,24.99,0.1671872824960278,41.930570450003785,0.0,0.9779623241786108,0.4047619047619038,8.665511265164616
U__relative_weak,2024-03-27,U,23.37,22.41,3.9151606645271735,914.9730473000004,-1.5170670037926604,0.7976225955561844,0.5615384615384615,-5.042016806722671
U__relative_weak,2024-05-10,U,24.0,23.92,0.1398616683333369,33.56680040000087,-0.9083402146985886,0.7732438767051196,0.6216216216216193,-2.417405318291699
U__relative_weak,2024-05-13,U,23.93,24.0,-0.4864325860844135,-116.40331785000016,0.0418060200668923,0.5314421055705647,0.5970149253731359,-5.752561071710005
U__relative_weak,2024-05-23,U,26.0,25.62,1.2718473150000231,330.680301900006,2.2414471097129463,0.5848477904847978,0.3582089552238792,-1.0505836575875782
U__relative_weak,2024-07-03,U,27.15,27.38,-1.036384948987093,-281.3785136499958,-0.7675438596491224,0.5769350866517721,0.1639344262295048,2.051473330846698
U__relative_weak,2024-07-12,U,27.65,27.26,1.2230662367088676,338.1778144500019,-3.859527121001405,1.035581517820701,0.5562500000000011,6.676557863501476
U__relative_weak,2024-10-17,U,23.77,23.71,0.0585029145982416,13.906142800002035,1.0199745006374883,0.8386097281588317,0.3777777777777782,-4.310695404636034
U__relative_weak,2024-10-24,U,25.16,25.35,-0.9472726985294012,-238.33381094999737,-1.7571261226083543,0.6935618472957332,0.4499999999999989,-1.8021472392637627
U__relative_weak,2024-10-29,U,25.2,25.05,0.4038841299603175,101.77880075,-0.2375296912114133,0.6015729443425433,0.5068493150684942,-1.366653650917593
U__relative_weak,2025-02-27,U,22.9,21.96,3.9112538414847142,895.6771296999997,0.5709266578831862,0.7666009540277671,0.6615384615384625,-1.8534482758620907
U__relative_weak,2025-06-09,U,20.52,20.43,0.2381122341618004,48.86063045000145,1.0339734121122657,1.026078215054179,0.2399999999999948,8.089409260244839
U__relative_weak,2025-06-24,U,20.41,20.29,0.3872763503184962,79.04310310000508,1.0396039603960403,0.855426051945949,0.3235294117647043,-4.536862003780728
U__relative_weak,2025-07-11,U,26.1,26.0,0.1930479904214726,50.38552550000436,-0.2293577981651307,1.312884615917347,0.2522522522522534,9.090909090909062
U__relative_weak,2025-07-14,U,26.0,25.92,0.1174126938461571,30.52730040000087,0.0,0.999600537299784,0.173913043478262,-1.4404852160728066
U__relative_weak,2025-07-15,U,26.3,27.25,-3.804007337452449,-1000.453929749994,1.4660493827160392,0.7571019639471516,0.6341463414634182,-2.5563909774436344
U__relative_weak,2025-07-21,U,27.0,27.02,-0.2631238892592399,-71.04345009999477,-0.4057543341940195,0.7971482505195769,0.0537634408602158,-0.513761467889895
U__relative_weak,2025-07-22,U,27.0,26.96,-0.0407883325925775,-11.012849799995928,-0.074019245003698,0.5333858697764595,0.3374999999999992,1.0849233071455355
U__relative_weak,2025-07-23,U,26.5,26.58,-0.4917516052830084,-130.31417539999725,-1.7062314540059351,0.8561913063672199,0.1095890410958904,-1.9636363636363563
U__relative_weak,2025-07-24,U,27.19,28.45,-4.82517325781536,-1311.964608799996,2.2949586155003976,0.6886655135105493,0.5609756097560897,-1.9549981556621243
U__relative_weak,2025-08-05,U,33.5,35.05,-4.811051142537274,-1611.702132749987,1.607521989687588,0.7733496643809421,0.8539325842696601,1.0110294117646967
U__relative_weak,2025-08-07,U,36.2,35.65,1.3405125766574908,485.2655527500117,5.5393586005831,0.8656393275711343,0.657894736842105,3.939393939393932
U__relative_weak,2025-08-12,U,36.47,39.71,-9.068980315511393,-3307.457121067004,0.3301237964236536,1.0755401398264994,0.5980861244019149,5.976676384839652
U__relative_weak,2025-08-19,U,44.02,48.91,-11.294812295554268,-4971.976372502989,-0.9896536212325668,1.3170325359129342,0.7799442896935938,1.7857142857143016
U__relative_weak,2025-08-21,U,47.42,45.29,4.315619940638995,2046.4669758510115,-1.0227509914422783,1.1866381118372098,0.6677215189873408,6.798930004458303
U__relative_weak,2025-08-22,U,44.5,45.83,-3.169748210541558,-1410.5379536909936,-1.7443144181938597,1.0843423324931074,0.18798955613577,1.866846603688721
U__relative_weak,2025-09-09,U,50.4,48.79,3.0174513711250124,1520.7954910470062,-1.945525291828798,1.119641574508948,0.1770833333333327,-5.235988200589981
U__relative_weak,2025-09-17,U,58.9,61.12,-3.950588021042424,-2326.8963443939874,-1.3895864724594031,0.6513263461585993,0.2838283828382835,1.168699186991895
U__relative_weak,2025-09-25,U,67.88,68.46,-1.0340555512168297,-701.9169081659837,-1.092816552528053,0.714791804796574,0.4631147540983592,3.8275340393343127
U__relative_weak,2025-10-09,U,67.11,68.45,-2.1770656294411923,-1461.0287439179842,1.6664141796697285,0.6659876137612114,0.1237373737373757,-3.578732106339466
U__relative_weak,2025-11-11,U,72.0,68.03,5.3383929536375,3843.6429266190007,0.6993006993007089,1.1554724075170857,0.8313539192399062,-4.9707602339181145
U__relative_weak,2026-04-30,U,65.9,62.88,4.4066040706434,2903.9520825540008,-0.5433142167220018,1.370962408053344,0.5994694960212221,1.9227811105983816
U__relative_weak,2026-05-06,U,63.28,63.08,0.137204631068279,86.82309054000697,0.6361323155216203,1.3939737137596908,0.0487106017191981,-6.498141263940493
U__relative_weak,2026-05-20,U,68.2,68.15,-0.1056938949633474,-72.08323636500292,-0.5250875145857647,0.7414054540336972,0.8181818181818167,-0.0583090379008388
U__gapdown_red,2024-02-26,U,17.6,17.67,-0.6067232974431727,-106.7833003499984,-3.1370390753990063,1.2080899057406405,0.1235955056179808,-1.7306652244456378
U__gapdown_red,2024-03-14,U,22.77,22.85,-0.5474111018884396,-124.64550789999768,-6.4887063655030826,1.887162689200294,0.0899653979238759,-2.090872537193411
U__gapdown_red,2024-03-27,U,23.37,22.41,3.9151606645271735,914.9730473000004,-1.5170670037926604,0.7976225955561844,0.5615384615384615,-5.042016806722671
U__gapdown_red,2024-05-17,U,25.2,25.7,-2.1767964384920515,-548.552702499997,-1.4855355746677068,1.3380889419529398,0.1683168316831662,6.583333333333319
U__gapdown_red,2024-05-24,U,25.2,24.15,3.977134147817478,1002.2378052500044,-1.6393442622950838,1.0746833581229445,0.6781609195402303,-2.288329519450816
U__gapdown_red,2024-06-25,U,26.76,26.44,1.007080312406596,269.49469160000507,-2.867513611615246,0.7168340814236689,0.2000000000000006,-3.2314717246224256
U__gapdown_red,2024-07-12,U,27.65,27.26,1.2230662367088676,338.1778144500019,-3.859527121001405,1.035581517820701,0.5562500000000011,6.676557863501476
U__gapdown_red,2024-10-16,U,23.61,23.53,0.1446823502752929,34.15950289999665,-4.024390243902443,0.8452920964137904,0.0,-4.651162790697672
U__gapdown_red,2024-10-23,U,25.79,25.61,0.507551176424968,130.89744839999926,-1.7897943640518,0.83476472727345,0.4693877551020415,10.754955714888249
U__gapdown_red,2024-10-24,U,25.16,25.35,-0.9472726985294012,-238.33381094999737,-1.7571261226083543,0.6935618472957332,0.4499999999999989,-1.8021472392637627
U__gapdown_red,2025-02-25,U,22.8,23.08,-1.4245311464912065,-324.79310139999507,-1.7664799655320973,1.1216780445799424,0.353448275862069,-0.1290877796901735
U__gapdown_red,2025-07-23,U,26.5,26.58,-0.4917516052830084,-130.31417539999725,-1.7062314540059351,0.8561913063672199,0.1095890410958904,-1.9636363636363563
U__gapdown_red,2025-08-04,U,32.4,32.97,-1.942995687808624,-629.530602849994,-1.8181818181818188,1.2187717759066097,0.2857142857142873,7.877713445108725
U__gapdown_red,2025-08-15,U,42.59,44.86,-5.512384943716815,-2347.7247475289914,-1.45765849143914,1.3022297584278182,0.0857142857142863,18.899587345254453
U__gapdown_red,2025-08-22,U,44.5,45.83,-3.169748210541558,-1410.5379536909936,-1.7443144181938597,1.0843423324931074,0.18798955613577,1.866846603688721
U__gapdown_red,2025-08-27,U,45.0,45.72,-1.780087756319985,-801.0394903439933,-1.055408970976246,0.9629482791626556,0.0,0.4195186575402854
U__gapdown_red,2025-09-09,U,50.4,48.79,3.0174513711250124,1520.7954910470062,-1.945525291828798,1.119641574508948,0.1770833333333327,-5.235988200589981
U__gapdown_red,2025-09-17,U,58.9,61.12,-3.950588021042424,-2326.8963443939874,-1.3895864724594031,0.6513263461585993,0.2838283828382835,1.168699186991895
U__gapdown_red,2025-09-24,U,68.8,68.63,0.0681975150567122,46.91989035901804,-2.9208409764357346,0.9607484250747672,0.3810289389067532,10.114978247358586
U__gapdown_red,2025-09-25,U,67.88,68.46,-1.0340555512168297,-701.9169081659837,-1.092816552528053,0.714791804796574,0.4631147540983592,3.8275340393343127
U__gapdown_red,2025-10-13,U,61.0,63.48,-4.247252987370489,-2590.824322295998,-8.146363499472963,0.7653952481644927,0.2097130242825612,-0.2553319315109603
U__gapdown_red,2025-10-23,U,64.8,63.99,1.0717518408749938,694.4951928869959,-1.0082493125572856,0.8403173269796193,0.3839999999999975,9.081819696717195
U__gapdown_red,2025-11-03,U,70.36,74.89,-6.621527983699524,-4658.907089330985,-2.2777777777777786,1.328648261470476,0.0697350069735006,-2.689552642248949
U__gapdown_red,2025-11-05,U,70.31,75.24,-7.195385792790471,-5059.07575091098,-4.327119335964069,0.7082598837233913,0.3736263736263716,-5.745799666538409
U__gapdown_red,2026-05-18,U,65.88,68.98,-4.887617485382503,-3219.962399369993,-2.5732031943212164,1.3435405331910577,0.0569476082004555,4.999999999999982
U__gapdown_red,2026-06-05,U,77.5,74.06,4.2625197433393565,3303.4528010880013,-1.336728198599613,0.9846480803838644,0.3418803418803421,6.508474576271195
U__gapdown_red,2026-06-08,U,69.99,70.48,-0.8796069097342485,-615.6368761230005,-5.495544153389154,0.902417077998996,0.1878669275929565,-7.43657042869642
U__gapdown_red,2026-06-17,U,71.7,72.64,-1.4909193575146216,-1068.9891793379836,-1.6460905349794277,0.7115940060593405,0.1606425702811271,4.861910241657075
U__gapdown_red,2026-06-24,U,73.0,76.78,-5.360479502473951,-3913.1500368059847,-1.4844804318488447,0.9391199413802503,0.0770712909441217,2.0099118942731087
U__gapdown_red,2026-06-26,U,75.0,70.22,6.198392146008,4648.794109506,-2.584751266398222,0.7770888759177451,0.7508771929824541,-2.3960446247464406
U__gapup_weak,2024-03-07,U,22.47,22.61,-0.8198495024477119,-184.2201832000009,2.089959109495676,1.046200059890898,0.3647058823529432,9.940059940059951
U__gapup_weak,2024-03-25,U,24.85,23.91,3.592408922334,892.713617199999,1.7191977077363862,0.8453682421111477,0.2580645161290321,-4.233633869070975
U__gapup_weak,2024-05-06,U,25.0,24.82,0.5283922036000006,132.09805090000015,2.0408163265306145,1.2688585268257526,0.0588235294117654,10.410094637223978
U__gapup_weak,2024-05-14,U,24.4,23.8,2.26731189754099,553.2241030000015,1.6666666666666607,0.5552866831314044,0.3703703703703696,-1.880621422730988
U__gapup_weak,2024-05-23,U,26.0,25.62,1.2718473150000231,330.680301900006,2.2414471097129463,0.5848477904847978,0.3582089552238792,-1.0505836575875782
U__gapup_weak,2024-06-26,U,27.12,27.17,-0.373307965523587,-101.2411202499968,2.571860816944027,0.8364194549175795,0.2323232323232331,-7.584760573226157
U__gapup_weak,2024-10-17,U,23.77,23.71,0.0585029145982416,13.906142800002035,1.0199745006374883,0.8386097281588317,0.3777777777777782,-4.310695404636034
U__gapup_weak,2024-10-18,U,23.98,26.08,-8.955440431609654,-2147.514615499995,1.1387600168705214,0.7127330073543509,0.1639344262295106,-5.763116057233686
U__gapup_weak,2025-02-21,U,22.87,23.2,-1.6393746574114396,-374.92498414999625,1.105216622457994,0.7344534920792256,0.0754716981132124,-1.2227074235807711
U__gapup_weak,2025-06-09,U,20.52,20.43,0.2381122341618004,48.86063045000145,1.0339734121122657,1.026078215054179,0.2399999999999948,8.089409260244839
U__gapup_weak,2025-06-24,U,20.41,20.29,0.3872763503184962,79.04310310000508,1.0396039603960403,0.855426051945949,0.3235294117647043,-4.536862003780728
U__gapup_weak,2025-07-10,U,26.9,26.16,2.563182634572495,689.4961287000011,1.1278195488721776,1.9243088536920656,0.1612903225806471,11.717765644687116
U__gapup_weak,2025-10-09,U,67.11,68.45,-2.1770656294411923,-1461.0287439179842,1.6664141796697285,0.6659876137612114,0.1237373737373757,-3.578732106339466
U__gapup_weak,2026-04-27,U,66.01,67.25,-2.0587707796515757,-1358.9945916480046,1.5382248884787009,1.4128781157175758,0.3785310734463295,5.862237420615579
U__gapup_weak,2026-05-11,U,64.2,65.85,-2.750807383107456,-1766.018339954987,1.4538558786346467,0.7280624932423876,0.3566433566433553,0.6361323155215981
U__gapup_weak,2026-05-15,U,69.5,67.62,2.527726998094946,1756.7702636759875,1.3119533527696792,1.6031770770638747,0.1964285714285704,4.176157934700053
U__gapup_weak,2026-06-01,U,75.2,73.75,1.750381084328469,1316.2865754150089,2.452316076294281,1.3301890651091406,0.0459418070444121,4.887110603029443
U__gapup_weak,2026-06-02,U,75.0,80.01,-6.863366757636006,-5147.525068227004,1.6949152542372836,1.111462081856368,0.3619489559164736,5.236872146118721
R__failed_breakout,2024-11-11,R,25.3,27.01,-6.953841041699601,-1759.3217835499988,-2.617397998460358,2.1642999259614863,0.5142857142857148,4.969696969696957
R__failed_rebound,2024-04-22,R,20.38,20.84,-2.459308671736982,-501.20710729999695,-7.573696145124719,0.975491045842514,0.5754716981132078,1.1004126547455195
R__failed_rebound,2024-05-30,R,24.0,23.94,0.0564858345833436,13.556600300002472,-0.867410161090465,0.5778617125155441,0.1527777777777772,0.2484472049689712
R__failed_rebound,2024-06-11,R,24.5,24.21,0.9914858222449148,242.9140264500041,-0.1222992254382382,1.9997201412771972,0.2876106194690273,3.110550651534272
R__failed_rebound,2024-06-12,R,24.55,24.37,0.5408632928716941,132.78193840000088,1.404378356051228,1.0674675653155037,0.1683168316831697,2.151898734177249
R__failed_rebound,2024-11-07,R,23.96,24.64,-3.033222092654406,-726.7600133999956,-0.9098428453267138,1.077057102428935,0.1546391752577307,2.1114864864864917
R__failed_rebound,2024-11-22,R,23.49,22.84,2.573999896764592,604.6325757500027,0.2560819462227748,0.7545584983464482,0.3793103448275853,0.8175559380378505
R__failed_rebound,2024-12-04,R,22.25,21.88,1.4668506262921408,326.37426435000134,0.0449640287769836,0.5754105250332131,0.3015873015872984,1.7848970251716167
R__failed_rebound,2025-03-13,R,21.03,20.67,1.5131871578697342,318.2232593000051,0.5738880918221057,0.6042137953390079,0.3666666666666639,0.1916626736942817
R__failed_rebound,2025-03-18,R,21.48,21.54,-0.4780020032588211,-102.67483029999477,-0.1858736059479504,0.8151606744791705,0.342105263157893,2.917264466762326
R__failed_rebound,2025-06-03,R,18.82,18.79,-0.0456237770988132,-8.586394849996651,-0.5810882197569978,1.222330526523958,0.0,2.4905251759610447
R__failed_rebound,2025-06-04,R,18.95,19.43,-2.7390188121371963,-519.0440648999987,0.8515167642362931,0.6522169113113063,0.1499999999999884,1.1302475780409216
R__failed_rebound,2025-10-20,R,62.0,62.06,-0.2758916586483852,-171.05282836199882,3.316113981003177,0.6720839511524568,0.0326409495548959,0.485599464166131
R__failed_rebound,2025-10-24,R,65.18,67.25,-3.356925709556595,-2188.044177488989,1.85966557274575,0.5769997166205914,0.556034482758622,3.1098936513051623
R__failed_rebound,2025-11-21,R,63.05,60.67,3.5981634377890783,2268.642047526014,-4.382772217167119,0.8283815156620798,0.2822822822822817,1.5398829688943572
R__failed_rebound,2025-12-02,R,59.83,60.96,-2.068958700737071,-1237.8579906509894,0.0334392242099967,1.013265213293287,0.8190045248868786,1.4932971321907296
R__failed_rebound,2026-01-26,R,60.09,59.26,1.203098007723434,722.9415928410116,-0.033272334054224,1.1232373822669952,0.0152284263959396,0.7373889726831173
R__failed_rebound,2026-07-13,R,65.3,63.08,3.22283313077183,2104.510034394005,-1.4637090689603172,1.0635658684117717,0.0145833333333319,3.904045155221048
R__distribution3,2024-01-30,R,13.55,13.5,0.1434161457564871,19.432887750004,-0.2943340691685003,1.0443035402491685,0.1086956521739126,-6.275862068965488
R__distribution3,2024-06-13,R,24.8,25.9,-4.630043570564496,-1148.2508054999948,1.764464505539598,1.2495904969308391,0.0512820512820531,-6.520905255082465
R__distribution3,2024-07-19,R,24.97,24.66,1.0500998960752954,262.2099440500013,-1.7316017316017396,1.436268024033157,0.95575221238938,-5.749258160237414
R__distribution3,2024-07-22,R,24.49,24.91,-1.9086683527970632,-467.4328796000007,-0.6893755068937635,1.040374729270726,0.1466666666666659,-10.196649672250537
R__distribution3,2024-11-15,R,24.8,23.92,3.3578992112903348,832.759004400003,-0.2814636107760337,1.0561079304770826,0.0114285714285711,-7.9229914846353
R__distribution3,2025-11-25,R,56.36,56.61,-0.6229183218151051,-351.0767661749933,0.7508044333214281,1.875225307177588,0.1861111111111107,-14.01782969566554
R__distribution3,2025-11-26,R,55.31,58.93,-6.728208157067416,-3721.371931673988,-2.296414061119933,1.2692935837811932,0.2064220183486245,-14.14922656960873
R__distribution3,2025-11-27,R,60.02,60.27,-0.5958516813978499,-357.6301791749895,1.8496521296453403,1.542760919939036,0.6430921052631575,-2.8679742871270952
R__relative_weak,2024-04-01,R,22.9,23.31,-1.986949244759808,-455.01137704999593,0.5709266578831862,0.5454575549542521,0.51764705882353,-4.045512010113772
R__relative_weak,2024-04-10,R,21.69,21.1,2.5234556267865527,547.3375254500032,-0.9136592051164903,0.4896453257169965,0.6860465116279073,-4.41048034934497
R__relative_weak,2024-04-16,R,21.53,21.81,-1.4995960004644429,-322.8630188999946,-3.1924460431654533,0.6522994918434076,0.6352941176470568,5.402843601895757
R__relative_weak,2024-04-26,R,23.22,24.41,-5.322547377045629,-1235.895500949995,4.641730509238395,0.6900037455143216,0.6774193548387126,6.477927063339717
R__relative_weak,2024-06-05,R,23.67,23.7,-0.3210299224756824,-75.98778264999405,-0.5044136191677095,0.6144648819177362,0.7555555555555564,-0.6265664160400974
R__relative_weak,2024-06-11,R,24.5,24.21,0.9914858222449148,242.9140264500041,-0.1222992254382382,1.9997201412771972,0.2876106194690273,3.110550651534272
R__relative_weak,2024-07-15,R,27.15,26.96,0.5113653349907908,138.8356884499997,-0.4035216434336131,1.0859247749312206,0.1250000000000046,-6.000000000000005
R__relative_weak,2024-07-16,R,26.96,27.46,-2.044612249629063,-551.2274624999955,0.0,0.7493176031105818,0.4461538461538458,-6.873920552677026
R__relative_weak,2024-07-19,R,24.97,24.66,1.0500998960752954,262.2099440500013,-1.7316017316017396,1.436268024033157,0.95575221238938,-5.749258160237414
R__relative_weak,2024-07-22,R,24.49,24.91,-1.9086683527970632,-467.4328796000007,-0.6893755068937635,1.040374729270726,0.1466666666666659,-10.196649672250537
R__relative_weak,2024-11-01,R,23.85,23.68,0.5192480643606047,123.84066335000422,-1.6494845360824684,1.1091106899105525,0.5238095238095254,-3.998416468725285
R__relative_weak,2024-11-22,R,23.49,22.84,2.573999896764592,604.6325757500027,0.2560819462227748,0.7545584983464482,0.3793103448275853,0.8175559380378505
R__relative_weak,2024-12-04,R,22.25,21.88,1.4668506262921408,326.37426435000134,0.0449640287769836,0.5754105250332131,0.3015873015872984,1.7848970251716167
R__relative_weak,2025-02-28,R,21.1,21.19,-0.6261261869668096,-132.1126254499968,-3.916211293260474,0.9293429780263762,0.2109375,-5.385609651012513
R__relative_weak,2025-03-05,R,21.04,21.04,-0.1995035171102703,-41.97554000000088,0.0,0.6150881552652229,1.0,-4.189435336976322
R__relative_weak,2025-03-12,R,20.92,20.91,-0.151950621175895,-31.78806994999724,0.4803073967339255,0.5212864919141963,0.7428571428571443,-2.3452157598499057
R__relative_weak,2025-06-04,R,18.95,19.43,-2.7390188121371963,-519.0440648999987,0.8515167642362931,0.6522169113113063,0.1499999999999884,1.1302475780409216
R__relative_weak,2025-10-24,R,65.18,67.25,-3.356925709556595,-2188.044177488989,1.85966557274575,0.5769997166205914,0.556034482758622,3.1098936513051623
R__relative_weak,2025-11-14,R,65.8,64.27,2.147673834697585,1413.1693832310111,-3.221061920870716,0.6811859011820672,0.6716417910447734,-4.909090909090919
R__relative_weak,2025-11-25,R,56.36,56.61,-0.6229183218151051,-351.0767661749933,0.7508044333214281,1.875225307177588,0.1861111111111107,-14.01782969566554
R__relative_weak,2025-12-02,R,59.83,60.96,-2.068958700737071,-1237.8579906509894,0.0334392242099967,1.013265213293287,0.8190045248868786,1.4932971321907296
R__relative_weak,2026-01-05,R,63.29,63.67,-0.7798533561794848,-493.56918912599593,1.998388396454476,0.8672380505544307,0.0708955223880586,-2.8038847117794474
R__relative_weak,2026-01-26,R,60.09,59.26,1.203098007723434,722.9415928410116,-0.033272334054224,1.1232373822669952,0.0152284263959396,0.7373889726831173
R__relative_weak,2026-06-18,R,72.0,78.08,-8.628950102799992,-6212.844074015994,-0.8810572687224627,0.682010412963473,0.8961748633879792,3.5790674461714023
R__relative_weak,2026-06-30,R,69.56,72.15,-3.904862611117016,-2716.222432292996,-0.0718287602355927,0.8209724329307674,0.6270161290322588,-9.33836936702267
R__relative_weak,2026-07-02,R,67.46,64.02,4.9235545850696845,3321.429923088009,-3.628571428571437,0.7350029603296265,0.1141552511415526,-0.3133010538308167
R__relative_weak,2026-08-26,R,60.2,60.57,-0.7940696593006437,-478.0299348989875,0.0831255195345104,0.5356453010149753,0.6666666666666655,-3.1868662481892573
R__gapdown_red,2024-04-08,R,21.7,22.0,-1.5812515046082882,-343.1315764999986,-1.0036496350365076,0.5994001369743919,0.1800000000000032,-3.7329819938515696
R__gapdown_red,2024-04-22,R,20.38,20.84,-2.459308671736982,-501.20710729999695,-7.573696145124719,0.975491045842514,0.5754716981132078,1.1004126547455195
R__gapdown_red,2024-05-31,R,23.67,22.91,3.0182303392480203,714.4151213000064,-1.1278195488721776,0.4833467914054123,0.4137931034482779,-3.7007240547063502
R__gapdown_red,2024-07-18,R,24.82,25.41,-2.5705926589443915,-638.021097949998,-4.354527938342967,1.2504080683725745,0.0873015873015867,-4.805575935436557
R__gapdown_red,2024-07-25,R,23.5,23.2,1.0827186234042616,254.43887650000147,-3.292181069958855,0.8216855836947192,0.1489361702127663,-1.4598540145985384
R__gapdown_red,2024-10-31,R,24.5,24.25,0.8281372500000298,202.8936262500073,-1.3687600644122333,0.7200321231654158,0.272727272727273,-3.195635229929872
R__gapdown_red,2024-11-01,R,23.85,23.68,0.5192480643606047,123.84066335000422,-1.6494845360824684,1.1091106899105525,0.5238095238095254,-3.998416468725285
R__gapdown_red,2025-02-28,R,21.1,21.19,-0.6261261869668096,-132.1126254499968,-3.916211293260474,0.9293429780263762,0.2109375,-5.385609651012513
R__gapdown_red,2025-03-04,R,20.39,21.04,-3.390481636831781,-691.3192057500002,-3.2273374466065485,0.5563317444545066,0.3437499999999998,-7.465963987703105
R__gapdown_red,2025-11-12,R,66.45,68.6,-3.4166588620090423,-2270.369813805009,-2.322504777304124,0.7785098496502182,0.0073891625615766,-10.745211230648122
R__gapdown_red,2025-11-21,R,63.05,60.67,3.5981634377890783,2268.642047526014,-4.382772217167119,0.8283815156620798,0.2822822822822817,1.5398829688943572
R__gapdown_red,2026-01-15,R,59.3,60.79,-2.693324400207417,-1597.1413693229983,-1.1666666666666714,0.901611755858242,0.5625,-2.407286922576435
R__gapdown_red,2026-06-11,R,69.82,69.52,0.2508986548410431,175.17744081001632,-1.8416982988893604,0.5371077211351576,0.2707692307692294,-3.9562516878207
R__gapdown_red,2026-06-29,R,69.3,69.61,-0.6266741869220804,-434.2852115370017,-1.3101680432925145,1.0600495160708494,0.0439999999999997,-5.236167341430498
R__gapdown_red,2026-07-02,R,67.46,64.02,4.9235545850696845,3321.429923088009,-3.628571428571437,0.7350029603296265,0.1141552511415526,-0.3133010538308167
R__gapdown_red,2026-07-13,R,65.3,63.08,3.22283313077183,2104.510034394005,-1.4637090689603172,1.0635658684117717,0.0145833333333319,3.904045155221048
R__gapdown_red,2026-07-16,R,62.35,63.02,-1.2543276009767403,-782.0732592089977,-1.9962276013832048,0.4838269885179245,0.0481927710843364,-3.998792817262709
R__gapdown_red,2026-08-25,R,58.75,60.15,-2.5635718711148763,-1506.09847427999,-2.7317880794701987,0.6826436977442287,0.3390804597701145,-2.3127931424874792
R__gapup_weak,2024-04-12,R,21.8,22.26,-2.309014460091737,-503.3651522999989,2.5882352941176467,0.519721502108383,0.2727272727272715,-3.409090909090895
R__gapup_weak,2024-04-24,R,21.02,22.24,-6.006505000475725,-1262.5673510999973,2.0883924235065576,0.57602141697166,0.2771084337349396,-10.08733624454148
R__gapup_weak,2024-05-27,R,24.6,24.86,-1.2500750052845364,-307.51845129999595,1.8633540372670956,1.1770590352027046,0.0489130434782607,-6.104199066874038
R__gapup_weak,2024-05-29,R,24.75,24.21,1.9905518795959611,492.6615902000004,2.6119402985074647,0.5820571127067736,0.0249999999999995,-5.854800936768156
R__gapup_weak,2024-06-12,R,24.55,24.37,0.5408632928716941,132.78193840000088,1.404378356051228,1.0674675653155037,0.1683168316831697,2.151898734177249
R__gapup_weak,2024-06-13,R,24.8,25.9,-4.630043570564496,-1148.2508054999948,1.764464505539598,1.2495904969308391,0.0512820512820531,-6.520905255082465
R__gapup_weak,2025-09-10,R,51.6,53.67,-4.193272303273246,-2163.728508488995,5.759376921500303,0.9610138744925394,0.3224999999999998,-8.16864295125167
R__gapup_weak,2025-10-20,R,62.0,62.06,-0.2758916586483852,-171.05282836199882,3.316113981003177,0.6720839511524568,0.0326409495548959,0.485599464166131
R__gapup_weak,2025-10-21,R,62.94,68.0,-8.223646820562418,-5175.963308861987,1.4179825974862892,0.7374671414266597,0.3600000000000007,-2.0826759230040848
R__gapup_weak,2025-11-20,R,68.06,65.94,2.937854200887473,1999.5035691240143,4.611128189363667,0.8563193846938294,0.3553719008264458,1.2291893573984858
R__gapup_weak,2026-01-05,R,63.29,63.67,-0.7798533561794848,-493.56918912599593,1.998388396454476,0.8672380505544307,0.0708955223880586,-2.8038847117794474
R__gapup_weak,2026-06-09,R,71.99,74.74,-4.001495686102244,-2880.6767444250054,2.142451759364339,0.6894642160826824,0.2878787878787884,-13.0413325107958
R__gapup_weak,2026-06-12,R,71.94,70.13,2.338554543490404,1682.3561385869964,3.4810126582278444,0.5712188899342499,0.3940298507462673,-1.3620885357548462
R__gapup_weak,2026-06-15,R,71.47,73.4,-2.8812318046886776,-2059.216370810998,1.9107372023385196,0.5857152825933051,0.0575221238938031,-6.168049237356166
R__gapup_weak,2026-08-20,R,62.5,62.13,0.4133271198383962,258.32944989899767,1.0836163674591726,0.935962327059971,0.1720779220779225,-6.587097748904657
R__gapup_weak,2026-09-03,R,63.0,63.2,-0.4967202294285576,-312.93374453999127,1.941747572815533,0.4994450699967969,0.3999999999999986,-3.4978138663335767
D__failed_rebound,2024-01-03,D,14.11,13.88,1.408034221474139,198.673628650001,-0.6338028169014076,1.55073746408235,0.1752577319587627,1.938262742282837
D__failed_rebound,2024-08-02,D,22.93,22.33,2.4224079175752564,555.4581355000063,-4.338756779307462,1.247212203796732,0.012195121951217,0.7142857142857117
D__failed_rebound,2024-08-14,D,21.2,21.38,-1.0486344382075514,-222.31050090000087,2.0211742059672577,0.7759047892408955,0.5500000000000018,1.46484375
D__failed_rebound,2024-08-16,D,21.01,21.06,-0.4376746680152127,-91.9554477499962,1.69409486931269,0.9524319185367608,0.6000000000000012,2.888062760882515
D__failed_rebound,2024-09-13,D,18.86,19.25,-2.2739203974019104,-428.8613869500003,0.1061571125265281,1.163328597584992,0.0476190476190466,1.2903225806451424
D__failed_rebound,2024-09-20,D,19.0,18.86,0.5326113194737018,101.19615070000334,0.7957559681697646,0.9607219467026976,0.7692307692307739,0.053078556263264
D__failed_rebound,2024-12-10,D,22.61,22.14,1.8835831704997787,425.87815485,2.1690013556258547,0.7292065603714836,0.2096774193548367,1.1425959780621886
D__failed_rebound,2024-12-13,D,22.17,21.35,3.503497278304037,776.7253466000052,-0.7609668755595211,0.8222301011887277,0.3111111111111129,0.9489380930862934
D__failed_rebound,2024-12-19,D,21.2,22.19,-4.871337759198112,-1032.7236049499998,-0.9808500700607236,0.814697292314937,0.4423076923076935,0.2810304449648582
D__failed_rebound,2024-12-23,D,22.23,22.05,0.6131703031938848,136.30775840000058,0.95367847411445,1.0725430063575614,0.2325581395348789,1.944444444444437
D__failed_rebound,2025-01-09,D,20.62,20.54,0.1876991047526941,38.70355540000553,-0.0484730974309122,0.8619399401133284,0.6266666666666652,0.3892944038929258
D__failed_rebound,2025-01-16,D,20.35,20.84,-2.6102054788697666,-531.1768149499975,1.0427010923535374,0.6585538541914663,0.1219512195121968,1.9746835443037905
D__failed_rebound,2025-01-20,D,20.91,20.77,0.4700785662362499,98.29342819999984,1.2100677637947754,0.814494632881309,0.3200000000000003,0.437530384054452
D__failed_rebound,2025-01-21,D,20.96,21.21,-1.3930413227576122,-291.9814612499955,0.914780934039494,0.6849398640703863,0.1999999999999964,3.128103277060568
D__failed_rebound,2025-04-15,D,17.92,18.1,-1.2127551389508635,-217.3257208999948,0.0,1.3752414948112288,0.1071428571428607,9.736680955297006
D__failed_rebound,2025-04-25,D,18.09,18.24,-1.0368644458264284,-187.5687782500009,0.9486607142856984,0.5264094465245872,0.1282051282051298,0.6176305446378594
D__failed_rebound,2025-12-08,D,60.75,63.41,-4.560482090340732,-2770.4928698819945,-0.6053664921465973,0.7208658071756608,0.4955752212389374,0.2624671916010568
D__failed_rebound,2026-01-29,D,60.68,57.6,4.900028810013197,2973.337481916008,-0.0164771791069329,0.9721319363279208,0.2292490118577067,0.9648976875727744
D__failed_rebound,2026-02-10,D,55.73,56.07,-0.7895331279705751,-440.0068122180015,0.3782420749279369,0.7748500338823199,0.1764705882352951,3.9505710541097416
D__failed_rebound,2026-02-12,D,55.35,55.33,-0.1428979820162407,-79.09403304598924,0.2717391304347893,0.4348195809760698,0.1711711711711756,1.4705882352941568
D__failed_rebound,2026-02-25,D,55.81,57.39,-3.011916219971316,-1680.9504423659912,0.7764535933550087,0.6892539602065124,0.4033613445378168,0.3260869565217428
D__failed_rebound,2026-03-02,D,54.0,55.53,-3.0142171726499853,-1627.677273230992,-3.052064631956919,1.1024488678338284,0.447761194029853,0.5778259299386024
D__failed_rebound,2026-03-27,D,48.63,49.53,-2.0309590210363857,-987.6553719299944,-2.231604342581417,0.841933152720805,0.088082901554405,4.495798319327737
D__failed_rebound,2026-09-07,D,64.6,66.57,-3.230558995695023,-2086.9411112189846,1.4287957293138698,1.1287547815006496,0.1950000000000002,1.1916110581506434
D__distribution3,2024-01-04,D,13.78,13.47,2.0262405410014512,279.21594655,-0.7204610951008772,0.9986442105055888,0.2173913043478287,-6.216216216216209
D__distribution3,2024-01-05,D,13.45,13.3,0.8894859721189591,119.63586325,-0.1484780994803314,1.2112088084044108,0.2307692307692328,-10.912698412698385
D__distribution3,2024-08-05,D,21.1,20.42,3.0250240682464704,638.2800784000052,-5.508284818629628,1.502097987776507,0.0941176470588213,-2.2757111597374258
D__distribution3,2024-08-06,D,21.03,20.81,0.8471319952449138,178.15185860000537,2.9872673849167475,1.8059122273207064,0.1129032258064522,-14.345637583892612
D__distribution3,2024-08-07,D,20.6,20.4,0.7708502475728509,158.79515100000728,-1.0091302258529389,1.1096483058844349,0.4246575342465733,-13.183145598664993
D__distribution3,2024-08-08,D,20.0,20.48,-2.603199011999989,-520.639802399998,-1.9607843137254832,0.858262112481732,0.1799999999999997,-8.643081056874157
D__distribution3,2024-09-03,D,19.34,19.44,-0.7210080946225221,-139.44296549999578,-0.5655526992287885,1.1143102190038463,0.0,-1.6186140617096556
D__distribution3,2024-12-18,D,21.62,21.41,0.773589759713248,167.2501060500042,0.0925925925925996,1.6044298931099827,0.5439999999999998,-3.3124440465532534
D__distribution3,2025-02-06,D,20.31,20.48,-1.038664812161499,-210.95282335000044,1.5499999999999847,1.8684460253115944,0.2531645569620246,-13.043478260869556
D__distribution3,2025-02-07,D,20.67,21.55,-4.459903419932236,-921.8620368999932,0.927734375,1.2453928190077377,0.842105263157895,-12.291220556745175
D__distribution3,2025-04-09,D,14.58,16.33,-12.229427049039757,-1783.0504637499962,-5.569948186528495,2.5146273184973333,0.0,-22.800000000000008
D__distribution3,2025-04-10,D,17.9,17.96,-0.5432074039106163,-97.2341253000003,9.614206981016537,2.3692750465520582,0.9114583333333324,-14.278215223097124
D__distribution3,2026-01-30,D,57.0,57.7,-1.4079178612105112,-802.5131808899913,-1.041666666666674,1.7478906876787847,0.1799999999999997,-2.8012149848126944
D__distribution3,2026-02-02,D,56.8,55.68,1.7940487489859192,1019.019689424002,-1.559792027729645,0.9285436906754904,0.8739495798319341,-5.363293422994908
D__distribution3,2026-02-03,D,56.3,55.75,0.798484982211378,449.5470449850058,1.113505747126431,0.838910217371332,0.0054644808743158,-8.25506673257539
D__relative_weak,2024-01-04,D,13.78,13.47,2.0262405410014512,279.21594655,-0.7204610951008772,0.9986442105055888,0.2173913043478287,-6.216216216216209
D__relative_weak,2024-01-16,D,12.64,12.91,-2.368254282832261,-299.3473413499978,-0.6289308176100628,0.7978358438442352,0.3000000000000006,-1.4717273431448463
D__relative_weak,2024-08-08,D,20.0,20.48,-2.603199011999989,-520.639802399998,-1.9607843137254832,0.858262112481732,0.1799999999999997,-8.643081056874157
D__relative_weak,2024-08-16,D,21.01,21.06,-0.4376746680152127,-91.9554477499962,1.69409486931269,0.9524319185367608,0.6000000000000012,2.888062760882515
D__relative_weak,2024-08-20,D,21.11,20.65,1.980827474182864,418.1526798000026,1.5880654475457057,0.6761059055120406,0.1219512195121968,-0.0961538461538347
D__relative_weak,2024-08-27,D,20.0,19.75,1.0486625062500363,209.7325012500073,-0.5964214711729698,0.5836175841607717,0.171428571428573,-3.1295137217140057
D__relative_weak,2024-09-06,D,18.87,18.36,2.499111923953376,471.5824200500021,-0.0529661016949067,0.7223848890611514,0.3399999999999963,-2.930591259640092
D__relative_weak,2024-09-19,D,18.87,18.85,-0.0989267747747778,-18.667482400000583,0.6399999999999961,0.8033951839029642,0.3396226415094327,-0.1597444089456945
D__relative_weak,2024-09-24,D,18.9,20.58,-9.098307319576708,-1719.580083399998,1.0154997327632254,0.7605852838322192,0.2786885245901669,-0.213333333333332
D__relative_weak,2024-12-19,D,21.2,22.19,-4.871337759198112,-1032.7236049499998,-0.9808500700607236,0.814697292314937,0.4423076923076935,0.2810304449648582
D__relative_weak,2025-01-09,D,20.62,20.54,0.1876991047526941,38.70355540000553,-0.0484730974309122,0.8619399401133284,0.6266666666666652,0.3892944038929258
D__relative_weak,2025-01-20,D,20.91,20.77,0.4700785662362499,98.29342819999984,1.2100677637947754,0.814494632881309,0.3200000000000003,0.437530384054452
D__relative_weak,2025-03-28,D,20.2,19.98,0.888184411386156,179.4132511000035,-0.0989119683481698,0.7657104985076878,0.7111111111111073,-2.9750479846449296
D__relative_weak,2025-04-03,D,19.65,19.05,2.852126796437648,560.4429154999979,-1.750000000000007,0.5818596429954119,0.3076923076923035,0.1001001001001089
D__relative_weak,2025-04-09,D,14.58,16.33,-12.229427049039757,-1783.0504637499962,-5.569948186528495,2.5146273184973333,0.0,-22.800000000000008
D__relative_weak,2025-04-14,D,18.4,17.92,2.4037032739130444,442.28140240000016,3.3707865168539186,1.5135882581783546,0.5915492957746495,15.28497409326426
D__relative_weak,2025-04-17,D,17.22,17.4,-1.255876282810651,-216.26189589999404,-1.6000000000000014,1.143325286984987,0.3978494623655926,-1.6853932584269704
D__relative_weak,2025-04-18,D,17.4,17.56,-1.1294554643677717,-196.52525079999228,0.0,0.7564892413935289,0.4444444444444436,-2.901785714285732
D__relative_weak,2025-04-23,D,18.19,18.24,-0.4819667550851924,-87.6697527499965,2.305961754780661,0.4596099773128848,0.8000000000000114,2.1839080459770344
D__relative_weak,2025-04-25,D,18.09,18.24,-1.0368644458264284,-187.5687782500009,0.9486607142856984,0.5264094465245872,0.1282051282051298,0.6176305446378594
D__relative_weak,2025-12-08,D,60.75,63.41,-4.560482090340732,-2770.4928698819945,-0.6053664921465973,0.7208658071756608,0.4955752212389374,0.2624671916010568
D__relative_weak,2025-12-15,D,59.5,59.14,0.4263775549109249,253.6946451720003,-3.643724696356277,0.8488535395603194,0.7159090909090909,-9.17782026768641
D__relative_weak,2025-12-19,D,59.19,58.3,1.325547923978733,784.591816203012,1.5614275909402895,0.8684083651821531,0.0186335403726715,-1.4541765302671816
D__relative_weak,2026-01-13,D,60.78,59.43,2.043504045977302,1242.041759145004,-0.246184145741013,1.233513336643319,0.6051282051282041,-3.515439429928746
D__relative_weak,2026-01-29,D,60.68,57.6,4.900028810013197,2973.337481916008,-0.0164771791069329,0.9721319363279208,0.2292490118577067,0.9648976875727744
D__relative_weak,2026-01-30,D,57.0,57.7,-1.4079178612105112,-802.5131808899913,-1.041666666666674,1.7478906876787847,0.1799999999999997,-2.8012149848126944
D__relative_weak,2026-02-05,D,52.27,53.88,-3.261203863682795,-1704.6312595469972,-2.134431754353105,1.009028902839088,0.3715596330275207,-7.435008665511278
D__relative_weak,2026-02-12,D,55.35,55.33,-0.1428979820162407,-79.09403304598924,0.2717391304347893,0.4348195809760698,0.1711711711711756,1.4705882352941568
D__relative_weak,2026-03-02,D,54.0,55.53,-3.0142171726499853,-1627.677273230992,-3.052064631956919,1.1024488678338284,0.447761194029853,0.5778259299386024
D__relative_weak,2026-03-03,D,55.84,54.88,1.541252402922648,860.6353417920067,0.5582567981271325,0.7887710427995285,0.7824074074074076,-3.240982749607957
D__relative_weak,2026-03-09,D,52.76,52.79,-0.2359529609192322,-124.4887821809869,-2.889747837290635,0.6440136335354381,0.4818181818181822,-1.002186588921283
D__relative_weak,2026-03-12,D,53.9,52.54,2.345764745588124,1264.3671978719988,0.0185563184264214,0.9344134487710868,0.2086330935251791,-0.8098656359286083
D__relative_weak,2026-03-30,D,48.46,49.27,-1.85161553010111,-897.292885886998,-2.1603068847163343,0.6387227370797103,0.7533333333333351,1.4127764127764175
D__relative_weak,2026-03-31,D,49.0,51.46,-5.202703699677528,-2549.3248128419887,-0.5480008118530555,0.5510915033030404,0.9791666666666708,-2.067183462532296
D__relative_weak,2026-07-21,D,57.5,60.98,-6.235135426079971,-3585.2028699959837,1.7699115044247815,0.894452715632853,0.3139784946236562,-11.191449229801954
D__relative_weak,2026-07-23,D,61.99,62.88,-1.6156971530940438,-1001.5706652029976,2.1083841212320875,0.9941119016373656,0.2677419354838709,5.417607223476284
D__relative_weak,2026-07-30,D,57.0,53.8,5.438603794105286,3100.004162640013,-1.2987012987012991,0.8248157908654508,0.640625,-4.149377593361015
D__gapdown_red,2024-01-31,D,13.3,13.31,-0.3023892860902004,-40.21777504999665,-1.4814814814814723,0.6625399245915198,0.0476190476190466,-10.47745358090184
D__gapdown_red,2024-08-02,D,22.93,22.33,2.4224079175752564,555.4581355000063,-4.338756779307462,1.247212203796732,0.012195121951217,0.7142857142857117
D__gapdown_red,2024-08-05,D,21.1,20.42,3.0250240682464704,638.2800784000052,-5.508284818629628,1.502097987776507,0.0941176470588213,-2.2757111597374258
D__gapdown_red,2024-08-07,D,20.6,20.4,0.7708502475728509,158.79515100000728,-1.0091302258529389,1.1096483058844349,0.4246575342465733,-13.183145598664993
D__gapdown_red,2024-08-08,D,20.0,20.48,-2.603199011999989,-520.639802399998,-1.9607843137254832,0.858262112481732,0.1799999999999997,-8.643081056874157
D__gapdown_red,2024-08-12,D,20.51,20.64,-0.834892116772292,-171.2363731499971,-1.346801346801341,1.312496580716726,0.2535211267605626,-0.0961076405574301
D__gapdown_red,2024-08-21,D,20.3,20.77,-2.5176878194581094,-511.0906273499962,-1.6949152542372723,0.6776067833947244,0.2089552238805931,-0.048402710551787
D__gapdown_red,2024-09-09,D,18.13,18.6,-2.800842635686716,-507.7927698500016,-1.252723311546844,0.8405858895599762,0.0937499999999979,-5.555555555555536
D__gapdown_red,2024-09-23,D,18.65,18.71,-0.5274741973190364,-98.37393780000028,-1.113467656415701,0.8897586715121388,0.2549019607843127,-2.025974025974042
D__gapdown_red,2025-01-13,D,19.48,19.72,-1.4359708993839575,-279.7271311999949,-1.3670886075949351,0.8195122814281665,0.0,-7.058823529411762
D__gapdown_red,2025-04-07,D,17.15,17.15,-0.2102840379008831,-36.06371250000146,-9.973753280839905,1.5600555927129172,0.045977011494252,-4.078549848942603
D__gapdown_red,2025-04-09,D,14.58,16.33,-12.229427049039757,-1783.0504637499962,-5.569948186528495,2.5146273184973333,0.0,-22.800000000000008
D__gapdown_red,2025-04-17,D,17.22,17.4,-1.255876282810651,-216.26189589999404,-1.6000000000000014,1.143325286984987,0.3978494623655926,-1.6853932584269704
D__gapdown_red,2026-01-09,D,60.5,61.48,-1.799935269828072,-1088.9608382459835,-1.3533344203489284,1.0729796372536362,0.1083333333333325,-3.675200251295752
D__gapdown_red,2026-01-30,D,57.0,57.7,-1.4079178612105112,-802.5131808899913,-1.041666666666674,1.7478906876787847,0.1799999999999997,-2.8012149848126944
D__gapdown_red,2026-02-04,D,54.69,53.41,2.1629201418102117,1182.9010255560045,-1.901345291479828,0.8995983956103072,0.7196652719665265,-3.211805555555558
D__gapdown_red,2026-02-05,D,52.27,53.88,-3.261203863682795,-1704.6312595469972,-2.134431754353105,1.009028902839088,0.3715596330275207,-7.435008665511278
D__gapdown_red,2026-02-13,D,54.45,54.75,-0.7303748196694055,-397.6890893099913,-1.5904572564612196,0.4916091862986064,0.5624999999999976,-0.3422190201729069
D__gapdown_red,2026-03-02,D,54.0,55.53,-3.0142171726499853,-1627.677273230992,-3.052064631956919,1.1024488678338284,0.447761194029853,0.5778259299386024
D__gapdown_red,2026-03-04,D,53.98,53.76,0.2287664227380597,123.48811499400466,-1.63994169096211,1.2555570198248551,0.0,-5.297670405521993
D__gapdown_red,2026-03-09,D,52.76,52.79,-0.2359529609192322,-124.4887821809869,-2.889747837290635,0.6440136335354381,0.4818181818181822,-1.002186588921283
D__gapdown_red,2026-03-23,D,48.95,47.6,2.5806414007048275,1263.223965645013,-2.6838966202783143,1.1991854449471226,0.0401785714285697,-1.178781925343808
D__gapdown_red,2026-03-27,D,48.63,49.53,-2.0309590210363857,-987.6553719299944,-2.231604342581417,0.841933152720805,0.088082901554405,4.495798319327737
D__gapdown_red,2026-07-30,D,57.0,53.8,5.438603794105286,3100.004162640013,-1.2987012987012991,0.8248157908654508,0.640625,-4.149377593361015
D__gapup_weak,2024-01-09,D,13.33,13.19,0.8238044501125401,109.8131332000016,1.911314984709489,0.7200220768572638,0.1199999999999974,-5.763688760806918
D__gapup_weak,2024-08-06,D,21.03,20.81,0.8471319952449138,178.15185860000537,2.9872673849167475,1.8059122273207064,0.1129032258064522,-14.345637583892612
D__gapup_weak,2024-08-13,D,20.85,20.78,0.1359660088729254,28.348912850004943,1.0174418604651292,0.7023052082177027,0.3777777777777791,1.17647058823529
D__gapup_weak,2024-08-20,D,21.11,20.65,1.980827474182864,418.1526798000026,1.5880654475457057,0.6761059055120406,0.1219512195121968,-0.0961538461538347
D__gapup_weak,2024-09-12,D,19.39,18.84,2.634412327230542,510.81255025000206,3.2481363152289555,0.6804783019928435,0.302325581395355,2.287581699346397
D__gapup_weak,2024-09-24,D,18.9,20.58,-9.098307319576708,-1719.580083399998,1.0154997327632254,0.7605852838322192,0.2786885245901669,-0.213333333333332
D__gapup_weak,2024-12-10,D,22.61,22.14,1.8835831704997787,425.87815485,2.1690013556258547,0.7292065603714836,0.2096774193548367,1.1425959780621886
D__gapup_weak,2025-01-06,D,20.79,20.67,0.3774199042809064,78.46559810000043,1.1678832116788218,0.7652130239489465,0.1285714285714285,-8.463251670378625
D__gapup_weak,2025-01-16,D,20.35,20.84,-2.6102054788697666,-531.1768149499975,1.0427010923535374,0.6585538541914663,0.1219512195121968,1.9746835443037905
D__gapup_weak,2025-01-20,D,20.91,20.77,0.4700785662362499,98.29342819999984,1.2100677637947754,0.814494632881309,0.3200000000000003,0.437530384054452
D__gapup_weak,2025-02-06,D,20.31,20.48,-1.038664812161499,-210.95282335000044,1.5499999999999847,1.8684460253115944,0.2531645569620246,-13.043478260869556
D__gapup_weak,2025-12-19,D,59.19,58.3,1.325547923978733,784.591816203012,1.5614275909402895,0.8684083651821531,0.0186335403726715,-1.4541765302671816
D__gapup_weak,2025-12-22,D,59.47,60.62,-2.1140512899024566,-1257.226302104991,2.0068610634648376,0.4993365612718032,0.3783783783783759,-1.1026293469041937
D__gapup_weak,2026-01-14,D,60.1,60.0,-0.012558249134756,-7.547507729988361,1.1273767457512962,1.1200097315578563,0.1287878787878777,-3.097994456220443
D__gapup_weak,2026-02-03,D,56.3,55.75,0.798484982211378,449.5470449850058,1.113505747126431,0.838910217371332,0.0054644808743158,-8.25506673257539
D__gapup_weak,2026-02-24,D,55.41,55.38,-0.1248782012615124,-69.19501131900407,1.205479452054781,0.4297476622398699,0.3548387096774181,-2.3542001070090857
D__gapup_weak,2026-03-05,D,54.79,55.1,-0.7452168845354986,-408.3043310369997,1.9159226190476275,0.7233645336589654,0.1515151515151516,-3.482944344703776
D__gapup_weak,2026-03-20,D,50.98,50.3,1.1556623821812628,589.1566824360078,1.0305192231470306,0.8431533903783608,0.2385321100917421,-4.250474383301706
D__gapup_weak,2026-03-24,D,48.57,48.84,-0.7353125203397195,-357.14129112900173,2.037815126050413,1.036917899540421,0.14367816091954,-8.56703803303881
D__gapup_weak,2026-07-20,D,58.88,56.5,3.865673643046896,2276.1086410260123,2.239972217398845,0.8965088639437715,0.1370106761565842,-12.210365853658534
D__gapup_weak,2026-07-21,D,57.5,60.98,-6.235135426079971,-3585.2028699959837,1.7699115044247815,0.894452715632853,0.3139784946236562,-11.191449229801954
D__gapup_weak,2026-07-23,D,61.99,62.88,-1.6156971530940438,-1001.5706652029976,2.1083841212320875,0.9941119016373656,0.2677419354838709,5.417607223476284
D__gapup_weak,2026-07-31,D,57.14,56.7,0.5914805407560536,337.971980988009,6.208178438661727,1.10479757797418,0.1394230769230764,-12.59138911454103
D__gapup_weak,2026-09-07,D,64.6,66.57,-3.230558995695023,-2086.9411112189846,1.4287957293138698,1.1287547815006496,0.1950000000000002,1.1916110581506434
C__failed_breakout,2024-02-19,C,16.7,17.27,-3.6267696278443142,-605.6705278500006,6.369426751592355,1.2520846892258573,0.3676470588235295,6.296547054840884
C__failed_breakout,2024-10-10,C,26.52,25.8,2.526634365007556,670.0634336000038,2.0000000000000018,1.8064288910237805,0.125475285171102,13.04347826086958
C__failed_breakout,2024-12-26,C,22.64,23.33,-3.245402135379829,-734.7590434499933,-0.3521126760563264,1.2813983989592563,0.2985074626865653,3.178928247048129
C__failed_breakout,2025-01-24,C,22.71,23.35,-3.015587519594887,-684.8399256999988,-1.260869565217393,2.796737886481756,0.0,10.736639383726557
C__failed_breakout,2025-05-14,C,19.48,19.55,-0.5628358847535718,-109.64043034999578,2.042954426401256,1.253542896926796,0.013888888888891,0.3152916447714204
C__failed_breakout,2025-05-15,C,19.56,19.1,2.149837895194284,420.5082923000018,0.0511508951406503,1.8109905311060723,0.3424657534246573,4.601391118245046
C__failed_breakout,2026-04-13,C,56.0,55.7,0.3570050746607168,199.92284181000144,-0.9200283085633476,1.3809036186280477,0.613402061855671,7.493343476607084
C__failed_breakout,2026-04-16,C,57.99,59.32,-2.474034270031038,-1434.692473190999,0.2940159114493301,1.3043438102833895,0.2238267148014434,2.300070771408369
C__failed_breakout,2026-04-17,C,59.6,60.97,-2.4791964389244905,-1477.6010775989962,0.472016183411994,1.1686424805320177,0.7413127413127409,6.499102333931761
C__failed_breakout,2026-08-11,C,67.93,66.01,2.6492083705049514,1799.6072460840137,-1.8068806013298635,1.097625481513326,0.4608433734939772,4.945388349514568
C__failed_rebound,2026-01-20,C,60.3,59.67,0.8663954938656707,522.4364828009994,-0.985221674876846,1.049059454113754,0.1292517006802706,2.0540026463777616
C__distribution3,2024-01-29,C,14.22,13.59,4.2103407746132415,598.710458150003,-1.3185287994448291,1.2207381579296004,0.2187500000000007,-0.6206896551723906
C__distribution3,2024-10-14,C,24.54,25.16,-2.7205006850040694,-667.6108680999986,-0.203334688897927,0.9499952358546896,0.2611111111111103,-11.259473114399132
C__distribution3,2024-12-30,C,22.55,22.45,0.2473642483370449,55.780638000003634,-0.2653693056169803,1.327867923930897,0.0923076923076905,-1.6956521739130537
C__distribution3,2024-12-31,C,22.46,21.5,4.07994665983975,916.3560198000076,0.0445434298441016,0.7258853247841466,0.3333333333333307,-1.188380281690138
C__distribution3,2025-02-05,C,20.56,20.0,2.524511394941658,519.0395428000048,-4.149184149184149,1.6956996817595138,0.0499999999999989,-8.058294042005997
C__distribution3,2025-05-16,C,19.0,19.22,-1.363091847894721,-258.987451099997,-0.5235602094240899,1.0084339372524709,0.0,-0.8822003113648003
C__distribution3,2025-12-12,C,61.0,61.75,-1.4093568106967094,-859.7076545249927,-2.08667736757624,0.9709076401038386,0.2110091743119261,-1.7505125374546404
C__relative_weak,2024-01-29,C,14.22,13.59,4.2103407746132415,598.710458150003,-1.3185287994448291,1.2207381579296004,0.2187500000000007,-0.6206896551723906
C__relative_weak,2024-02-08,C,15.5,15.7,-1.507471780645152,-233.65812599999856,1.3071895424836557,1.2090659885270818,0.5576923076923099,9.913793103448263
C__relative_weak,2024-10-11,C,25.4,24.59,2.9992576931102404,761.811454050001,-1.5503875968992276,1.2086360280528423,0.4601226993865033,2.4215958713775354
C__relative_weak,2024-12-30,C,22.55,22.45,0.2473642483370449,55.780638000003634,-0.2653693056169803,1.327867923930897,0.0923076923076905,-1.6956521739130537
C__relative_weak,2024-12-31,C,22.46,21.5,4.07994665983975,916.3560198000076,0.0445434298441016,0.7258853247841466,0.3333333333333307,-1.188380281690138
C__relative_weak,2025-01-24,C,22.71,23.35,-3.015587519594887,-684.8399256999988,-1.260869565217393,2.796737886481756,0.0,10.736639383726557
C__relative_weak,2025-05-08,C,18.7,19.03,-1.9710568270053563,-368.5876266500016,0.3757380568974788,0.9897989319110556,0.246376811594201,2.9850746268656803
C__relative_weak,2025-05-14,C,19.48,19.55,-0.5628358847535718,-109.64043034999578,2.042954426401256,1.253542896926796,0.013888888888891,0.3152916447714204
C__relative_weak,2025-05-20,C,19.05,19.06,-0.2569886485563937,-48.956337549993016,0.0,0.7364338729027861,0.7948717948717996,-2.5575447570332366
C__relative_weak,2025-05-22,C,18.88,19.05,-1.1058240511122888,-208.77958085000012,-0.4744333157617242,0.4565131241553196,0.5263157894736793,-1.3007284079084247
C__relative_weak,2025-12-29,C,63.74,65.24,-2.533884320756171,-1615.0978660499834,-0.1566416040100327,1.0458589365460471,0.0148148148148171,1.5590200445434466
C__relative_weak,2026-01-08,C,63.31,61.33,2.950431709755185,1867.9183154460077,0.2533650039588275,0.9271808561498824,0.2669902912621352,1.772763900080565
C__relative_weak,2026-01-20,C,60.3,59.67,0.8663954938656707,522.4364828009994,-0.985221674876846,1.049059454113754,0.1292517006802706,2.0540026463777616
C__relative_weak,2026-04-14,C,56.47,58.92,-4.52044229965467,-2552.6937666149925,1.382405745062831,0.9669642275576824,0.2608695652173953,-1.607489842783938
C__relative_weak,2026-04-16,C,57.99,59.32,-2.474034270031038,-1434.692473190999,0.2940159114493301,1.3043438102833895,0.2238267148014434,2.300070771408369
C__relative_weak,2026-04-22,C,61.19,66.89,-9.500315327488163,-5813.242948890008,-0.3582478423709512,0.8612803969823046,0.9447852760736176,3.523263654753861
C__relative_weak,2026-08-10,C,69.0,69.18,-0.440092949399995,-303.6641350859965,1.2026987386330124,1.0889146534433731,0.3225806451612913,13.76606040380446
C__relative_weak,2026-08-13,C,67.99,65.23,3.882985748127676,2640.0420101520067,3.643292682926824,0.8596961656948221,0.4823008849557493,-3.784100909357591
C__relative_weak,2026-08-19,C,64.1,61.83,3.364572493024967,2156.690968029004,-3.1722054380664777,0.8806152300411102,0.2682926829268282,1.4870458378046791
C__relative_weak,2026-09-09,C,64.9,65.24,-0.7032760488720768,-456.4261557179779,0.2316602316602356,0.9450739361288616,0.0930232558139545,2.452531645569622
C__gapdown_red,2024-01-23,C,14.05,14.5,-3.427629820284682,-481.5819897499978,-2.430555555555558,2.2107038420088885,0.2702702702702716,13.564668769716093
C__gapdown_red,2024-01-29,C,14.22,13.59,4.2103407746132415,598.710458150003,-1.3185287994448291,1.2207381579296004,0.2187500000000007,-0.6206896551723906
C__gapdown_red,2024-10-11,C,25.4,24.59,2.9992576931102404,761.811454050001,-1.5503875968992276,1.2086360280528423,0.4601226993865033,2.4215958713775354
C__gapdown_red,2025-01-24,C,22.71,23.35,-3.015587519594887,-684.8399256999988,-1.260869565217393,2.796737886481756,0.0,10.736639383726557
C__gapdown_red,2025-02-05,C,20.56,20.0,2.524511394941658,519.0395428000048,-4.149184149184149,1.6956996817595138,0.0499999999999989,-8.058294042005997
C__gapdown_red,2025-12-11,C,64.01,62.3,2.494126937692572,1596.4906528170156,-1.840208556969769,1.1296912752036623,0.4087837837837825,6.69175392670156
C__gapdown_red,2025-12-12,C,61.0,61.75,-1.4093568106967094,-859.7076545249927,-2.08667736757624,0.9709076401038386,0.2110091743119261,-1.7505125374546404
C__gapdown_red,2026-01-21,C,58.71,61.56,-5.036557294660186,-2956.962787694995,-1.6088486676722025,0.7682176301244107,0.5272727272727282,-1.3066490241481763
C__gapdown_red,2026-08-19,C,64.1,61.83,3.364572493024967,2156.690968029004,-3.1722054380664777,0.8806152300411102,0.2682926829268282,1.4870458378046791
C__gapdown_red,2026-09-02,C,61.72,61.8,-0.3087562926377102,-190.56438381599477,-1.938353987925001,0.5538644995254515,0.0823529411764707,-1.440651424992201
C__gapdown_red,2026-09-11,C,62.66,64.07,-2.4307468552617157,-1523.1059795069907,-1.955875449851352,0.5321999242026307,0.1379310344827561,-3.9957939011566745
C__gapup_weak,2024-02-19,C,16.7,17.27,-3.6267696278443142,-605.6705278500006,6.369426751592355,1.2520846892258573,0.3676470588235295,6.296547054840884
C__gapup_weak,2024-10-10,C,26.52,25.8,2.526634365007556,670.0634336000038,2.0000000000000018,1.8064288910237805,0.125475285171102,13.04347826086958
C__gapup_weak,2025-02-17,C,22.46,22.9,-2.1565360071237443,-484.357987199993,1.6289592760180938,0.8407045336296096,0.353658536585369,1.5158474965548896
C__gapup_weak,2025-05-06,C,18.3,18.81,-2.9949263800546064,-548.071527549993,1.3289036544850583,0.5538677353124556,0.2962962962962904,-0.9868421052631748
C__gapup_weak,2025-05-12,C,19.11,19.27,-1.0419886096284598,-199.1240232999987,2.2471910112359383,0.6006055308595041,0.133333333333342,-0.6379585326953707
C__gapup_weak,2025-05-14,C,19.48,19.55,-0.5628358847535718,-109.64043034999578,2.042954426401256,1.253542896926796,0.013888888888891,0.3152916447714204
C__gapup_weak,2026-04-03,C,52.6,52.18,0.619939483904958,326.0881685340079,1.1538461538461495,1.2188539216336327,0.0925925925925924,5.540897097625308
C__gapup_weak,2026-04-07,C,52.98,52.58,0.5764342206115675,305.39485008000844,1.5331544653123697,0.8051845515955758,0.1525423728813557,1.399144966964605
C__gapup_weak,2026-04-08,C,54.16,56.61,-4.705608560035071,-2548.557596114995,3.00494484594902,0.9465916360522528,0.2899999999999991,-1.3878469617404576
C__gapup_weak,2026-04-10,C,55.6,56.52,-1.83479930734532,-1020.1484148839976,1.0541621228643994,1.1444332504764514,0.2178217821782226,5.442698351858932
C__gapup_weak,2026-04-14,C,56.47,58.92,-4.52044229965467,-2552.6937666149925,1.382405745062831,0.9669642275576824,0.2608695652173953,-1.607489842783938
C__gapup_weak,2026-08-10,C,69.0,69.18,-0.440092949399995,-303.6641350859965,1.2026987386330124,1.0889146534433731,0.3225806451612913,13.76606040380446
