date,open,close,open_cross,close_cross,open_gap,close_gap
2018-06-08,16.52,19.83,16.52,19.83,0.0,0.0
2018-06-11,21.81,21.81,21.81,21.81,0.0,0.0
2018-06-12,23.99,23.99,23.99,23.99,0.0,0.0
2018-06-13,24.55,25.72,24.55,25.72,0.0,0.0
2018-06-14,24.51,23.29,24.51,23.29,0.0,0.0
2018-06-15,22.6,22.58,22.6,22.58,0.0,0.0
2018-06-19,21.83,20.32,21.83,20.32,0.0,0.0
2018-06-20,19.8,19.86,19.8,19.86,0.0,0.0
2018-06-21,19.6,18.17,19.6,18.17,0.0,0.0
2018-06-22,17.7,18.72,17.7,18.72,0.0,0.0
2018-06-25,18.62,18.21,18.62,18.21,0.0,0.0
2018-06-26,17.74,18.53,17.74,18.53,0.0,0.0
2018-06-27,18.5,18.27,18.5,18.27,0.0,0.0
2018-06-28,18.22,17.89,18.22,17.89,0.0,0.0
2018-06-29,17.95,18.44,17.95,18.44,0.0,0.0
2018-07-02,18.2,17.59,18.2,17.59,0.0,0.0
2018-07-03,17.54,17.9,17.54,17.9,0.0,0.0
2018-07-04,17.7,17.17,17.7,17.17,0.0,0.0
2018-07-05,17.0,16.96,17.0,16.96,0.0,0.0
2018-07-06,16.91,17.23,16.91,17.23,0.0,0.0
2018-07-09,17.23,17.47,17.23,17.47,0.0,0.0
2018-07-10,17.51,17.35,17.51,17.35,0.0,0.0
2018-07-11,16.95,16.65,16.95,16.65,0.0,0.0
2018-07-12,16.65,17.96,16.65,17.96,0.0,0.0
2018-07-13,17.7,17.62,17.7,17.62,0.0,0.0
2018-07-16,17.62,17.84,17.62,17.84,0.0,0.0
2018-07-17,17.84,17.69,17.84,17.69,0.0,0.0
2018-07-18,17.69,17.21,17.69,17.21,0.0,0.0
2018-07-19,17.18,16.93,17.18,16.93,0.0,0.0
2018-07-20,16.91,17.3,16.91,17.3,0.0,0.0
2018-07-23,17.11,17.25,17.11,17.25,0.0,0.0
2018-07-24,17.23,18.06,17.23,18.06,0.0,0.0
2018-07-25,18.0,17.71,18.0,17.71,0.0,0.0
2018-07-26,17.66,17.76,17.66,17.76,0.0,0.0
2018-07-27,17.68,17.29,17.68,17.29,0.0,0.0
2018-07-30,17.2,17.14,17.2,17.14,0.0,0.0
2018-07-31,17.19,17.17,17.19,17.17,0.0,0.0
2018-08-01,17.25,16.98,17.25,16.98,0.0,0.0
2018-08-02,16.9,16.24,16.9,16.24,0.0,0.0
2018-08-03,16.27,15.81,16.27,15.81,0.0,0.0
2018-08-06,15.77,15.14,15.77,15.14,0.0,0.0
2018-08-07,15.2,15.55,15.2,15.55,0.0,0.0
2018-08-08,15.41,15.01,15.41,15.01,0.0,0.0
2018-08-09,14.99,15.42,14.99,15.42,0.0,0.0
2018-08-10,15.32,15.47,15.32,15.47,0.0,0.0
2018-08-13,15.19,15.72,15.19,15.72,0.0,0.0
2018-08-14,15.73,15.51,15.73,15.51,0.0,0.0
2018-08-15,15.39,15.06,15.39,15.06,0.0,0.0
2018-08-16,14.85,14.89,14.85,14.89,0.0,0.0
2018-08-17,15.09,14.63,15.09,14.63,0.0,0.0
2018-08-20,14.65,14.92,14.65,14.92,0.0,0.0
2018-08-21,14.9,15.02,14.9,15.02,0.0,0.0
2018-08-22,14.99,14.74,14.99,14.74,0.0,0.0
2018-08-23,14.77,15.13,14.77,15.13,0.0,0.0
2018-08-24,15.04,14.99,15.04,14.99,0.0,0.0
2018-08-27,15.0,15.31,15.0,15.31,0.0,0.0
2018-08-28,15.31,15.32,15.31,15.32,0.0,0.0
2018-08-29,15.35,15.11,15.35,15.11,0.0,0.0
2018-08-30,15.13,14.8,15.13,14.8,0.0,0.0
2018-08-31,14.75,14.79,14.75,14.79,0.0,0.0
2018-09-03,14.71,14.7,14.71,14.7,0.0,0.0
2018-09-04,14.69,14.93,14.69,14.93,0.0,0.0
2018-09-05,14.86,14.63,14.86,14.63,0.0,0.0
2018-09-06,14.61,15.03,14.61,15.03,0.0,0.0
2018-09-07,15.0,14.89,15.0,14.89,0.0,0.0
2018-09-10,14.8,14.63,14.8,14.63,0.0,0.0
2018-09-11,14.63,14.69,14.63,14.69,0.0,0.0
2018-09-12,14.68,14.72,14.68,14.72,0.0,0.0
2018-09-13,14.87,14.79,14.87,14.79,0.0,0.0
2018-09-14,14.79,14.6,14.79,14.6,0.0,0.0
2018-09-17,14.56,14.17,14.56,14.17,0.0,0.0
2018-09-18,14.06,14.31,14.06,14.31,0.0,0.0
2018-09-19,14.24,14.42,14.24,14.42,0.0,0.0
2018-09-20,14.37,14.27,14.37,14.27,0.0,0.0
2018-09-21,14.3,14.45,14.3,14.45,0.0,0.0
2018-09-25,14.35,14.43,14.35,14.43,0.0,0.0
2018-09-26,14.6,14.55,14.6,14.55,0.0,0.0
2018-09-27,14.49,14.2,14.49,14.2,0.0,0.0
2018-09-28,14.21,14.24,14.21,14.24,0.0,0.0
2018-10-08,14.0,13.72,14.0,13.72,0.0,0.0
2018-10-09,13.76,13.73,13.76,13.73,0.0,0.0
2018-10-10,13.79,13.71,13.79,13.71,0.0,0.0
2018-10-11,13.01,12.34,13.01,12.34,0.0,0.0
2018-10-12,12.07,11.96,12.07,11.96,0.0,0.0
2018-10-15,12.0,11.89,12.0,11.89,0.0,0.0
2018-10-16,11.9,11.57,11.9,11.57,0.0,0.0
2018-10-17,11.77,11.76,11.77,11.76,0.0,0.0
2018-10-18,11.63,11.38,11.63,11.38,0.0,0.0
2018-10-19,11.17,11.61,11.17,11.61,0.0,0.0
2018-10-22,11.7,12.65,11.7,12.65,0.0,0.0
2018-10-23,12.55,12.19,12.55,12.19,0.0,0.0
2018-10-24,12.18,12.19,12.18,12.19,0.0,0.0
2018-10-25,11.75,12.0,11.75,12.0,0.0,0.0
2018-10-26,12.1,12.09,12.1,12.09,0.0,0.0
2018-10-29,12.13,12.07,12.13,12.07,0.0,0.0
2018-10-30,12.0,12.1,12.0,12.1,0.0,0.0
2018-10-31,12.25,12.25,12.25,12.25,0.0,0.0
2018-11-01,12.48,12.35,12.48,12.35,0.0,0.0
2018-11-02,12.65,12.61,12.65,12.61,0.0,0.0
2018-11-05,12.62,12.6,12.62,12.6,0.0,0.0
2018-11-06,12.5,12.79,12.5,12.79,0.0,0.0
2018-11-07,12.72,12.53,12.72,12.53,0.0,0.0
2018-11-08,12.67,12.39,12.67,12.39,0.0,0.0
2018-11-09,12.35,12.34,12.35,12.34,0.0,0.0
2018-11-12,12.33,12.59,12.33,12.59,0.0,0.0
2018-11-13,12.37,12.67,12.37,12.67,0.0,0.0
2018-11-14,12.67,12.58,12.67,12.58,0.0,0.0
2018-11-15,12.56,12.89,12.56,12.89,0.0,0.0
2018-11-16,12.91,12.86,12.91,12.86,0.0,0.0
2018-11-19,12.89,13.02,12.89,13.02,0.0,0.0
2018-11-20,12.9,12.62,12.9,12.62,0.0,0.0
2018-11-21,12.48,12.52,12.48,12.52,0.0,0.0
2018-11-22,12.52,12.43,12.52,12.43,0.0,0.0
2018-11-23,12.46,11.81,12.46,11.81,0.0,0.0
2018-11-26,11.81,11.73,11.81,11.73,0.0,0.0
2018-11-27,11.79,11.66,11.79,11.66,0.0,0.0
2018-11-28,11.66,11.79,11.66,11.79,0.0,0.0
2018-11-29,11.86,11.46,11.86,11.46,0.0,0.0
2018-11-30,11.46,11.53,11.46,11.53,0.0,0.0
2018-12-03,12.03,12.0,12.03,12.0,0.0,0.0
2018-12-04,12.04,12.1,12.04,12.1,0.0,0.0
2018-12-05,11.89,12.3,11.89,12.3,0.0,0.0
2018-12-06,12.15,11.96,12.15,11.96,0.0,0.0
2018-12-07,11.99,11.92,11.99,11.92,0.0,0.0
2018-12-10,11.81,11.92,11.81,11.92,0.0,0.0
2018-12-11,11.9,12.0,11.9,12.0,0.0,0.0
2018-12-12,12.06,12.09,12.06,12.09,0.0,0.0
2018-12-13,12.15,12.24,12.15,12.24,0.0,0.0
2018-12-14,12.22,12.06,12.22,12.06,0.0,0.0
2018-12-17,12.0,12.28,12.0,12.28,0.0,0.0
2018-12-18,12.2,12.23,12.2,12.23,0.0,0.0
2018-12-19,12.24,11.93,12.24,11.93,0.0,0.0
2018-12-20,11.92,11.78,11.92,11.78,0.0,0.0
2018-12-21,11.71,11.76,11.71,11.76,0.0,0.0
2018-12-24,11.75,11.9,11.75,11.9,0.0,0.0
2018-12-25,11.73,11.78,11.73,11.78,0.0,0.0
2018-12-26,11.73,11.78,11.73,11.78,0.0,0.0
2018-12-27,11.92,11.56,11.92,11.56,0.0,0.0
2018-12-28,11.6,11.59,11.6,11.59,0.0,0.0
2019-01-02,11.66,11.6,11.66,11.6,0.0,0.0
2019-01-03,11.57,11.52,11.57,11.52,0.0,0.0
2019-01-04,11.36,11.65,11.36,11.65,0.0,0.0
2019-01-07,11.76,11.74,11.76,11.74,0.0,0.0
2019-01-08,11.7,11.73,11.7,11.73,0.0,0.0
2019-01-09,11.78,12.12,11.78,12.12,0.0,0.0
2019-01-10,12.08,12.03,12.08,12.03,0.0,0.0
2019-01-11,12.02,12.17,12.02,12.17,0.0,0.0
2019-01-14,12.21,12.1,12.21,12.1,0.0,0.0
2019-01-15,12.07,12.28,12.07,12.28,0.0,0.0
2019-01-16,12.3,12.12,12.3,12.12,0.0,0.0
2019-01-17,12.15,11.95,12.15,11.95,0.0,0.0
2019-01-18,11.91,12.05,11.91,12.05,0.0,0.0
2019-01-21,12.02,12.07,12.02,12.07,0.0,0.0
2019-01-22,12.07,11.88,12.07,11.88,0.0,0.0
2019-01-23,11.86,11.84,11.86,11.84,0.0,0.0
2019-01-24,11.85,11.85,11.85,11.85,0.0,0.0
2019-01-25,11.87,11.8,11.87,11.8,0.0,0.0
2019-01-28,11.88,11.76,11.88,11.76,0.0,0.0
2019-01-29,11.73,11.56,11.73,11.56,0.0,0.0
2019-01-30,11.57,11.58,11.57,11.58,0.0,0.0
2019-01-31,11.64,11.5,11.64,11.5,0.0,0.0
2019-02-01,11.58,11.9,11.58,11.9,0.0,0.0
2019-02-11,11.87,12.15,11.87,12.15,0.0,0.0
2019-02-12,12.29,12.54,12.29,12.54,0.0,0.0
2019-02-13,12.6,13.79,12.6,13.79,0.0,0.0
2019-02-14,14.3,13.86,14.3,13.86,0.0,0.0
2019-02-15,13.72,13.55,13.72,13.55,0.0,0.0
2019-02-18,13.69,13.95,13.69,13.95,0.0,0.0
2019-02-19,13.97,13.92,13.97,13.92,0.0,0.0
2019-02-20,13.93,13.86,13.93,13.86,0.0,0.0
2019-02-21,13.82,13.68,13.82,13.68,0.0,0.0
2019-02-22,13.65,14.09,13.65,14.09,0.0,0.0
2019-02-25,14.45,15.16,14.45,15.16,0.0,0.0
2019-02-26,15.18,15.1,15.18,15.1,0.0,0.0
2019-02-27,15.05,14.93,15.05,14.93,0.0,0.0
2019-02-28,14.85,15.09,14.85,15.09,0.0,0.0
2019-03-01,15.21,15.08,15.21,15.08,0.0,0.0
2019-03-04,15.13,15.31,15.13,15.31,0.0,0.0
2019-03-05,15.31,15.45,15.31,15.45,0.0,0.0
2019-03-06,15.55,16.72,15.55,16.72,0.0,0.0
2019-03-07,16.75,17.19,16.75,17.19,0.0,0.0
2019-03-08,16.5,15.82,16.5,15.82,0.0,0.0
2019-03-11,15.83,16.32,15.83,16.32,0.0,0.0
2019-03-12,16.5,16.18,16.5,16.18,0.0,0.0
2019-03-13,16.0,15.32,16.0,15.32,0.0,0.0
2019-03-14,15.3,14.73,15.3,14.73,0.0,0.0
2019-03-15,14.84,14.86,14.84,14.86,0.0,0.0
2019-03-18,14.95,15.19,14.95,15.19,0.0,0.0
2019-03-19,15.24,15.26,15.24,15.26,0.0,0.0
2019-03-20,15.2,15.06,15.2,15.06,0.0,0.0
2019-03-21,15.11,15.3,15.11,15.3,0.0,0.0
2019-03-22,15.29,15.09,15.29,15.09,0.0,0.0
2019-03-25,14.78,14.67,14.78,14.67,0.0,0.0
2019-03-26,14.72,14.24,14.72,14.24,0.0,0.0
2019-03-27,14.35,14.25,14.35,14.25,0.0,0.0
2019-03-28,14.24,14.3,14.24,14.3,0.0,0.0
2019-03-29,14.28,14.75,14.28,14.75,0.0,0.0
2019-04-01,15.2,15.56,15.2,15.56,0.0,0.0
2019-04-02,15.66,16.01,15.66,16.01,0.0,0.0
2019-04-03,16.03,16.08,16.03,16.08,0.0,0.0
2019-04-04,16.1,15.84,16.1,15.84,0.0,0.0
2019-04-08,15.91,15.62,15.91,15.62,0.0,0.0
2019-04-09,15.95,16.21,15.95,16.21,0.0,0.0
2019-04-10,15.99,15.9,15.99,15.9,0.0,0.0
2019-04-11,15.88,15.67,15.88,15.67,0.0,0.0
2019-04-12,15.73,15.71,15.73,15.71,0.0,0.0
2019-04-15,15.96,15.5,15.96,15.5,0.0,0.0
2019-04-16,15.48,16.28,15.48,16.28,0.0,0.0
2019-04-17,16.61,17.91,16.61,17.91,0.0,0.0
2019-04-18,18.4,19.61,18.4,19.61,0.0,0.0
2019-04-19,18.53,17.89,18.53,17.89,0.0,0.0
2019-04-22,17.72,17.08,17.72,17.08,0.0,0.0
2019-04-23,17.15,17.18,17.15,17.18,0.0,0.0
2019-04-24,16.93,16.93,16.93,16.93,0.0,0.0
2019-04-25,16.68,16.17,16.68,16.17,0.0,0.0
2019-04-26,16.1,16.01,16.1,16.01,0.0,0.0
2019-04-29,16.15,15.5,16.15,15.5,0.0,0.0
2019-04-30,15.46,15.42,15.46,15.42,0.0,0.0
2019-05-06,15.2,13.92,15.2,13.92,0.0,0.0
2019-05-07,13.96,14.18,13.96,14.18,0.0,0.0
2019-05-08,13.8,13.96,13.8,13.96,0.0,0.0
2019-05-09,13.77,13.83,13.77,13.83,0.0,0.0
2019-05-10,14.01,14.22,14.01,14.22,0.0,0.0
2019-05-13,14.0,13.88,14.0,13.88,0.0,0.0
2019-05-14,13.61,13.61,13.61,13.61,0.0,0.0
2019-05-15,13.76,13.89,13.76,13.89,0.0,0.0
2019-05-16,13.88,13.83,13.88,13.83,0.0,0.0
2019-05-17,13.85,13.2,13.85,13.2,0.0,0.0
2019-05-20,13.16,13.2,13.16,13.2,0.0,0.0
2019-05-21,13.19,13.5,13.19,13.5,0.0,0.0
2019-05-22,13.55,13.37,13.55,13.37,0.0,0.0
2019-05-23,13.37,13.04,13.37,13.04,0.0,0.0
2019-05-24,13.03,12.9,13.03,12.9,0.0,0.0
2019-05-27,12.96,13.26,12.96,13.26,0.0,0.0
2019-05-28,13.26,13.4,13.26,13.4,0.0,0.0
2019-05-29,13.29,13.63,13.29,13.63,0.0,0.0
2019-05-30,13.49,13.47,13.49,13.47,0.0,0.0
2019-05-31,13.49,13.68,13.49,13.68,0.0,0.0
2019-06-03,13.6,13.38,13.6,13.38,0.0,0.0
2019-06-04,13.37,13.08,13.37,13.08,0.0,0.0
2019-06-05,13.22,13.08,13.22,13.08,0.0,0.0
2019-06-06,13.03,12.83,13.03,12.83,0.0,0.0
2019-06-10,11.55,11.68,11.55,11.68,0.0,0.0
2019-06-11,11.59,12.1,11.59,12.1,0.0,0.0
2019-06-12,12.01,11.91,12.01,11.91,0.0,0.0
2019-06-13,11.83,11.94,11.83,11.94,0.0,0.0
2019-06-14,11.88,11.81,11.88,11.81,0.0,0.0
2019-06-17,11.82,11.69,11.82,11.69,0.0,0.0
2019-06-18,11.7,11.65,11.7,11.65,0.0,0.0
2019-06-19,12.0,11.84,12.0,11.84,0.0,0.0
2019-06-20,11.75,11.95,11.75,11.95,0.0,0.0
2019-06-21,11.95,12.32,11.95,12.32,0.0,0.0
2019-06-24,12.3,12.24,12.3,12.24,0.0,0.0
2019-06-25,12.26,12.04,12.26,12.04,0.0,0.0
2019-06-26,11.96,12.11,11.96,12.11,0.0,0.0
2019-06-27,12.16,12.15,12.16,12.15,0.0,0.0
2019-06-28,12.2,12.05,12.2,12.05,0.0,0.0
2019-07-01,12.45,13.26,12.45,13.26,0.0,0.0
2019-07-02,13.5,13.3,13.5,13.3,0.0,0.0
2019-07-03,13.29,13.41,13.29,13.41,0.0,0.0
2019-07-04,13.37,13.26,13.37,13.26,0.0,0.0
2019-07-05,13.27,13.15,13.27,13.15,0.0,0.0
2019-07-08,13.08,12.68,13.08,12.68,0.0,0.0
2019-07-09,12.61,12.71,12.61,12.71,0.0,0.0
2019-07-10,12.8,12.73,12.8,12.73,0.0,0.0
2019-07-11,12.84,12.79,12.84,12.79,0.0,0.0
2019-07-12,12.74,12.77,12.74,12.77,0.0,0.0
2019-07-15,12.65,12.76,12.65,12.76,0.0,0.0
2019-07-16,12.68,12.66,12.68,12.66,0.0,0.0
2019-07-17,12.68,12.81,12.68,12.81,0.0,0.0
2019-07-18,12.71,12.36,12.71,12.36,0.0,0.0
2019-07-19,12.35,12.46,12.35,12.46,0.0,0.0
2019-07-22,12.52,12.25,12.52,12.25,0.0,0.0
2019-07-23,12.24,12.43,12.24,12.43,0.0,0.0
2019-07-24,12.5,13.06,12.5,13.06,0.0,0.0
2019-07-25,13.06,13.41,13.06,13.41,0.0,0.0
2019-07-26,13.37,13.25,13.37,13.25,0.0,0.0
2019-07-29,13.3,13.31,13.3,13.31,0.0,0.0
2019-07-30,13.32,13.39,13.32,13.39,0.0,0.0
2019-07-31,13.3,13.67,13.3,13.67,0.0,0.0
2019-08-01,13.55,13.42,13.55,13.42,0.0,0.0
2019-08-02,12.95,12.89,12.95,12.89,0.0,0.0
2019-08-05,12.75,12.62,12.75,12.62,0.0,0.0
2019-08-06,12.33,12.33,12.33,12.33,0.0,0.0
2019-08-07,12.38,12.24,12.38,12.24,0.0,0.0
2019-08-08,12.3,12.35,12.3,12.35,0.0,0.0
2019-08-09,12.45,12.29,12.45,12.29,0.0,0.0
2019-08-12,12.29,12.86,12.29,12.86,0.0,0.0
2019-08-13,12.67,13.49,12.67,13.49,0.0,0.0
2019-08-14,13.82,13.69,13.82,13.69,0.0,0.0
2019-08-15,13.34,14.29,13.34,14.29,0.0,0.0
2019-08-16,14.25,14.36,14.25,14.36,0.0,0.0
2019-08-19,14.78,15.09,14.78,15.09,0.0,0.0
2019-08-20,15.0,14.77,15.0,14.77,0.0,0.0
2019-08-21,14.78,15.15,14.78,15.15,0.0,0.0
2019-08-22,15.13,14.82,15.13,14.82,0.0,0.0
2019-08-23,14.91,14.95,14.91,14.95,0.0,0.0
2019-08-26,14.48,14.23,14.48,14.23,0.0,0.0
2019-08-27,14.4,14.4,14.4,14.4,0.0,0.0
2019-08-28,14.4,14.08,14.4,14.08,0.0,0.0
2019-08-29,14.18,14.37,14.18,14.37,0.0,0.0
2019-08-30,14.47,14.21,14.47,14.21,0.0,0.0
2019-09-02,14.12,14.52,14.12,14.52,0.0,0.0
2019-09-03,14.53,15.01,14.53,15.01,0.0,0.0
2019-09-04,14.9,15.13,14.9,15.13,0.0,0.0
2019-09-05,15.21,15.2,15.21,15.2,0.0,0.0
2019-09-06,15.39,15.31,15.39,15.31,0.0,0.0
2019-09-09,15.52,15.36,15.52,15.36,0.0,0.0
2019-09-10,15.28,15.1,15.28,15.1,0.0,0.0
2019-09-11,15.18,15.21,15.18,15.21,0.0,0.0
2019-09-12,15.27,15.31,15.27,15.31,0.0,0.0
2019-09-16,15.06,14.88,15.06,14.88,0.0,0.0
2019-09-17,14.41,14.17,14.41,14.17,0.0,0.0
2019-09-18,14.17,14.36,14.17,14.36,0.0,0.0
2019-09-19,14.45,14.49,14.45,14.49,0.0,0.0
2019-09-20,14.47,14.49,14.47,14.49,0.0,0.0
2019-09-23,14.33,14.21,14.33,14.21,0.0,0.0
2019-09-24,14.27,15.59,14.27,15.59,0.0,0.0
2019-09-25,15.48,15.34,15.48,15.34,0.0,0.0
2019-09-26,15.75,15.03,15.75,15.03,0.0,0.0
2019-09-27,15.0,15.07,15.0,15.07,0.0,0.0
2019-09-30,15.0,14.4,15.0,14.4,0.0,0.0
2019-10-08,14.53,14.6,14.53,14.6,0.0,0.0
2019-10-09,14.33,14.23,14.33,14.23,0.0,0.0
2019-10-10,14.17,14.64,14.17,14.64,0.0,0.0
2019-10-11,14.71,14.82,14.71,14.82,0.0,0.0
2019-10-14,15.15,15.2,15.15,15.2,0.0,0.0
2019-10-15,15.2,14.91,15.2,14.91,0.0,0.0
2019-10-16,15.0,14.77,15.0,14.77,0.0,0.0
2019-10-17,14.78,15.21,14.78,15.21,0.0,0.0
2019-10-18,15.26,15.23,15.26,15.23,0.0,0.0
2019-10-21,15.19,15.28,15.19,15.28,0.0,0.0
2019-10-22,15.33,15.81,15.33,15.81,0.0,0.0
2019-10-23,15.65,16.11,15.65,16.11,0.0,0.0
2019-10-24,16.08,16.19,16.08,16.19,0.0,0.0
2019-10-25,16.1,15.88,16.1,15.88,0.0,0.0
2019-10-28,16.06,16.01,16.06,16.01,0.0,0.0
2019-10-29,15.85,15.7,15.85,15.7,0.0,0.0
2019-10-30,15.51,15.77,15.51,15.77,0.0,0.0
2019-10-31,15.7,15.35,15.7,15.35,0.0,0.0
2019-11-01,15.4,15.59,15.4,15.59,0.0,0.0
2019-11-04,15.46,15.78,15.46,15.78,0.0,0.0
2019-11-05,15.81,15.9,15.81,15.9,0.0,0.0
2019-11-06,15.81,15.62,15.81,15.62,0.0,0.0
2019-11-07,15.63,15.32,15.63,15.32,0.0,0.0
2019-11-08,15.4,16.0,15.4,16.0,0.0,0.0
2019-11-11,15.82,15.58,15.82,15.58,0.0,0.0
2019-11-12,15.6,15.78,15.6,15.78,0.0,0.0
2019-11-13,15.67,15.66,15.67,15.66,0.0,0.0
2019-11-14,15.68,15.99,15.68,15.99,0.0,0.0
2019-11-15,15.91,16.01,15.91,16.01,0.0,0.0
2019-11-18,16.09,15.94,16.09,15.94,0.0,0.0
2019-11-19,15.93,16.08,15.93,16.08,0.0,0.0
2019-11-20,16.0,16.21,16.0,16.21,0.0,0.0
2019-11-21,16.05,16.8,16.05,16.8,0.0,0.0
2019-11-22,16.79,16.82,16.79,16.82,0.0,0.0
2019-11-25,16.86,16.2,16.86,16.2,0.0,0.0
2019-11-26,16.2,16.41,16.2,16.41,0.0,0.0
2019-11-27,16.3,16.54,16.3,16.54,0.0,0.0
2019-11-28,16.5,16.38,16.5,16.38,0.0,0.0
2019-11-29,16.34,16.66,16.34,16.66,0.0,0.0
2019-12-02,16.65,17.02,16.65,17.02,0.0,0.0
2019-12-03,16.93,17.09,16.93,17.09,0.0,0.0
2019-12-04,16.95,16.84,16.95,16.84,0.0,0.0
2019-12-05,16.93,17.14,16.93,17.14,0.0,0.0
2019-12-06,17.07,16.8,17.07,16.8,0.0,0.0
2019-12-09,16.6,17.53,16.6,17.53,0.0,0.0
2019-12-10,17.53,17.75,17.53,17.75,0.0,0.0
2019-12-11,17.75,17.82,17.75,17.82,0.0,0.0
2019-12-12,17.83,17.79,17.83,17.79,0.0,0.0
2019-12-13,17.94,18.92,17.94,18.92,0.0,0.0
2019-12-16,18.82,19.15,18.82,19.15,0.0,0.0
2019-12-17,19.03,19.02,19.03,19.02,0.0,0.0
2019-12-18,18.99,18.93,18.99,18.93,0.0,0.0
2019-12-19,18.85,18.15,18.85,18.15,0.0,0.0
2019-12-20,18.06,18.15,18.06,18.15,0.0,0.0
2019-12-23,18.0,17.87,18.0,17.87,0.0,0.0
2019-12-24,17.96,17.87,17.96,17.87,0.0,0.0
2019-12-25,17.81,18.08,17.81,18.08,0.0,0.0
2019-12-26,17.95,18.0,17.95,18.0,0.0,0.0
2019-12-27,18.04,17.51,18.04,17.51,0.0,0.0
2019-12-30,17.35,17.6,17.35,17.6,0.0,0.0
2019-12-31,17.62,18.27,17.62,18.27,0.0,0.0
2020-01-02,18.33,18.38,18.33,18.38,0.0,0.0
2020-01-03,18.49,18.22,18.49,18.22,0.0,0.0
2020-01-06,18.01,17.9,18.01,17.9,0.0,0.0
2020-01-07,17.92,17.86,17.92,17.86,0.0,0.0
2020-01-08,17.62,17.52,17.62,17.52,0.0,0.0
2020-01-09,17.65,18.3,17.65,18.3,0.0,0.0
2020-01-10,18.41,18.03,18.41,18.03,0.0,0.0
2020-01-13,18.02,18.61,18.02,18.61,0.0,0.0
2020-01-14,18.65,18.39,18.65,18.39,0.0,0.0
2020-01-15,18.35,18.7,18.35,18.7,0.0,0.0
2020-01-16,18.65,18.41,18.65,18.41,0.0,0.0
2020-01-17,18.41,18.99,18.41,18.99,0.0,0.0
2020-01-20,18.88,19.34,18.88,19.34,0.0,0.0
2020-01-21,19.2,19.09,19.2,19.09,0.0,0.0
2020-01-22,18.9,20.85,18.9,20.85,0.0,0.0
2020-01-23,20.5,20.0,20.5,20.0,0.0,0.0
2020-02-03,18.0,18.0,18.0,18.0,0.0,0.0
2020-02-04,17.1,18.02,17.1,18.02,0.0,0.0
2020-02-05,18.16,18.69,18.16,18.69,0.0,0.0
2020-02-06,18.54,18.92,18.54,18.92,0.0,0.0
2020-02-07,19.9,19.3,19.9,19.3,0.0,0.0
2020-02-10,18.9,18.91,18.9,18.91,0.0,0.0
2020-02-11,18.81,19.23,18.81,19.23,0.0,0.0
2020-02-12,19.08,19.15,19.08,19.15,0.0,0.0
2020-02-13,19.11,18.42,19.11,18.42,0.0,0.0
2020-02-14,18.26,18.35,18.26,18.35,0.0,0.0
2020-02-17,18.44,19.19,18.44,19.19,0.0,0.0
2020-02-18,19.2,18.85,19.2,18.85,0.0,0.0
2020-02-19,18.65,18.49,18.65,18.49,0.0,0.0
2020-02-20,18.59,18.81,18.59,18.81,0.0,0.0
2020-02-21,18.67,19.6,18.67,19.6,0.0,0.0
2020-02-24,19.75,20.14,19.75,20.14,0.0,0.0
2020-02-25,19.65,19.96,19.65,19.96,0.0,0.0
2020-02-26,19.55,18.71,19.55,18.71,0.0,0.0
2020-02-27,18.64,18.9,18.64,18.9,0.0,0.0
2020-02-28,18.08,17.08,18.08,17.08,0.0,0.0
2020-03-02,17.3,17.44,17.3,17.44,0.0,0.0
2020-03-03,17.83,17.44,17.83,17.44,0.0,0.0
2020-03-04,17.23,16.76,17.23,16.76,0.0,0.0
2020-03-05,17.1,17.16,17.1,17.16,0.0,0.0
2020-03-06,16.83,16.99,16.83,16.99,0.0,0.0
2020-03-09,16.68,16.18,16.68,16.18,0.0,0.0
2020-03-10,15.98,16.59,15.98,16.59,0.0,0.0
2020-03-11,16.67,16.54,16.67,16.54,0.0,0.0
2020-03-12,16.25,16.1,16.25,16.1,0.0,0.0
2020-03-13,15.18,15.65,15.18,15.65,0.0,0.0
2020-03-16,15.68,14.3,15.68,14.3,0.0,0.0
2020-03-17,14.39,13.91,14.39,13.91,0.0,0.0
2020-03-18,14.05,13.56,14.05,13.56,0.0,0.0
2020-03-19,13.55,13.51,13.55,13.51,0.0,0.0
2020-03-20,13.68,13.57,13.68,13.57,0.0,0.0
2020-03-23,13.1,12.52,13.1,12.52,0.0,0.0
2020-03-24,12.75,13.02,12.75,13.02,0.0,0.0
2020-03-25,13.4,13.55,13.4,13.55,0.0,0.0
2020-03-26,13.41,13.29,13.41,13.29,0.0,0.0
2020-03-27,13.5,13.07,13.5,13.07,0.0,0.0
2020-03-30,12.84,12.82,12.84,12.82,0.0,0.0
2020-03-31,13.29,13.21,13.29,13.21,0.0,0.0
2020-04-01,13.13,13.41,13.13,13.41,0.0,0.0
2020-04-02,13.34,13.98,13.34,13.98,0.0,0.0
2020-04-03,13.9,13.96,13.9,13.96,0.0,0.0
2020-04-07,14.35,14.15,14.35,14.15,0.0,0.0
2020-04-08,14.05,14.14,14.05,14.14,0.0,0.0
2020-04-09,14.17,13.95,14.17,13.95,0.0,0.0
2020-04-10,13.94,13.62,13.94,13.62,0.0,0.0
2020-04-13,13.44,13.15,13.44,13.15,0.0,0.0
2020-04-14,13.28,13.81,13.28,13.81,0.0,0.0
2020-04-15,13.81,13.87,13.81,13.87,0.0,0.0
2020-04-16,13.75,14.05,13.75,14.05,0.0,0.0
2020-04-17,14.22,13.99,14.22,13.99,0.0,0.0
2020-04-20,14.06,14.47,14.06,14.47,0.0,0.0
2020-04-21,14.3,14.16,14.3,14.16,0.0,0.0
2020-04-22,14.06,14.06,14.06,14.06,0.0,0.0
2020-04-23,14.25,13.96,14.25,13.96,0.0,0.0
2020-04-24,13.96,13.95,13.96,13.95,0.0,0.0
2020-04-27,14.0,13.95,14.0,13.95,0.0,0.0
2020-04-28,14.01,14.21,14.01,14.21,0.0,0.0
2020-04-29,14.16,14.24,14.16,14.24,0.0,0.0
2020-04-30,14.31,14.69,14.31,14.69,0.0,0.0
2020-05-06,14.43,14.76,14.43,14.76,0.0,0.0
2020-05-07,14.75,14.38,14.75,14.38,0.0,0.0
2020-05-08,14.48,14.44,14.48,14.44,0.0,0.0
2020-05-11,14.5,14.52,14.5,14.52,0.0,0.0
2020-05-12,14.45,14.23,14.45,14.23,0.0,0.0
2020-05-13,14.1,14.18,14.1,14.18,0.0,0.0
2020-05-14,14.07,13.69,14.07,13.69,0.0,0.0
2020-05-15,13.74,13.79,13.74,13.79,0.0,0.0
2020-05-18,13.63,13.49,13.63,13.49,0.0,0.0
2020-05-19,13.54,13.78,13.54,13.78,0.0,0.0
2020-05-20,13.79,13.85,13.79,13.85,0.0,0.0
2020-05-21,13.88,13.6,13.88,13.6,0.0,0.0
2020-05-22,13.58,13.26,13.58,13.26,0.0,0.0
2020-05-25,13.25,13.12,13.25,13.12,0.0,0.0
2020-05-26,13.18,13.5,13.18,13.5,0.0,0.0
2020-05-27,13.56,13.48,13.56,13.48,0.0,0.0
2020-05-28,13.5,13.46,13.5,13.46,0.0,0.0
2020-05-29,13.4,13.41,13.4,13.41,0.0,0.0
2020-06-01,13.46,13.88,13.46,13.88,0.0,0.0
2020-06-02,13.9,14.16,13.9,14.16,0.0,0.0
2020-06-03,14.27,14.22,14.27,14.22,0.0,0.0
2020-06-04,14.25,14.16,14.25,14.16,0.0,0.0
2020-06-05,14.16,14.08,14.16,14.08,0.0,0.0
2020-06-08,14.25,14.26,14.25,14.26,0.0,0.0
2020-06-09,14.4,14.55,14.4,14.55,0.0,0.0
2020-06-10,14.56,14.28,14.56,14.28,0.0,0.0
2020-06-11,14.25,14.02,14.25,14.02,0.0,0.0
2020-06-12,13.7,13.81,13.7,13.81,0.0,0.0
2020-06-15,13.68,13.67,13.68,13.67,0.0,0.0
2020-06-16,13.74,14.03,13.74,14.03,0.0,0.0
2020-06-17,13.97,14.25,13.97,14.25,0.0,0.0
2020-06-18,14.25,14.4,14.25,14.4,0.0,0.0
2020-06-19,14.43,14.35,14.43,14.35,0.0,0.0
2020-06-22,14.36,14.4,14.36,14.4,0.0,0.0
2020-06-23,14.36,14.11,14.36,14.11,0.0,0.0
2020-06-24,14.15,15.52,14.15,15.52,0.0,0.0
2020-06-29,15.49,15.22,15.49,15.22,0.0,0.0
2020-06-30,15.19,15.15,15.19,15.15,0.0,0.0
2020-07-01,15.2,15.42,15.2,15.42,0.0,0.0
2020-07-02,15.34,15.61,15.34,15.61,0.0,0.0
2020-07-03,15.65,15.91,15.65,15.91,0.0,0.0
2020-07-06,16.21,16.49,16.21,16.49,0.0,0.0
2020-07-07,16.5,16.38,16.5,16.38,0.0,0.0
2020-07-08,16.3,16.4,16.3,16.4,0.0,0.0
2020-07-09,16.38,16.72,16.38,16.72,0.0,0.0
2020-07-10,16.68,16.03,16.68,16.03,0.0,0.0
2020-07-13,15.96,16.5,15.96,16.5,0.0,0.0
2020-07-14,16.53,16.59,16.53,16.59,0.0,0.0
2020-07-15,16.83,16.2,16.83,16.2,0.0,0.0
2020-07-16,16.13,14.87,16.13,14.87,0.0,0.0
2020-07-17,15.08,14.79,15.08,14.79,0.0,0.0
2020-07-20,14.88,15.29,14.88,15.29,0.0,0.0
2020-07-21,15.4,15.43,15.4,15.43,0.0,0.0
2020-07-22,15.44,15.36,15.44,15.36,0.0,0.0
2020-07-23,15.17,14.98,15.17,14.98,0.0,0.0
2020-07-24,14.92,14.16,14.92,14.16,0.0,0.0
2020-07-27,14.23,14.01,14.23,14.01,0.0,0.0
2020-07-28,14.15,14.21,14.15,14.21,0.0,0.0
2020-07-29,14.22,14.51,14.22,14.51,0.0,0.0
2020-07-30,14.51,14.29,14.51,14.29,0.0,0.0
2020-07-31,14.28,14.59,14.28,14.59,0.0,0.0
2020-08-03,14.68,14.89,14.68,14.89,0.0,0.0
2020-08-04,14.9,14.68,14.9,14.68,0.0,0.0
2020-08-05,14.83,14.61,14.83,14.61,0.0,0.0
2020-08-06,14.65,14.5,14.65,14.5,0.0,0.0
2020-08-07,14.48,14.3,14.48,14.3,0.0,0.0
2020-08-10,14.19,14.41,14.19,14.41,0.0,0.0
2020-08-11,14.4,14.16,14.4,14.16,0.0,0.0
2020-08-12,14.38,15.14,14.38,15.14,0.0,0.0
2020-08-13,15.27,15.17,15.27,15.17,0.0,0.0
2020-08-14,15.01,15.03,15.01,15.03,0.0,0.0
2020-08-17,15.09,15.28,15.09,15.28,0.0,0.0
2020-08-18,15.3,15.18,15.3,15.18,0.0,0.0
2020-08-19,15.18,14.85,15.18,14.85,0.0,0.0
2020-08-20,14.75,14.83,14.75,14.83,0.0,0.0
2020-08-21,15.0,14.8,15.0,14.8,0.0,0.0
2020-08-24,14.86,14.99,14.86,14.99,0.0,0.0
2020-08-25,15.04,15.09,15.04,15.09,0.0,0.0
2020-08-26,15.08,14.54,15.08,14.54,0.0,0.0
2020-08-27,14.6,14.65,14.6,14.65,0.0,0.0
2020-08-28,14.56,14.75,14.56,14.75,0.0,0.0
2020-08-31,14.84,14.74,14.84,14.74,0.0,0.0
2020-09-01,14.67,14.73,14.67,14.73,0.0,0.0
2020-09-02,14.72,14.77,14.72,14.77,0.0,0.0
2020-09-03,14.84,14.51,14.84,14.51,0.0,0.0
2020-09-04,14.29,14.17,14.29,14.17,0.0,0.0
2020-09-07,14.01,13.94,14.01,13.94,0.0,0.0
2020-09-08,13.94,14.21,13.94,14.21,0.0,0.0
2020-09-09,14.06,13.91,14.06,13.91,0.0,0.0
2020-09-10,14.0,13.56,14.0,13.56,0.0,0.0
2020-09-11,13.47,13.62,13.47,13.62,0.0,0.0
2020-09-14,13.62,13.85,13.62,13.85,0.0,0.0
2020-09-15,13.83,13.73,13.83,13.73,0.0,0.0
2020-09-16,13.69,13.6,13.69,13.6,0.0,0.0
2020-09-17,13.56,13.56,13.56,13.56,0.0,0.0
2020-09-18,13.57,13.82,13.57,13.82,0.0,0.0
2020-09-21,13.81,13.74,13.81,13.74,0.0,0.0
2020-09-22,13.65,13.56,13.65,13.56,0.0,0.0
2020-09-23,13.63,13.57,13.63,13.57,0.0,0.0
2020-09-24,13.45,13.23,13.45,13.23,0.0,0.0
2020-09-25,13.31,13.17,13.31,13.17,0.0,0.0
2020-09-28,13.2,13.28,13.2,13.28,0.0,0.0
2020-09-29,13.32,13.56,13.32,13.56,0.0,0.0
2020-09-30,13.6,13.59,13.6,13.59,0.0,0.0
2020-10-09,13.81,13.85,13.81,13.85,0.0,0.0
2020-10-12,13.9,14.02,13.9,14.02,0.0,0.0
2020-10-13,14.0,13.93,14.0,13.93,0.0,0.0
2020-10-14,13.8,13.73,13.8,13.73,0.0,0.0
2020-10-15,13.75,13.75,13.75,13.75,0.0,0.0
2020-10-16,13.88,13.78,13.88,13.78,0.0,0.0
2020-10-19,13.9,13.86,13.9,13.86,0.0,0.0
2020-10-20,13.82,13.85,13.82,13.85,0.0,0.0
2020-10-21,13.82,13.64,13.82,13.64,0.0,0.0
2020-10-22,13.58,13.66,13.58,13.66,0.0,0.0
2020-10-23,13.67,13.59,13.67,13.59,0.0,0.0
2020-10-26,13.57,13.68,13.57,13.68,0.0,0.0
2020-10-27,13.59,13.87,13.59,13.87,0.0,0.0
2020-10-28,13.93,13.94,13.93,13.94,0.0,0.0
2020-10-29,13.76,13.96,13.76,13.96,0.0,0.0
2020-10-30,13.9,13.65,13.9,13.65,0.0,0.0
2020-11-02,13.4,13.16,13.4,13.16,0.0,0.0
2020-11-03,13.18,13.38,13.18,13.38,0.0,0.0
2020-11-04,13.4,13.47,13.4,13.47,0.0,0.0
2020-11-05,13.68,13.81,13.68,13.81,0.0,0.0
2020-11-06,13.85,14.0,13.85,14.0,0.0,0.0
2020-11-09,14.27,14.4,14.27,14.4,0.0,0.0
2020-11-10,14.35,15.06,14.35,15.06,0.0,0.0
2020-11-11,14.94,14.54,14.94,14.54,0.0,0.0
2020-11-12,14.51,14.48,14.51,14.48,0.0,0.0
2020-11-13,14.31,14.35,14.31,14.35,0.0,0.0
2020-11-16,14.45,14.28,14.45,14.28,0.0,0.0
2020-11-17,14.26,14.14,14.26,14.14,0.0,0.0
2020-11-18,14.14,14.4,14.14,14.4,0.0,0.0
2020-11-19,14.29,14.34,14.29,14.34,0.0,0.0
2020-11-20,14.35,14.25,14.35,14.25,0.0,0.0
2020-11-23,14.26,14.17,14.26,14.17,0.0,0.0
2020-11-24,14.15,14.17,14.15,14.17,0.0,0.0
2020-11-25,14.2,14.09,14.2,14.09,0.0,0.0
2020-11-26,14.06,14.0,14.06,14.0,0.0,0.0
2020-11-27,13.96,13.83,13.96,13.83,0.0,0.0
2020-11-30,13.77,13.81,13.77,13.81,0.0,0.0
2020-12-01,13.76,14.08,13.76,14.08,0.0,0.0
2020-12-02,14.1,14.05,14.1,14.05,0.0,0.0
2020-12-03,14.0,13.87,14.0,13.87,0.0,0.0
2020-12-04,13.8,13.84,13.8,13.84,0.0,0.0
2020-12-07,13.82,13.71,13.82,13.71,0.0,0.0
2020-12-08,13.85,14.14,13.85,14.14,0.0,0.0
2020-12-09,14.17,13.82,14.17,13.82,0.0,0.0
2020-12-10,13.76,13.43,13.76,13.43,0.0,0.0
2020-12-11,13.38,13.47,13.38,13.47,0.0,0.0
2020-12-14,13.52,13.54,13.52,13.54,0.0,0.0
2020-12-15,13.36,13.56,13.36,13.56,0.0,0.0
2020-12-16,13.56,13.53,13.56,13.53,0.0,0.0
2020-12-17,13.53,13.58,13.53,13.58,0.0,0.0
2020-12-18,13.63,13.65,13.63,13.65,0.0,0.0
2020-12-21,13.6,13.65,13.6,13.65,0.0,0.0
2020-12-22,13.58,13.27,13.58,13.27,0.0,0.0
2020-12-23,13.31,13.58,13.31,13.58,0.0,0.0
2020-12-24,13.63,13.38,13.63,13.38,0.0,0.0
2020-12-25,13.35,13.4,13.35,13.4,0.0,0.0
2020-12-28,13.42,13.27,13.42,13.27,0.0,0.0
2020-12-29,13.32,13.51,13.32,13.51,0.0,0.0
2020-12-30,13.49,13.67,13.49,13.67,0.0,0.0
2020-12-31,13.67,13.69,13.67,13.69,0.0,0.0
2021-01-04,13.7,13.8,13.7,13.8,0.0,0.0
2021-01-05,13.8,13.95,13.8,13.95,0.0,0.0
2021-01-06,13.96,13.87,13.96,13.87,0.0,0.0
2021-01-07,13.79,13.73,13.79,13.73,0.0,0.0
2021-01-08,13.86,14.24,13.86,14.24,0.0,0.0
2021-01-11,14.1,14.36,14.1,14.36,0.0,0.0
2021-01-12,14.3,14.57,14.3,14.57,0.0,0.0
2021-01-13,14.48,15.18,14.48,15.18,0.0,0.0
2021-01-14,15.15,15.67,15.15,15.67,0.0,0.0
2021-01-15,15.57,15.25,15.57,15.25,0.0,0.0
2021-01-18,15.26,15.88,15.26,15.88,0.0,0.0
2021-01-19,15.86,15.1,15.86,15.1,0.0,0.0
2021-01-20,15.35,15.14,15.35,15.14,0.0,0.0
2021-01-21,15.15,15.19,15.15,15.19,0.0,0.0
2021-01-22,15.09,14.75,15.09,14.75,0.0,0.0
2021-01-25,14.69,15.2,14.69,15.2,0.0,0.0
2021-01-26,15.02,14.82,15.02,14.82,0.0,0.0
2021-01-27,14.95,14.86,14.95,14.86,0.0,0.0
2021-01-28,14.61,14.21,14.61,14.21,0.0,0.0
2021-01-29,14.4,14.29,14.4,14.29,0.0,0.0
2021-02-01,14.05,13.9,14.05,13.9,0.0,0.0
2021-02-02,13.93,13.7,13.93,13.7,0.0,0.0
2021-02-03,13.67,13.27,13.67,13.27,0.0,0.0
2021-02-04,13.2,13.52,13.2,13.52,0.0,0.0
2021-02-05,13.51,13.21,13.51,13.21,0.0,0.0
2021-02-08,13.15,13.25,13.15,13.25,0.0,0.0
2021-02-09,13.3,13.62,13.3,13.62,0.0,0.0
2021-02-10,13.51,14.04,13.51,14.04,0.0,0.0
2021-02-18,14.12,13.96,14.12,13.96,0.0,0.0
2021-02-19,13.89,14.19,13.89,14.19,0.0,0.0
2021-02-22,14.25,13.97,14.25,13.97,0.0,0.0
2021-02-23,13.85,13.79,13.85,13.79,0.0,0.0
2021-02-24,13.81,14.05,13.81,14.05,0.0,0.0
2021-02-25,14.05,13.92,14.05,13.92,0.0,0.0
2021-02-26,13.77,13.81,13.77,13.81,0.0,0.0
2021-03-01,13.84,13.85,13.84,13.85,0.0,0.0
2021-03-02,13.9,13.58,13.9,13.58,0.0,0.0
2021-03-03,13.56,13.9,13.56,13.9,0.0,0.0
2021-03-04,13.8,13.63,13.8,13.63,0.0,0.0
2021-03-05,13.5,13.75,13.5,13.75,0.0,0.0
2021-03-08,13.76,13.7,13.76,13.7,0.0,0.0
2021-03-09,13.68,13.9,13.68,13.9,0.0,0.0
2021-03-10,13.98,13.73,13.98,13.73,0.0,0.0
2021-03-11,13.72,13.67,13.72,13.67,0.0,0.0
2021-03-12,13.69,13.53,13.69,13.53,0.0,0.0
2021-03-15,13.48,13.32,13.48,13.32,0.0,0.0
2021-03-16,13.34,13.47,13.34,13.47,0.0,0.0
2021-03-17,13.45,13.55,13.45,13.55,0.0,0.0
2021-03-18,13.57,13.52,13.57,13.52,0.0,0.0
2021-03-19,13.52,13.5,13.52,13.5,0.0,0.0
2021-03-22,13.48,13.55,13.48,13.55,0.0,0.0
2021-03-23,13.56,13.65,13.56,13.65,0.0,0.0
2021-03-24,13.66,13.86,13.66,13.86,0.0,0.0
2021-03-25,13.9,13.82,13.9,13.82,0.0,0.0
2021-03-26,13.8,14.04,13.8,14.04,0.0,0.0
2021-03-29,14.07,13.65,14.07,13.65,0.0,0.0
2021-03-30,13.74,14.36,13.74,14.36,0.0,0.0
2021-03-31,14.3,14.37,14.3,14.37,0.0,0.0
2021-04-01,14.41,14.42,14.41,14.42,0.0,0.0
2021-04-02,14.37,14.15,14.37,14.15,0.0,0.0
2021-04-06,14.33,14.16,14.33,14.16,0.0,0.0
2021-04-07,14.19,14.38,14.19,14.38,0.0,0.0
2021-04-08,14.34,14.36,14.34,14.36,0.0,0.0
2021-04-09,14.29,14.06,14.29,14.06,0.0,0.0
2021-04-12,14.05,14.06,14.05,14.06,0.0,0.0
2021-04-13,14.06,14.49,14.06,14.49,0.0,0.0
2021-04-14,14.59,14.5,14.59,14.5,0.0,0.0
2021-04-15,14.54,14.38,14.54,14.38,0.0,0.0
2021-04-16,14.29,14.4,14.29,14.4,0.0,0.0
2021-04-19,14.35,14.71,14.35,14.71,0.0,0.0
2021-04-20,14.65,14.38,14.65,14.38,0.0,0.0
2021-04-21,14.33,14.42,14.33,14.42,0.0,0.0
2021-04-22,14.43,14.18,14.43,14.18,0.0,0.0
2021-04-23,14.15,14.18,14.15,14.18,0.0,0.0
2021-04-26,14.21,14.35,14.21,14.35,0.0,0.0
2021-04-27,14.34,14.42,14.34,14.42,0.0,0.0
2021-04-28,14.43,14.55,14.43,14.55,0.0,0.0
2021-04-29,14.65,14.7,14.65,14.7,0.0,0.0
2021-04-30,14.65,13.76,14.65,13.76,0.0,0.0
2021-05-06,13.61,13.67,13.61,13.67,0.0,0.0
2021-05-07,13.67,13.45,13.67,13.45,0.0,0.0
2021-05-10,13.5,13.52,13.5,13.52,0.0,0.0
2021-05-11,13.45,13.49,13.45,13.49,0.0,0.0
2021-05-12,13.42,13.52,13.42,13.52,0.0,0.0
2021-05-13,13.44,13.38,13.44,13.38,0.0,0.0
2021-05-14,13.4,13.48,13.4,13.48,0.0,0.0
2021-05-17,13.46,13.3,13.46,13.3,0.0,0.0
2021-05-18,13.31,13.35,13.31,13.35,0.0,0.0
2021-05-19,13.3,13.21,13.3,13.21,0.0,0.0
2021-05-20,13.2,13.22,13.2,13.22,0.0,0.0
2021-05-21,13.21,13.11,13.21,13.11,0.0,0.0
2021-05-24,13.11,12.55,13.11,12.55,0.0,0.0
2021-05-25,12.56,12.64,12.56,12.64,0.0,0.0
2021-05-26,12.56,12.56,12.56,12.56,0.0,0.0
2021-05-27,12.53,12.62,12.53,12.62,0.0,0.0
2021-05-28,12.56,12.35,12.56,12.35,0.0,0.0
2021-05-31,12.38,12.42,12.38,12.42,0.0,0.0
2021-06-01,12.42,12.43,12.42,12.43,0.0,0.0
2021-06-02,12.42,12.22,12.42,12.22,0.0,0.0
2021-06-03,12.22,12.26,12.22,12.26,0.0,0.0
2021-06-04,12.21,12.22,12.21,12.22,0.0,0.0
2021-06-07,12.23,12.49,12.23,12.49,0.0,0.0
2021-06-08,12.56,12.51,12.56,12.51,0.0,0.0
2021-06-09,12.47,12.54,12.47,12.54,0.0,0.0
2021-06-10,12.51,12.56,12.51,12.56,0.0,0.0
2021-06-11,12.56,12.5,12.56,12.5,0.0,0.0
2021-06-15,12.5,12.55,12.5,12.55,0.0,0.0
2021-06-16,12.5,12.32,12.5,12.32,0.0,0.0
2021-06-17,12.31,12.45,12.31,12.45,0.0,0.0
2021-06-18,12.48,12.49,12.48,12.49,0.0,0.0
2021-06-21,12.4,12.38,12.4,12.38,0.0,0.0
2021-06-22,12.37,12.31,12.37,12.31,0.0,0.0
2021-06-23,12.32,12.56,12.32,12.56,0.0,0.0
2021-06-24,12.61,12.67,12.61,12.67,0.0,0.0
2021-06-25,12.69,12.61,12.69,12.61,0.0,0.0
2021-06-28,12.66,12.58,12.66,12.58,0.0,0.0
2021-06-29,12.58,12.41,12.58,12.41,0.0,0.0
2021-06-30,12.45,12.41,12.45,12.41,0.0,0.0
2021-07-01,12.42,12.3,12.42,12.3,0.0,0.0
2021-07-02,12.29,11.97,12.29,11.97,0.0,0.0
2021-07-05,11.95,12.19,11.95,12.19,0.0,0.0
2021-07-06,12.19,12.23,12.19,12.23,0.0,0.0
2021-07-07,12.19,12.15,12.19,12.15,0.0,0.0
2021-07-08,12.16,12.03,12.16,12.03,0.0,0.0
2021-07-09,12.02,11.95,12.02,11.95,0.0,0.0
2021-07-12,12.0,12.0,12.0,12.0,0.0,0.0
2021-07-13,12.02,12.04,12.02,12.04,0.0,0.0
2021-07-14,12.01,11.64,12.01,11.64,0.0,0.0
2021-07-15,11.66,11.75,11.66,11.75,0.0,0.0
2021-07-16,11.72,11.49,11.72,11.49,0.0,0.0
2021-07-19,11.5,11.56,11.5,11.56,0.0,0.0
2021-07-20,11.51,11.72,11.51,11.72,0.0,0.0
2021-07-21,11.7,11.77,11.7,11.77,0.0,0.0
2021-07-22,11.76,11.71,11.76,11.71,0.0,0.0
2021-07-23,11.7,11.76,11.7,11.76,0.0,0.0
2021-07-26,11.79,11.62,11.79,11.62,0.0,0.0
2021-07-27,11.43,11.28,11.43,11.28,0.0,0.0
2021-07-28,11.28,11.0,11.28,11.0,0.0,0.0
2021-07-29,11.05,10.99,11.05,10.99,0.0,0.0
2021-07-30,10.96,11.22,10.96,11.22,0.0,0.0
2021-08-02,11.22,11.81,11.22,11.81,0.0,0.0
2021-08-03,11.85,11.83,11.85,11.83,0.0,0.0
2021-08-04,11.79,11.91,11.79,11.91,0.0,0.0
2021-08-05,11.98,11.85,11.98,11.85,0.0,0.0
2021-08-06,11.83,11.83,11.83,11.83,0.0,0.0
2021-08-09,11.8,12.03,11.8,12.03,0.0,0.0
2021-08-10,12.05,12.14,12.05,12.14,0.0,0.0
2021-08-11,12.24,11.78,12.24,11.78,0.0,0.0
2021-08-12,11.76,11.75,11.76,11.75,0.0,0.0
2021-08-13,11.74,11.84,11.74,11.84,0.0,0.0
2021-08-16,11.87,12.27,11.87,12.27,0.0,0.0
2021-08-17,12.27,12.02,12.27,12.02,0.0,0.0
2021-08-18,12.01,12.25,12.01,12.25,0.0,0.0
2021-08-19,12.2,11.85,12.2,11.85,0.0,0.0
2021-08-20,11.88,11.88,11.88,11.88,0.0,0.0
2021-08-23,11.96,12.04,11.96,12.04,0.0,0.0
2021-08-24,12.15,12.05,12.15,12.05,0.0,0.0
2021-08-25,12.03,11.98,12.03,11.98,0.0,0.0
2021-08-26,11.96,11.69,11.96,11.69,0.0,0.0
2021-08-27,11.69,11.71,11.69,11.71,0.0,0.0
2021-08-30,11.75,11.51,11.75,11.51,0.0,0.0
2021-08-31,11.53,11.48,11.53,11.48,0.0,0.0
2021-09-01,11.48,11.71,11.48,11.71,0.0,0.0
2021-09-02,11.71,11.75,11.71,11.75,0.0,0.0
2021-09-03,11.8,12.0,11.8,12.0,0.0,0.0
2021-09-06,12.01,12.05,12.01,12.05,0.0,0.0
2021-09-07,12.05,12.17,12.05,12.17,0.0,0.0
2021-09-08,12.17,12.19,12.17,12.19,0.0,0.0
2021-09-09,12.24,12.18,12.24,12.18,0.0,0.0
2021-09-10,12.17,12.2,12.17,12.2,0.0,0.0
2021-09-13,12.22,12.17,12.22,12.17,0.0,0.0
2021-09-14,12.12,11.94,12.12,11.94,0.0,0.0
2021-09-15,11.93,11.8,11.93,11.8,0.0,0.0
2021-09-16,11.8,11.75,11.8,11.75,0.0,0.0
2021-09-17,11.75,11.75,11.75,11.75,0.0,0.0
2021-09-22,11.68,11.69,11.68,11.69,0.0,0.0
2021-09-23,11.99,12.08,11.99,12.08,0.0,0.0
2021-09-24,12.0,11.86,12.0,11.86,0.0,0.0
2021-09-27,11.9,11.87,11.9,11.87,0.0,0.0
2021-09-28,11.81,11.8,11.81,11.8,0.0,0.0
2021-09-29,11.8,11.84,11.8,11.84,0.0,0.0
2021-09-30,11.84,11.62,11.84,11.62,0.0,0.0
2021-10-08,11.74,12.12,11.74,12.12,0.0,0.0
2021-10-11,12.12,12.13,12.12,12.13,0.0,0.0
2021-10-12,12.17,11.88,12.17,11.88,0.0,0.0
2021-10-13,11.88,11.89,11.88,11.89,0.0,0.0
2021-10-14,11.87,11.86,11.87,11.86,0.0,0.0
2021-10-15,11.86,11.73,11.86,11.73,0.0,0.0
2021-10-18,11.82,11.58,11.82,11.58,0.0,0.0
2021-10-19,11.62,11.64,11.62,11.64,0.0,0.0
2021-10-20,11.65,11.59,11.65,11.59,0.0,0.0
2021-10-21,11.6,11.49,11.6,11.49,0.0,0.0
2021-10-22,11.49,11.54,11.49,11.54,0.0,0.0
2021-10-25,11.48,11.38,11.48,11.38,0.0,0.0
2021-10-26,11.42,11.43,11.42,11.43,0.0,0.0
2021-10-27,11.46,11.28,11.46,11.28,0.0,0.0
2021-10-28,11.13,11.16,11.13,11.16,0.0,0.0
2021-10-29,11.21,11.35,11.21,11.35,0.0,0.0
2021-11-01,11.3,11.44,11.3,11.44,0.0,0.0
2021-11-02,11.5,11.43,11.5,11.43,0.0,0.0
2021-11-03,11.38,11.47,11.38,11.47,0.0,0.0
2021-11-04,11.52,11.62,11.52,11.62,0.0,0.0
2021-11-05,11.6,11.69,11.6,11.69,0.0,0.0
2021-11-08,11.68,11.65,11.68,11.65,0.0,0.0
2021-11-09,11.65,11.59,11.65,11.59,0.0,0.0
2021-11-10,11.62,11.54,11.62,11.54,0.0,0.0
2021-11-11,11.52,11.73,11.52,11.73,0.0,0.0
2021-11-12,11.74,11.72,11.74,11.72,0.0,0.0
2021-11-15,11.72,11.87,11.72,11.87,0.0,0.0
2021-11-16,11.87,11.81,11.87,11.81,0.0,0.0
2021-11-17,11.79,11.74,11.79,11.74,0.0,0.0
2021-11-18,11.74,11.62,11.74,11.62,0.0,0.0
2021-11-19,11.6,11.91,11.6,11.91,0.0,0.0
2021-11-22,11.92,11.86,11.92,11.86,0.0,0.0
2021-11-23,11.86,11.73,11.86,11.73,0.0,0.0
2021-11-24,11.74,11.71,11.74,11.71,0.0,0.0
2021-11-25,11.74,11.63,11.74,11.63,0.0,0.0
2021-11-26,11.63,11.17,11.63,11.17,0.0,0.0
2021-11-29,11.09,10.98,11.09,10.98,0.0,0.0
2021-11-30,11.01,11.17,11.01,11.17,0.0,0.0
2021-12-01,11.18,11.26,11.18,11.26,0.0,0.0
2021-12-02,11.21,11.2,11.21,11.2,0.0,0.0
2021-12-03,11.19,11.25,11.19,11.25,0.0,0.0
2021-12-06,11.22,11.28,11.22,11.28,0.0,0.0
2021-12-07,11.32,11.35,11.32,11.35,0.0,0.0
2021-12-08,11.37,11.56,11.37,11.56,0.0,0.0
2021-12-09,11.5,11.77,11.5,11.77,0.0,0.0
2021-12-10,11.75,11.89,11.75,11.89,0.0,0.0
2021-12-13,11.88,11.98,11.88,11.98,0.0,0.0
2021-12-14,11.96,11.97,11.96,11.97,0.0,0.0
2021-12-15,11.93,11.87,11.93,11.87,0.0,0.0
2021-12-16,11.92,12.05,11.92,12.05,0.0,0.0
2021-12-17,12.04,12.14,12.04,12.14,0.0,0.0
2021-12-20,12.14,12.1,12.14,12.1,0.0,0.0
2021-12-21,12.1,12.15,12.1,12.15,0.0,0.0
2021-12-22,12.0,11.91,12.0,11.91,0.0,0.0
2021-12-23,11.88,12.03,11.88,12.03,0.0,0.0
2021-12-24,12.0,11.98,12.0,11.98,0.0,0.0
2021-12-27,11.98,12.08,11.98,12.08,0.0,0.0
2021-12-28,12.08,12.05,12.08,12.05,0.0,0.0
2021-12-29,12.0,11.9,12.0,11.9,0.0,0.0
2021-12-30,11.91,11.9,11.91,11.9,0.0,0.0
2021-12-31,11.92,11.92,11.92,11.92,0.0,0.0
2022-01-04,11.93,12.04,11.93,12.04,0.0,0.0
2022-01-05,12.03,12.11,12.03,12.11,0.0,0.0
2022-01-06,12.13,11.89,12.13,11.89,0.0,0.0
2022-01-07,11.92,11.83,11.92,11.83,0.0,0.0
2022-01-10,11.81,11.96,11.81,11.96,0.0,0.0
2022-01-11,11.93,11.85,11.93,11.85,0.0,0.0
2022-01-12,11.85,11.82,11.85,11.82,0.0,0.0
2022-01-13,11.86,11.55,11.86,11.55,0.0,0.0
2022-01-14,11.47,11.34,11.47,11.34,0.0,0.0
2022-01-17,11.34,11.42,11.34,11.42,0.0,0.0
2022-01-18,11.45,11.72,11.45,11.72,0.0,0.0
2022-01-19,11.72,11.64,11.72,11.64,0.0,0.0
2022-01-20,11.69,11.77,11.69,11.77,0.0,0.0
2022-01-21,11.71,11.61,11.71,11.61,0.0,0.0
2022-01-24,11.55,11.49,11.55,11.49,0.0,0.0
2022-01-25,11.56,11.31,11.56,11.31,0.0,0.0
2022-01-26,11.31,11.25,11.31,11.25,0.0,0.0
2022-01-27,11.25,11.13,11.25,11.13,0.0,0.0
2022-01-28,11.14,11.11,11.14,11.11,0.0,0.0
2022-02-07,11.2,11.16,11.2,11.16,0.0,0.0
2022-02-08,11.15,11.29,11.15,11.29,0.0,0.0
2022-02-09,11.31,11.35,11.31,11.35,0.0,0.0
2022-02-10,11.37,11.41,11.37,11.41,0.0,0.0
2022-02-11,11.41,11.33,11.41,11.33,0.0,0.0
2022-02-14,11.27,11.26,11.27,11.26,0.0,0.0
2022-02-15,11.23,11.24,11.23,11.24,0.0,0.0
2022-02-16,11.3,11.27,11.3,11.27,0.0,0.0
2022-02-17,11.25,11.25,11.25,11.25,0.0,0.0
2022-02-18,11.24,11.29,11.24,11.29,0.0,0.0
2022-02-21,11.27,11.4,11.27,11.4,0.0,0.0
2022-02-22,11.34,11.27,11.34,11.27,0.0,0.0
2022-02-23,11.27,11.34,11.27,11.34,0.0,0.0
2022-02-24,11.31,11.2,11.31,11.2,0.0,0.0
2022-02-25,11.2,11.2,11.2,11.2,0.0,0.0
2022-02-28,11.18,11.17,11.18,11.17,0.0,0.0
2022-03-01,11.16,11.17,11.16,11.17,0.0,0.0
2022-03-02,11.15,11.21,11.15,11.21,0.0,0.0
2022-03-03,11.23,11.2,11.23,11.2,0.0,0.0
2022-03-04,11.13,11.14,11.13,11.14,0.0,0.0
2022-03-07,11.08,10.82,11.08,10.82,0.0,0.0
2022-03-08,10.77,10.6,10.77,10.6,0.0,0.0
2022-03-09,10.63,10.4,10.63,10.4,0.0,0.0
2022-03-10,10.55,10.35,10.55,10.35,0.0,0.0
2022-03-11,10.23,10.28,10.23,10.28,0.0,0.0
2022-03-14,10.15,10.18,10.15,10.18,0.0,0.0
2022-03-15,10.19,9.75,10.19,9.75,0.0,0.0
2022-03-16,9.85,9.89,9.85,9.89,0.0,0.0
2022-03-17,10.0,10.11,10.0,10.11,0.0,0.0
2022-03-18,10.1,10.2,10.1,10.2,0.0,0.0
2022-03-21,10.22,10.1,10.22,10.1,0.0,0.0
2022-03-22,10.13,10.19,10.13,10.19,0.0,0.0
2022-03-23,10.45,10.39,10.45,10.39,0.0,0.0
2022-03-24,10.42,10.39,10.42,10.39,0.0,0.0
2022-03-25,10.39,10.22,10.39,10.22,0.0,0.0
2022-03-28,10.09,10.24,10.09,10.24,0.0,0.0
2022-03-29,10.24,10.08,10.24,10.08,0.0,0.0
2022-03-30,10.12,10.2,10.12,10.2,0.0,0.0
2022-03-31,10.15,10.15,10.15,10.15,0.0,0.0
2022-04-01,10.07,10.18,10.07,10.18,0.0,0.0
2022-04-06,10.15,10.2,10.15,10.2,0.0,0.0
2022-04-07,10.17,10.06,10.17,10.06,0.0,0.0
2022-04-08,10.06,10.15,10.06,10.15,0.0,0.0
2022-04-11,10.11,9.93,10.11,9.93,0.0,0.0
2022-04-12,9.93,10.04,9.93,10.04,0.0,0.0
2022-04-13,10.0,10.0,10.0,10.0,0.0,0.0
2022-04-14,10.13,10.1,10.13,10.1,0.0,0.0
2022-04-15,10.04,10.04,10.04,10.04,0.0,0.0
2022-04-18,10.0,9.98,10.0,9.98,0.0,0.0
2022-04-19,9.98,9.89,9.98,9.89,0.0,0.0
2022-04-20,9.93,9.85,9.93,9.85,0.0,0.0
2022-04-21,9.87,9.78,9.87,9.78,0.0,0.0
2022-04-22,9.77,9.72,9.77,9.72,0.0,0.0
2022-04-25,9.6,9.11,9.6,9.11,0.0,0.0
2022-04-26,9.17,9.19,9.17,9.19,0.0,0.0
2022-04-27,9.09,9.37,9.09,9.37,0.0,0.0
2022-04-28,9.31,9.42,9.31,9.42,0.0,0.0
2022-04-29,9.46,9.52,9.46,9.52,0.0,0.0
2022-05-05,9.56,9.6,9.56,9.6,0.0,0.0
2022-05-06,9.43,9.19,9.43,9.19,0.0,0.0
2022-05-09,9.19,9.21,9.19,9.21,0.0,0.0
2022-05-10,9.11,9.34,9.11,9.34,0.0,0.0
2022-05-11,9.37,9.39,9.37,9.39,0.0,0.0
2022-05-12,9.35,9.38,9.35,9.38,0.0,0.0
2022-05-13,9.43,9.38,9.43,9.38,0.0,0.0
2022-05-16,9.44,9.3,9.44,9.3,0.0,0.0
2022-05-17,9.33,9.39,9.33,9.39,0.0,0.0
2022-05-18,9.4,9.42,9.4,9.42,0.0,0.0
2022-05-19,9.33,9.35,9.33,9.35,0.0,0.0
2022-05-20,9.4,9.46,9.4,9.46,0.0,0.0
2022-05-23,9.51,9.43,9.51,9.43,0.0,0.0
2022-05-24,9.41,9.1,9.41,9.1,0.0,0.0
2022-05-25,9.11,9.14,9.11,9.14,0.0,0.0
2022-05-26,9.13,9.22,9.13,9.22,0.0,0.0
2022-05-27,9.23,9.24,9.23,9.24,0.0,0.0
2022-05-30,9.24,9.17,9.24,9.17,0.0,0.0
2022-05-31,9.17,9.41,9.17,9.41,0.0,0.0
2022-06-01,9.35,9.37,9.35,9.37,0.0,0.0
2022-06-02,9.31,9.4,9.31,9.4,0.0,0.0
2022-06-06,9.39,9.43,9.39,9.43,0.0,0.0
2022-06-07,9.44,9.43,9.44,9.43,0.0,0.0
2022-06-08,9.45,9.42,9.45,9.42,0.0,0.0
2022-06-09,9.4,9.33,9.4,9.33,0.0,0.0
2022-06-10,9.27,9.6,9.27,9.6,0.0,0.0
2022-06-13,9.55,9.39,9.55,9.39,0.0,0.0
2022-06-14,9.31,9.38,9.31,9.38,0.0,0.0
2022-06-15,9.34,9.64,9.34,9.64,0.0,0.0
2022-06-16,9.68,9.58,9.68,9.58,0.0,0.0
2022-06-17,9.53,9.69,9.53,9.69,0.0,0.0
2022-06-20,9.74,9.69,9.74,9.69,0.0,0.0
2022-06-21,9.69,9.72,9.69,9.72,0.0,0.0
2022-06-22,9.71,9.55,9.71,9.55,0.0,0.0
2022-06-23,9.55,9.67,9.55,9.67,0.0,0.0
2022-06-24,9.7,9.75,9.7,9.75,0.0,0.0
2022-06-27,9.75,9.77,9.75,9.77,0.0,0.0
2022-06-28,9.76,9.9,9.76,9.9,0.0,0.0
2022-06-29,9.9,9.84,9.9,9.84,0.0,0.0
2022-06-30,9.83,9.84,9.83,9.84,0.0,0.0
2022-07-01,9.83,9.78,9.83,9.78,0.0,0.0
2022-07-04,9.77,9.76,9.77,9.76,0.0,0.0
2022-07-05,9.76,9.69,9.76,9.69,0.0,0.0
2022-07-06,9.68,9.61,9.68,9.61,0.0,0.0
2022-07-07,9.56,9.59,9.56,9.59,0.0,0.0
2022-07-08,9.62,9.74,9.62,9.74,0.0,0.0
2022-07-11,9.76,9.64,9.76,9.64,0.0,0.0
2022-07-12,9.6,9.63,9.6,9.63,0.0,0.0
2022-07-13,9.64,9.64,9.64,9.64,0.0,0.0
2022-07-14,9.66,9.55,9.66,9.55,0.0,0.0
2022-07-15,9.52,9.35,9.52,9.35,0.0,0.0
2022-07-18,9.36,9.67,9.36,9.67,0.0,0.0
2022-07-19,9.63,9.8,9.63,9.8,0.0,0.0
2022-07-20,9.87,9.94,9.87,9.94,0.0,0.0
2022-07-21,9.9,10.07,9.9,10.07,0.0,0.0
2022-07-22,10.04,10.0,10.04,10.0,0.0,0.0
2022-07-25,10.0,9.95,10.0,9.95,0.0,0.0
2022-07-26,9.98,10.0,9.98,10.0,0.0,0.0
2022-07-27,9.99,9.94,9.99,9.94,0.0,0.0
2022-07-28,9.99,10.11,9.99,10.11,0.0,0.0
2022-07-29,10.1,10.05,10.1,10.05,0.0,0.0
2022-08-01,10.03,10.06,10.03,10.06,0.0,0.0
2022-08-02,10.0,9.91,10.0,9.91,0.0,0.0
2022-08-03,9.91,9.72,9.91,9.72,0.0,0.0
2022-08-04,9.77,9.89,9.77,9.89,0.0,0.0
2022-08-05,9.41,9.59,9.41,9.59,0.0,0.0
2022-08-08,9.59,9.62,9.59,9.62,0.0,0.0
2022-08-09,9.6,9.69,9.6,9.69,0.0,0.0
2022-08-10,9.69,9.57,9.69,9.57,0.0,0.0
2022-08-11,9.6,9.81,9.6,9.81,0.0,0.0
2022-08-12,9.77,9.67,9.77,9.67,0.0,0.0
2022-08-15,9.66,9.56,9.66,9.56,0.0,0.0
2022-08-16,9.58,9.48,9.58,9.48,0.0,0.0
2022-08-17,9.46,9.65,9.46,9.65,0.0,0.0
2022-08-18,9.62,9.61,9.62,9.61,0.0,0.0
2022-08-19,9.52,9.52,9.52,9.52,0.0,0.0
2022-08-22,9.43,9.52,9.43,9.52,0.0,0.0
2022-08-23,9.48,9.44,9.48,9.44,0.0,0.0
2022-08-24,9.42,9.37,9.42,9.37,0.0,0.0
2022-08-25,9.32,9.31,9.32,9.31,0.0,0.0
2022-08-26,9.36,9.36,9.36,9.36,0.0,0.0
2022-08-29,9.26,9.24,9.26,9.24,0.0,0.0
2022-08-30,9.27,9.2,9.27,9.2,0.0,0.0
2022-08-31,9.18,9.29,9.18,9.29,0.0,0.0
2022-09-01,9.22,9.22,9.22,9.22,0.0,0.0
2022-09-02,9.22,9.31,9.22,9.31,0.0,0.0
2022-09-05,9.3,9.33,9.3,9.33,0.0,0.0
2022-09-06,9.31,9.44,9.31,9.44,0.0,0.0
2022-09-07,9.43,9.39,9.43,9.39,0.0,0.0
2022-09-08,9.43,9.44,9.43,9.44,0.0,0.0
2022-09-09,9.47,9.47,9.47,9.47,0.0,0.0
2022-09-13,9.51,9.49,9.51,9.49,0.0,0.0
2022-09-14,9.46,9.38,9.46,9.38,0.0,0.0
2022-09-15,9.39,9.38,9.39,9.38,0.0,0.0
2022-09-16,9.34,9.12,9.34,9.12,0.0,0.0
2022-09-19,9.12,8.89,9.12,8.89,0.0,0.0
2022-09-20,8.92,8.74,8.92,8.74,0.0,0.0
2022-09-21,8.73,8.75,8.73,8.75,0.0,0.0
2022-09-22,8.7,8.68,8.7,8.68,0.0,0.0
2022-09-23,8.7,8.69,8.7,8.69,0.0,0.0
2022-09-26,8.6,8.55,8.6,8.55,0.0,0.0
2022-09-27,8.54,8.65,8.54,8.65,0.0,0.0
2022-09-28,8.62,8.56,8.62,8.56,0.0,0.0
2022-09-29,8.67,8.38,8.67,8.38,0.0,0.0
2022-09-30,8.41,8.52,8.41,8.52,0.0,0.0
2022-10-10,8.6,8.16,8.6,8.16,0.0,0.0
2022-10-11,8.24,8.18,8.24,8.18,0.0,0.0
2022-10-12,8.16,8.31,8.16,8.31,0.0,0.0
2022-10-13,8.25,8.35,8.25,8.35,0.0,0.0
2022-10-14,8.41,8.44,8.41,8.44,0.0,0.0
2022-10-17,8.44,8.52,8.44,8.52,0.0,0.0
2022-10-18,8.54,8.5,8.54,8.5,0.0,0.0
2022-10-19,8.49,8.4,8.49,8.4,0.0,0.0
2022-10-20,8.38,8.5,8.38,8.5,0.0,0.0
2022-10-21,8.5,8.47,8.5,8.47,0.0,0.0
2022-10-24,8.4,8.29,8.4,8.29,0.0,0.0
2022-10-25,8.4,8.38,8.4,8.38,0.0,0.0
2022-10-26,8.34,8.3,8.34,8.3,0.0,0.0
2022-10-27,8.31,8.39,8.31,8.39,0.0,0.0
2022-10-28,8.43,8.28,8.43,8.28,0.0,0.0
2022-10-31,7.87,8.2,7.87,8.2,0.0,0.0
2022-11-01,8.29,8.56,8.29,8.56,0.0,0.0
2022-11-02,8.49,8.66,8.49,8.66,0.0,0.0
2022-11-03,8.68,8.63,8.68,8.63,0.0,0.0
2022-11-04,8.58,8.69,8.58,8.69,0.0,0.0
2022-11-07,8.69,8.69,8.69,8.69,0.0,0.0
2022-11-08,8.66,8.72,8.66,8.72,0.0,0.0
2022-11-09,8.69,8.64,8.69,8.64,0.0,0.0
2022-11-10,8.63,8.62,8.63,8.62,0.0,0.0
2022-11-11,8.75,8.84,8.75,8.84,0.0,0.0
2022-11-14,8.88,8.95,8.88,8.95,0.0,0.0
2022-11-15,8.96,9.05,8.96,9.05,0.0,0.0
2022-11-16,9.01,8.99,9.01,8.99,0.0,0.0
2022-11-17,8.96,9.01,8.96,9.01,0.0,0.0
2022-11-18,9.05,8.95,9.05,8.95,0.0,0.0
2022-11-21,8.9,9.0,8.9,9.0,0.0,0.0
2022-11-22,9.06,9.1,9.06,9.1,0.0,0.0
2022-11-23,9.11,9.05,9.11,9.05,0.0,0.0
2022-11-24,9.05,8.96,9.05,8.96,0.0,0.0
2022-11-25,8.95,9.05,8.95,9.05,0.0,0.0
2022-11-28,8.9,8.76,8.9,8.76,0.0,0.0
2022-11-29,8.83,9.11,8.83,9.11,0.0,0.0
2022-11-30,9.12,9.15,9.12,9.15,0.0,0.0
2022-12-01,9.21,9.19,9.21,9.19,0.0,0.0
2022-12-02,9.17,9.14,9.17,9.14,0.0,0.0
2022-12-05,9.29,9.28,9.29,9.28,0.0,0.0
2022-12-06,9.22,9.44,9.22,9.44,0.0,0.0
2022-12-07,9.46,9.42,9.46,9.42,0.0,0.0
2022-12-08,9.41,9.42,9.41,9.42,0.0,0.0
2022-12-09,9.4,9.46,9.4,9.46,0.0,0.0
2022-12-12,9.43,9.46,9.43,9.46,0.0,0.0
2022-12-13,9.48,9.45,9.48,9.45,0.0,0.0
2022-12-14,9.48,9.42,9.48,9.42,0.0,0.0
2022-12-15,9.42,9.46,9.42,9.46,0.0,0.0
2022-12-16,9.41,9.5,9.41,9.5,0.0,0.0
2022-12-19,9.52,9.37,9.52,9.37,0.0,0.0
2022-12-20,9.32,9.29,9.32,9.29,0.0,0.0
2022-12-21,9.29,9.35,9.29,9.35,0.0,0.0
2022-12-22,9.47,9.29,9.47,9.29,0.0,0.0
2022-12-23,9.26,9.18,9.26,9.18,0.0,0.0
2022-12-26,9.22,9.16,9.22,9.16,0.0,0.0
2022-12-27,9.22,9.21,9.22,9.21,0.0,0.0
2022-12-28,9.23,9.17,9.23,9.17,0.0,0.0
2022-12-29,9.18,9.07,9.18,9.07,0.0,0.0
2022-12-30,9.11,9.18,9.11,9.18,0.0,0.0
2023-01-03,9.14,9.31,9.14,9.31,0.0,0.0
2023-01-04,9.39,9.35,9.39,9.35,0.0,0.0
2023-01-05,9.45,9.49,9.45,9.49,0.0,0.0
2023-01-06,9.48,9.38,9.48,9.38,0.0,0.0
2023-01-09,9.48,9.51,9.48,9.51,0.0,0.0
2023-01-10,9.49,9.4,9.49,9.4,0.0,0.0
2023-01-11,9.45,9.36,9.45,9.36,0.0,0.0
2023-01-12,9.4,9.32,9.4,9.32,0.0,0.0
2023-01-13,9.35,9.43,9.35,9.43,0.0,0.0
2023-01-16,9.44,9.5,9.44,9.5,0.0,0.0
2023-01-17,9.52,9.52,9.52,9.52,0.0,0.0
2023-01-18,9.53,9.53,9.53,9.53,0.0,0.0
2023-01-19,9.49,9.53,9.49,9.53,0.0,0.0
2023-01-20,9.55,9.53,9.55,9.53,0.0,0.0
2023-01-30,9.67,9.64,9.67,9.64,0.0,0.0
2023-01-31,9.7,9.51,9.7,9.51,0.0,0.0
2023-02-01,9.54,9.58,9.54,9.58,0.0,0.0
2023-02-02,9.6,9.55,9.6,9.55,0.0,0.0
2023-02-03,9.5,9.36,9.5,9.36,0.0,0.0
2023-02-06,9.31,9.33,9.31,9.33,0.0,0.0
2023-02-07,9.38,9.27,9.38,9.27,0.0,0.0
2023-02-08,9.3,9.26,9.3,9.26,0.0,0.0
2023-02-09,9.24,9.45,9.24,9.45,0.0,0.0
2023-02-10,9.42,9.78,9.42,9.78,0.0,0.0
2023-02-13,9.72,9.66,9.72,9.66,0.0,0.0
2023-02-14,9.64,9.7,9.64,9.7,0.0,0.0
2023-02-15,9.71,10.05,9.71,10.05,0.0,0.0
2023-02-16,10.08,9.89,10.08,9.89,0.0,0.0
2023-02-17,9.87,9.71,9.87,9.71,0.0,0.0
2023-02-20,9.71,9.91,9.71,9.91,0.0,0.0
2023-02-21,9.88,9.88,9.88,9.88,0.0,0.0
2023-02-22,9.81,9.75,9.81,9.75,0.0,0.0
2023-02-23,9.83,9.7,9.83,9.7,0.0,0.0
2023-02-24,9.66,9.62,9.66,9.62,0.0,0.0
2023-02-27,9.58,9.52,9.58,9.52,0.0,0.0
2023-02-28,9.61,9.6,9.61,9.6,0.0,0.0
2023-03-01,9.61,9.96,9.61,9.96,0.0,0.0
2023-03-02,9.97,10.34,9.97,10.34,0.0,0.0
2023-03-03,10.28,11.37,10.28,11.37,0.0,0.0
2023-03-06,11.5,11.06,11.5,11.06,0.0,0.0
2023-03-07,11.06,10.51,11.06,10.51,0.0,0.0
2023-03-08,10.43,10.57,10.43,10.57,0.0,0.0
2023-03-09,10.7,11.15,10.7,11.15,0.0,0.0
2023-03-10,11.0,10.85,11.0,10.85,0.0,0.0
2023-03-13,10.88,11.61,10.88,11.61,0.0,0.0
2023-03-14,11.6,11.76,11.6,11.76,0.0,0.0
2023-03-15,11.96,12.07,11.96,12.07,0.0,0.0
2023-03-16,12.0,12.35,12.0,12.35,0.0,0.0
2023-03-17,12.55,13.59,12.55,13.59,0.0,0.0
2023-03-20,14.39,14.88,14.39,14.88,0.0,0.0
2023-03-21,14.89,14.6,14.89,14.6,0.0,0.0
2023-03-22,15.0,16.06,15.0,16.06,0.0,0.0
2023-03-23,16.69,16.99,16.69,16.99,0.0,0.0
2023-03-24,16.85,17.66,16.85,17.66,0.0,0.0
2023-03-27,17.08,17.63,17.08,17.63,0.0,0.0
2023-03-28,17.08,16.45,17.08,16.45,0.0,0.0
2023-03-29,16.7,16.16,16.7,16.16,0.0,0.0
2023-03-30,16.21,16.88,16.21,16.88,0.0,0.0
2023-03-31,16.7,17.22,16.7,17.22,0.0,0.0
2023-04-03,17.09,17.76,17.09,17.76,0.0,0.0
2023-04-04,17.24,17.41,17.24,17.41,0.0,0.0
2023-04-06,18.0,19.0,18.0,19.0,0.0,0.0
2023-04-07,18.78,18.37,18.78,18.37,0.0,0.0
2023-04-10,18.06,17.47,18.06,17.47,0.0,0.0
2023-04-11,17.64,17.35,17.64,17.35,0.0,0.0
2023-04-12,17.52,18.42,17.52,18.42,0.0,0.0
2023-04-13,18.25,17.66,18.25,17.66,0.0,0.0
2023-04-14,17.58,18.07,17.58,18.07,0.0,0.0
2023-04-17,17.99,17.93,17.99,17.93,0.0,0.0
2023-04-18,17.88,19.19,17.88,19.19,0.0,0.0
2023-04-19,19.08,17.27,19.08,17.27,0.0,0.0
2023-04-20,17.27,19.0,17.27,19.0,0.0,0.0
2023-04-21,19.5,18.79,19.5,18.79,0.0,0.0
2023-04-24,18.84,18.33,18.84,18.33,0.0,0.0
2023-04-25,18.06,18.5,18.06,18.5,0.0,0.0
2023-04-26,18.78,16.65,18.78,16.65,0.0,0.0
2023-04-27,15.9,16.1,15.9,16.1,0.0,0.0
2023-04-28,16.13,16.12,16.13,16.12,0.0,0.0
2023-05-04,15.98,15.38,15.98,15.38,0.0,0.0
2023-05-05,15.33,14.77,15.33,14.77,0.0,0.0
2023-05-08,14.73,14.68,14.73,14.68,0.0,0.0
2023-05-09,14.68,14.7,14.68,14.7,0.0,0.0
2023-05-10,14.7,14.6,14.7,14.6,0.0,0.0
2023-05-11,14.51,14.46,14.51,14.46,0.0,0.0
2023-05-12,14.34,14.36,14.34,14.36,0.0,0.0
2023-05-15,14.62,15.12,14.62,15.12,0.0,0.0
2023-05-16,15.09,14.78,15.09,14.78,0.0,0.0
2023-05-17,14.85,15.55,14.85,15.55,0.0,0.0
2023-05-18,15.91,16.35,15.91,16.35,0.0,0.0
2023-05-19,16.5,16.16,16.5,16.16,0.0,0.0
2023-05-22,16.01,15.41,16.01,15.41,0.0,0.0
2023-05-23,15.38,15.23,15.38,15.23,0.0,0.0
2023-05-24,15.14,14.82,15.14,14.82,0.0,0.0
2023-05-25,16.0,16.3,16.0,16.3,0.0,0.0
2023-05-26,16.33,16.79,16.33,16.79,0.0,0.0
2023-05-29,17.29,17.9,17.29,17.9,0.0,0.0
2023-05-30,17.42,18.03,17.42,18.03,0.0,0.0
2023-05-31,18.11,18.05,18.11,18.05,0.0,0.0
2023-06-01,17.6,17.92,17.6,17.92,0.0,0.0
2023-06-02,18.2,17.83,18.2,17.83,0.0,0.0
2023-06-05,18.06,18.93,18.06,18.93,0.0,0.0
2023-06-06,18.6,18.22,18.6,18.22,0.0,0.0
2023-06-07,18.2,18.03,18.2,18.03,0.0,0.0
2023-06-08,17.9,17.85,17.9,17.85,0.0,0.0
2023-06-09,17.85,19.64,17.85,19.64,0.0,0.0
2023-06-12,20.31,21.35,20.31,21.35,0.0,0.0
2023-06-13,21.2,22.02,21.2,22.02,0.0,0.0
2023-06-14,21.75,22.79,21.75,22.79,0.0,0.0
2023-06-15,22.6,22.64,22.6,22.64,0.0,0.0
2023-06-16,22.64,24.06,22.64,24.06,0.0,0.0
2023-06-19,24.5,26.46,24.5,26.46,0.0,0.0
2023-06-20,25.87,26.03,25.87,26.03,0.0,0.0
2023-06-21,25.5,24.5,25.5,24.5,0.0,0.0
2023-06-26,23.9,23.09,23.9,23.09,0.0,0.0
2023-06-27,23.41,23.01,23.41,23.01,0.0,0.0
2023-06-28,21.99,22.98,21.99,22.98,0.0,0.0
2023-06-29,23.01,23.8,23.01,23.8,0.0,0.0
2023-06-30,23.55,25.2,23.55,25.2,0.0,0.0
2023-07-03,25.4,24.37,25.4,24.37,0.0,0.0
2023-07-04,24.0,24.58,24.0,24.58,0.0,0.0
2023-07-05,24.3,23.86,24.3,23.86,0.0,0.0
2023-07-06,23.6,23.88,23.6,23.88,0.0,0.0
2023-07-07,23.8,23.66,23.8,23.66,0.0,0.0
2023-07-10,24.0,23.8,24.0,23.8,0.0,0.0
2023-07-11,24.0,24.24,24.0,24.24,0.0,0.0
2023-07-12,24.0,22.53,24.0,22.53,0.0,0.0
2023-07-13,22.98,24.78,22.98,24.78,0.0,0.0
2023-07-14,25.71,27.26,25.71,27.26,0.0,0.0
2023-07-17,26.89,26.11,26.89,26.11,0.0,0.0
2023-07-18,26.08,25.53,26.08,25.53,0.0,0.0
2023-07-19,25.92,25.09,25.92,25.09,0.0,0.0
2023-07-20,24.9,23.25,24.9,23.25,0.0,0.0
2023-07-21,23.04,23.04,23.04,23.04,0.0,0.0
2023-07-24,22.79,23.66,22.79,23.66,0.0,0.0
2023-07-25,24.05,24.0,24.05,24.0,0.0,0.0
2023-07-26,23.5,23.25,23.5,23.25,0.0,0.0
2023-07-27,23.13,22.68,23.13,22.68,0.0,0.0
2023-07-28,22.3,22.26,22.3,22.26,0.0,0.0
2023-07-31,22.25,22.33,22.25,22.33,0.0,0.0
2023-08-01,22.2,22.67,22.2,22.67,0.0,0.0
2023-08-02,22.25,22.32,22.25,22.32,0.0,0.0
2023-08-03,21.86,22.5,21.86,22.5,0.0,0.0
2023-08-04,22.1,23.77,22.1,23.77,0.0,0.0
2023-08-07,23.7,24.98,23.7,24.98,0.0,0.0
2023-08-08,24.6,24.18,24.6,24.18,0.0,0.0
2023-08-09,23.3,22.25,23.3,22.25,0.0,0.0
2023-08-10,21.99,21.5,21.99,21.5,0.0,0.0
2023-08-11,21.72,21.5,21.72,21.5,0.0,0.0
2023-08-14,21.09,21.4,21.09,21.4,0.0,0.0
2023-08-15,22.04,21.39,22.04,21.39,0.0,0.0
2023-08-16,21.0,20.89,21.0,20.89,0.0,0.0
2023-08-17,20.33,20.91,20.33,20.91,0.0,0.0
2023-08-18,20.89,20.1,20.89,20.1,0.0,0.0
2023-08-21,20.15,20.41,20.15,20.41,0.0,0.0
2023-08-22,21.2,22.45,21.2,22.45,0.0,0.0
2023-08-23,22.17,21.34,22.17,21.34,0.0,0.0
2023-08-24,22.5,22.43,22.5,22.43,0.0,0.0
2023-08-25,21.2,20.32,21.2,20.32,0.0,0.0
2023-08-28,21.43,20.68,21.43,20.68,0.0,0.0
2023-08-29,20.55,21.59,20.55,21.59,0.0,0.0
2023-08-30,21.89,21.8,21.89,21.8,0.0,0.0
2023-08-31,21.56,21.91,21.56,21.91,0.0,0.0
2023-09-01,21.79,21.25,21.79,21.25,0.0,0.0
2023-09-04,21.4,20.99,21.4,20.99,0.0,0.0
2023-09-05,20.77,20.31,20.77,20.31,0.0,0.0
2023-09-06,20.08,20.22,20.08,20.22,0.0,0.0
2023-09-07,19.98,19.2,19.98,19.2,0.0,0.0
2023-09-08,19.01,19.08,19.01,19.08,0.0,0.0
2023-09-11,19.0,19.46,19.0,19.46,0.0,0.0
2023-09-12,19.19,19.28,19.19,19.28,0.0,0.0
2023-09-13,19.16,18.86,19.16,18.86,0.0,0.0
2023-09-14,18.98,18.59,18.98,18.59,0.0,0.0
2023-09-15,18.63,18.13,18.63,18.13,0.0,0.0
2023-09-18,18.08,18.3,18.08,18.3,0.0,0.0
2023-09-19,18.32,18.48,18.32,18.48,0.0,0.0
2023-09-20,18.49,18.4,18.49,18.4,0.0,0.0
2023-09-21,18.26,18.31,18.26,18.31,0.0,0.0
2023-09-22,18.3,19.94,18.3,19.94,0.0,0.0
2023-09-25,19.76,19.29,19.76,19.29,0.0,0.0
2023-09-26,19.49,19.73,19.49,19.73,0.0,0.0
2023-09-27,19.6,19.8,19.6,19.8,0.0,0.0
2023-09-28,20.03,19.7,20.03,19.7,0.0,0.0
2023-10-09,19.47,19.26,19.47,19.26,0.0,0.0
2023-10-10,19.23,18.86,19.23,18.86,0.0,0.0
2023-10-11,19.16,19.17,19.16,19.17,0.0,0.0
2023-10-12,19.4,18.75,19.4,18.75,0.0,0.0
2023-10-13,18.61,17.88,18.61,17.88,0.0,0.0
2023-10-16,17.89,17.42,17.89,17.42,0.0,0.0
2023-10-17,17.52,17.28,17.52,17.28,0.0,0.0
2023-10-18,16.6,16.92,16.6,16.92,0.0,0.0
2023-10-19,16.58,16.53,16.58,16.53,0.0,0.0
2023-10-20,16.56,16.17,16.56,16.17,0.0,0.0
2023-10-23,14.55,14.55,14.55,14.55,0.0,0.0
2023-10-24,13.31,13.76,13.31,13.76,0.0,0.0
2023-10-25,13.82,13.54,13.82,13.54,0.0,0.0
2023-10-26,13.4,13.83,13.4,13.83,0.0,0.0
2023-10-27,13.83,14.07,13.83,14.07,0.0,0.0
2023-10-30,14.07,14.6,14.07,14.6,0.0,0.0
2023-10-31,14.82,14.72,14.82,14.72,0.0,0.0
2023-11-01,14.76,14.53,14.76,14.53,0.0,0.0
2023-11-02,14.88,14.6,14.88,14.6,0.0,0.0
2023-11-03,14.68,14.75,14.68,14.75,0.0,0.0
2023-11-06,14.92,14.97,14.92,14.97,0.0,0.0
2023-11-07,14.97,15.39,14.97,15.39,0.0,0.0
2023-11-08,15.35,15.3,15.35,15.3,0.0,0.0
2023-11-09,15.5,15.59,15.5,15.59,0.0,0.0
2023-11-10,15.4,15.41,15.4,15.41,0.0,0.0
2023-11-13,15.65,16.11,15.65,16.11,0.0,0.0
2023-11-14,16.15,16.37,16.15,16.37,0.0,0.0
2023-11-15,16.48,16.41,16.48,16.41,0.0,0.0
2023-11-16,16.2,15.94,16.2,15.94,0.0,0.0
2023-11-17,15.87,16.35,15.87,16.35,0.0,0.0
2023-11-20,16.29,16.12,16.29,16.12,0.0,0.0
2023-11-21,16.19,15.96,16.19,15.96,0.0,0.0
2023-11-22,15.9,15.57,15.9,15.57,0.0,0.0
2023-11-23,15.73,15.72,15.73,15.72,0.0,0.0
2023-11-24,15.8,15.4,15.8,15.4,0.0,0.0
2023-11-27,15.1,14.89,15.1,14.89,0.0,0.0
2023-11-28,14.77,15.15,14.77,15.15,0.0,0.0
2023-11-29,15.15,14.95,15.15,14.95,0.0,0.0
2023-11-30,15.08,15.1,15.08,15.1,0.0,0.0
2023-12-01,15.05,15.15,15.05,15.15,0.0,0.0
2023-12-04,15.21,14.78,15.21,14.78,0.0,0.0
2023-12-05,14.75,14.15,14.75,14.15,0.0,0.0
2023-12-06,14.14,14.25,14.14,14.25,0.0,0.0
2023-12-07,14.38,14.33,14.38,14.33,0.0,0.0
2023-12-08,14.36,15.76,14.36,15.76,0.0,0.0
2023-12-11,15.77,15.59,15.77,15.59,0.0,0.0
2023-12-12,15.61,15.26,15.61,15.26,0.0,0.0
2023-12-13,15.26,15.08,15.26,15.08,0.0,0.0
2023-12-14,15.18,15.0,15.18,15.0,0.0,0.0
2023-12-15,15.1,14.78,15.1,14.78,0.0,0.0
2023-12-18,14.78,15.03,14.78,15.03,0.0,0.0
2023-12-19,14.96,15.17,14.96,15.17,0.0,0.0
2023-12-20,15.17,14.55,15.17,14.55,0.0,0.0
2023-12-21,14.55,14.57,14.55,14.57,0.0,0.0
2023-12-22,14.51,14.32,14.51,14.32,0.0,0.0
2023-12-25,14.2,14.21,14.2,14.21,0.0,0.0
2023-12-26,14.12,13.87,14.12,13.87,0.0,0.0
2023-12-27,13.95,13.93,13.95,13.93,0.0,0.0
2023-12-28,14.19,14.8,14.19,14.8,0.0,0.0
2023-12-29,14.8,15.12,14.8,15.12,0.0,0.0
2024-01-02,15.0,14.2,15.0,14.2,0.0,0.0
2024-01-03,14.11,13.88,14.11,13.88,0.0,0.0
2024-01-04,13.78,13.47,13.78,13.47,0.0,0.0
2024-01-05,13.45,13.3,13.45,13.3,0.0,0.0
2024-01-08,13.24,13.08,13.24,13.08,0.0,0.0
2024-01-09,13.33,13.19,13.33,13.19,0.0,0.0
2024-01-10,13.08,12.91,13.08,12.91,0.0,0.0
2024-01-11,12.96,13.15,12.96,13.15,0.0,0.0
2024-01-12,13.0,12.86,13.0,12.86,0.0,0.0
2024-01-15,12.8,12.72,12.8,12.72,0.0,0.0
2024-01-16,12.64,12.91,12.64,12.91,0.0,0.0
2024-01-17,12.87,12.68,12.87,12.68,0.0,0.0
2024-01-18,12.68,13.71,12.68,13.71,0.0,0.0
2024-01-19,13.84,14.2,13.84,14.2,0.0,0.0
2024-01-22,14.71,14.4,14.71,14.4,0.0,0.0
2024-01-23,14.05,14.5,14.05,14.5,0.0,0.0
2024-01-24,14.62,14.5,14.62,14.5,0.0,0.0
2024-01-25,14.45,15.08,14.45,15.08,0.0,0.0
2024-01-26,14.83,14.41,14.83,14.41,0.0,0.0
2024-01-29,14.22,13.59,14.22,13.59,0.0,0.0
2024-01-30,13.55,13.5,13.55,13.5,0.0,0.0
2024-01-31,13.3,13.31,13.3,13.31,0.0,0.0
2024-02-01,13.13,14.56,13.13,14.56,0.0,0.0
2024-02-02,14.54,13.92,14.54,13.92,0.0,0.0
2024-02-05,13.88,14.77,13.88,14.77,0.0,0.0
2024-02-06,14.3,15.53,14.3,15.53,0.0,0.0
2024-02-07,15.27,15.3,15.27,15.3,0.0,0.0
2024-02-08,15.5,15.7,15.5,15.7,0.0,0.0
2024-02-19,16.7,17.27,16.7,17.27,0.0,0.0
2024-02-20,17.9,18.49,17.9,18.49,0.0,0.0
2024-02-21,17.73,17.55,17.73,17.55,0.0,0.0
2024-02-22,18.25,18.19,18.25,18.19,0.0,0.0
2024-02-23,18.82,18.17,18.82,18.17,0.0,0.0
2024-02-26,17.6,17.67,17.6,17.67,0.0,0.0
2024-02-27,17.59,19.33,17.59,19.33,0.0,0.0
2024-02-28,19.05,18.2,19.05,18.2,0.0,0.0
2024-02-29,18.16,18.69,18.16,18.69,0.0,0.0
2024-03-01,19.05,20.02,19.05,20.02,0.0,0.0
2024-03-04,20.8,22.02,20.8,22.02,0.0,0.0
2024-03-05,21.7,22.75,21.7,22.75,0.0,0.0
2024-03-06,22.07,22.01,22.07,22.01,0.0,0.0
2024-03-07,22.47,22.61,22.47,22.61,0.0,0.0
2024-03-08,23.1,24.87,23.1,24.87,0.0,0.0
2024-03-11,23.68,25.82,23.68,25.82,0.0,0.0
2024-03-12,25.26,24.8,25.26,24.8,0.0,0.0
2024-03-13,25.54,24.35,25.54,24.35,0.0,0.0
2024-03-14,22.77,22.85,22.77,22.85,0.0,0.0
2024-03-15,22.49,23.08,22.49,23.08,0.0,0.0
2024-03-18,23.45,25.01,23.45,25.01,0.0,0.0
2024-03-19,24.4,25.51,24.4,25.51,0.0,0.0
2024-03-20,25.3,25.08,25.3,25.08,0.0,0.0
2024-03-21,25.08,24.99,25.08,24.99,0.0,0.0
2024-03-22,24.82,24.43,24.82,24.43,0.0,0.0
2024-03-25,24.85,23.91,24.85,23.91,0.0,0.0
2024-03-26,24.0,23.73,24.0,23.73,0.0,0.0
2024-03-27,23.37,22.41,23.37,22.41,0.0,0.0
2024-03-28,22.42,23.45,22.42,23.45,0.0,0.0
2024-03-29,23.14,22.77,23.14,22.77,0.0,0.0
2024-04-01,22.9,23.31,22.9,23.31,0.0,0.0
2024-04-02,23.24,22.9,23.24,22.9,0.0,0.0
2024-04-03,22.7,21.92,22.7,21.92,0.0,0.0
2024-04-08,21.7,22.0,21.7,22.0,0.0,0.0
2024-04-09,22.15,21.89,22.15,21.89,0.0,0.0
2024-04-10,21.69,21.1,21.69,21.1,0.0,0.0
2024-04-11,21.23,21.25,21.23,21.25,0.0,0.0
2024-04-12,21.8,22.26,21.8,22.26,0.0,0.0
2024-04-15,21.88,22.24,21.88,22.24,0.0,0.0
2024-04-16,21.53,21.81,21.53,21.81,0.0,0.0
2024-04-17,22.5,22.5,22.5,22.5,0.0,0.0
2024-04-18,21.86,22.9,21.86,22.9,0.0,0.0
2024-04-19,22.41,22.05,22.41,22.05,0.0,0.0
2024-04-22,20.38,20.84,20.38,20.84,0.0,0.0
2024-04-23,21.05,20.59,21.05,20.59,0.0,0.0
2024-04-24,21.02,22.24,21.02,22.24,0.0,0.0
2024-04-25,21.66,22.19,21.66,22.19,0.0,0.0
2024-04-26,23.22,24.41,23.22,24.41,0.0,0.0
2024-04-29,24.76,24.52,24.76,24.52,0.0,0.0
2024-04-30,25.3,24.5,25.3,24.5,0.0,0.0
2024-05-06,25.0,24.82,25.0,24.82,0.0,0.0
2024-05-07,25.2,25.38,25.2,25.38,0.0,0.0
2024-05-08,24.74,24.46,24.74,24.46,0.0,0.0
2024-05-09,24.3,24.22,24.3,24.22,0.0,0.0
2024-05-10,24.0,23.92,24.0,23.92,0.0,0.0
2024-05-13,23.93,24.0,23.93,24.0,0.0,0.0
2024-05-14,24.4,23.8,24.4,23.8,0.0,0.0
2024-05-15,23.88,24.3,23.88,24.3,0.0,0.0
2024-05-16,25.73,25.58,25.73,25.58,0.0,0.0
2024-05-17,25.2,25.7,25.2,25.7,0.0,0.0
2024-05-20,25.3,26.22,25.3,26.22,0.0,0.0
2024-05-21,25.94,25.72,25.94,25.72,0.0,0.0
2024-05-22,25.69,25.43,25.69,25.43,0.0,0.0
2024-05-23,26.0,25.62,26.0,25.62,0.0,0.0
2024-05-24,25.2,24.15,25.2,24.15,0.0,0.0
2024-05-27,24.6,24.86,24.6,24.86,0.0,0.0
2024-05-28,24.65,24.12,24.65,24.12,0.0,0.0
2024-05-29,24.75,24.21,24.75,24.21,0.0,0.0
2024-05-30,24.0,23.94,24.0,23.94,0.0,0.0
2024-05-31,23.67,22.91,23.67,22.91,0.0,0.0
2024-06-03,22.91,23.87,22.91,23.87,0.0,0.0
2024-06-04,23.87,23.79,23.87,23.79,0.0,0.0
2024-06-05,23.67,23.7,23.67,23.7,0.0,0.0
2024-06-06,24.88,26.07,24.88,26.07,0.0,0.0
2024-06-07,25.85,24.53,25.85,24.53,0.0,0.0
2024-06-11,24.5,24.21,24.5,24.21,0.0,0.0
2024-06-12,24.55,24.37,24.55,24.37,0.0,0.0
2024-06-13,24.8,25.9,24.8,25.9,0.0,0.0
2024-06-14,26.05,27.23,26.05,27.23,0.0,0.0
2024-06-17,27.07,27.51,27.07,27.51,0.0,0.0
2024-06-18,27.53,28.62,27.53,28.62,0.0,0.0
2024-06-19,29.19,28.47,29.19,28.47,0.0,0.0
2024-06-20,28.47,28.61,28.47,28.61,0.0,0.0
2024-06-21,27.5,28.47,27.5,28.47,0.0,0.0
2024-06-24,27.8,27.55,27.8,27.55,0.0,0.0
2024-06-25,26.76,26.44,26.76,26.44,0.0,0.0
2024-06-26,27.12,27.17,27.12,27.17,0.0,0.0
2024-06-27,26.67,26.81,26.67,26.81,0.0,0.0
2024-06-28,26.7,27.4,26.7,27.4,0.0,0.0
2024-07-01,27.41,28.0,27.41,28.0,0.0,0.0
2024-07-02,27.75,27.36,27.75,27.36,0.0,0.0
2024-07-03,27.15,27.38,27.15,27.38,0.0,0.0
2024-07-04,27.75,27.27,27.75,27.27,0.0,0.0
2024-07-05,27.0,27.08,27.0,27.08,0.0,0.0
2024-07-08,26.87,26.96,26.87,26.96,0.0,0.0
2024-07-09,27.1,29.0,27.1,29.0,0.0,0.0
2024-07-10,29.0,28.95,29.0,28.95,0.0,0.0
2024-07-11,29.45,28.76,29.45,28.76,0.0,0.0
2024-07-12,27.65,27.26,27.65,27.26,0.0,0.0
2024-07-15,27.15,26.96,27.15,26.96,0.0,0.0
2024-07-16,26.96,27.46,26.96,27.46,0.0,0.0
2024-07-17,27.06,25.95,27.06,25.95,0.0,0.0
2024-07-18,24.82,25.41,24.82,25.41,0.0,0.0
2024-07-19,24.97,24.66,24.97,24.66,0.0,0.0
2024-07-22,24.49,24.91,24.49,24.91,0.0,0.0
2024-07-23,25.35,24.54,25.35,24.54,0.0,0.0
2024-07-24,24.4,24.3,24.4,24.3,0.0,0.0
2024-07-25,23.5,23.2,23.5,23.2,0.0,0.0
2024-07-26,23.2,23.5,23.2,23.5,0.0,0.0
2024-07-29,23.4,23.8,23.4,23.8,0.0,0.0
2024-07-30,23.49,22.85,23.49,22.85,0.0,0.0
2024-07-31,22.76,23.84,22.76,23.84,0.0,0.0
2024-08-01,24.6,23.97,24.6,23.97,0.0,0.0
2024-08-02,22.93,22.33,22.93,22.33,0.0,0.0
2024-08-05,21.1,20.42,21.1,20.42,0.0,0.0
2024-08-06,21.03,20.81,21.03,20.81,0.0,0.0
2024-08-07,20.6,20.4,20.6,20.4,0.0,0.0
2024-08-08,20.0,20.48,20.0,20.48,0.0,0.0
2024-08-09,20.8,20.79,20.8,20.79,0.0,0.0
2024-08-12,20.51,20.64,20.51,20.64,0.0,0.0
2024-08-13,20.85,20.78,20.85,20.78,0.0,0.0
2024-08-14,21.2,21.38,21.2,21.38,0.0,0.0
2024-08-15,20.74,20.66,20.74,20.66,0.0,0.0
2024-08-16,21.01,21.06,21.01,21.06,0.0,0.0
2024-08-19,21.0,20.78,21.0,20.78,0.0,0.0
2024-08-20,21.11,20.65,21.11,20.65,0.0,0.0
2024-08-21,20.3,20.77,20.3,20.77,0.0,0.0
2024-08-22,20.78,20.39,20.78,20.39,0.0,0.0
2024-08-23,20.2,20.46,20.2,20.46,0.0,0.0
2024-08-26,20.6,20.12,20.6,20.12,0.0,0.0
2024-08-27,20.0,19.75,20.0,19.75,0.0,0.0
2024-08-28,19.6,19.77,19.6,19.77,0.0,0.0
2024-08-29,19.0,19.22,19.0,19.22,0.0,0.0
2024-08-30,19.08,20.47,19.08,20.47,0.0,0.0
2024-09-02,20.37,19.45,20.37,19.45,0.0,0.0
2024-09-03,19.34,19.44,19.34,19.44,0.0,0.0
2024-09-04,18.5,18.92,18.5,18.92,0.0,0.0
2024-09-05,18.86,18.88,18.86,18.88,0.0,0.0
2024-09-06,18.87,18.36,18.87,18.36,0.0,0.0
2024-09-09,18.13,18.6,18.13,18.6,0.0,0.0
2024-09-10,18.6,18.82,18.6,18.82,0.0,0.0
2024-09-11,18.72,18.78,18.72,18.78,0.0,0.0
2024-09-12,19.39,18.84,19.39,18.84,0.0,0.0
2024-09-13,18.86,19.25,18.86,19.25,0.0,0.0
2024-09-18,19.0,18.75,19.0,18.75,0.0,0.0
2024-09-19,18.87,18.85,18.87,18.85,0.0,0.0
2024-09-20,19.0,18.86,19.0,18.86,0.0,0.0
2024-09-23,18.65,18.71,18.65,18.71,0.0,0.0
2024-09-24,18.9,20.58,18.9,20.58,0.0,0.0
2024-09-25,21.32,21.07,21.32,21.07,0.0,0.0
2024-09-26,21.11,21.66,21.11,21.66,0.0,0.0
2024-09-27,22.02,23.0,22.02,23.0,0.0,0.0
2024-09-30,24.3,25.19,24.3,25.19,0.0,0.0
2024-10-08,27.71,27.71,27.71,27.71,0.0,0.0
2024-10-09,27.7,26.0,27.7,26.0,0.0,0.0
2024-10-10,26.52,25.8,26.52,25.8,0.0,0.0
2024-10-11,25.4,24.59,25.4,24.59,0.0,0.0
2024-10-14,24.54,25.16,24.54,25.16,0.0,0.0
2024-10-15,25.19,24.6,25.19,24.6,0.0,0.0
2024-10-16,23.61,23.53,23.61,23.53,0.0,0.0
2024-10-17,23.77,23.71,23.77,23.71,0.0,0.0
2024-10-18,23.98,26.08,23.98,26.08,0.0,0.0
2024-10-21,26.81,26.2,26.81,26.2,0.0,0.0
2024-10-22,26.49,26.26,26.49,26.26,0.0,0.0
2024-10-23,25.79,25.61,25.79,25.61,0.0,0.0
2024-10-24,25.16,25.35,25.16,25.35,0.0,0.0
2024-10-25,25.39,25.66,25.39,25.66,0.0,0.0
2024-10-28,25.31,25.26,25.31,25.26,0.0,0.0
2024-10-29,25.2,25.05,25.2,25.05,0.0,0.0
2024-10-30,24.9,24.84,24.9,24.84,0.0,0.0
2024-10-31,24.5,24.25,24.5,24.25,0.0,0.0
2024-11-01,23.85,23.68,23.85,23.68,0.0,0.0
2024-11-04,23.78,24.33,23.78,24.33,0.0,0.0
2024-11-05,24.34,24.75,24.34,24.75,0.0,0.0
2024-11-06,25.0,24.18,25.0,24.18,0.0,0.0
2024-11-07,23.96,24.64,23.96,24.64,0.0,0.0
2024-11-08,24.9,25.98,24.9,25.98,0.0,0.0
2024-11-11,25.3,27.01,25.3,27.01,0.0,0.0
2024-11-12,27.01,25.72,27.01,25.72,0.0,0.0
2024-11-13,25.47,26.47,25.47,26.47,0.0,0.0
2024-11-14,26.58,24.87,26.58,24.87,0.0,0.0
2024-11-15,24.8,23.92,24.8,23.92,0.0,0.0
2024-11-18,23.92,23.24,23.92,23.24,0.0,0.0
2024-11-19,23.45,23.72,23.45,23.72,0.0,0.0
2024-11-20,23.7,24.0,23.7,24.0,0.0,0.0
2024-11-21,23.6,23.43,23.6,23.43,0.0,0.0
2024-11-22,23.49,22.84,23.49,22.84,0.0,0.0
2024-11-25,22.84,22.11,22.84,22.11,0.0,0.0
2024-11-26,21.89,22.09,21.89,22.09,0.0,0.0
2024-11-27,21.92,22.32,21.92,22.32,0.0,0.0
2024-11-28,22.32,21.85,22.32,21.85,0.0,0.0
2024-11-29,21.85,22.19,21.85,22.19,0.0,0.0
2024-12-02,22.07,22.56,22.07,22.56,0.0,0.0
2024-12-03,22.68,22.24,22.68,22.24,0.0,0.0
2024-12-04,22.25,21.88,22.25,21.88,0.0,0.0
2024-12-05,21.92,22.54,21.92,22.54,0.0,0.0
2024-12-06,22.54,22.6,22.54,22.6,0.0,0.0
2024-12-09,22.62,22.13,22.62,22.13,0.0,0.0
2024-12-10,22.61,22.14,22.61,22.14,0.0,0.0
2024-12-11,22.1,22.33,22.1,22.33,0.0,0.0
2024-12-12,22.37,22.34,22.37,22.34,0.0,0.0
2024-12-13,22.17,21.35,22.17,21.35,0.0,0.0
2024-12-16,21.2,21.06,21.2,21.06,0.0,0.0
2024-12-17,20.99,21.6,20.99,21.6,0.0,0.0
2024-12-18,21.62,21.41,21.62,21.41,0.0,0.0
2024-12-19,21.2,22.19,21.2,22.19,0.0,0.0
2024-12-20,22.03,22.02,22.03,22.02,0.0,0.0
2024-12-23,22.23,22.05,22.23,22.05,0.0,0.0
2024-12-24,22.11,23.0,22.11,23.0,0.0,0.0
2024-12-25,23.03,22.72,23.03,22.72,0.0,0.0
2024-12-26,22.64,23.33,22.64,23.33,0.0,0.0
2024-12-27,23.16,22.61,23.16,22.61,0.0,0.0
2024-12-30,22.55,22.45,22.55,22.45,0.0,0.0
2024-12-31,22.46,21.5,22.46,21.5,0.0,0.0
2025-01-02,21.4,20.71,21.4,20.71,0.0,0.0
2025-01-03,20.64,20.55,20.64,20.55,0.0,0.0
2025-01-06,20.79,20.67,20.79,20.67,0.0,0.0
2025-01-07,20.81,21.25,20.81,21.25,0.0,0.0
2025-01-08,20.9,20.63,20.9,20.63,0.0,0.0
2025-01-09,20.62,20.54,20.62,20.54,0.0,0.0
2025-01-10,20.49,19.75,20.49,19.75,0.0,0.0
2025-01-13,19.48,19.72,19.48,19.72,0.0,0.0
2025-01-14,19.75,20.57,19.75,20.57,0.0,0.0
2025-01-15,20.5,20.14,20.5,20.14,0.0,0.0
2025-01-16,20.35,20.84,20.35,20.84,0.0,0.0
2025-01-17,20.68,20.66,20.68,20.66,0.0,0.0
2025-01-20,20.91,20.77,20.91,20.77,0.0,0.0
2025-01-21,20.96,21.21,20.96,21.21,0.0,0.0
2025-01-22,21.42,23.33,21.42,23.33,0.0,0.0
2025-01-23,23.81,23.0,23.81,23.0,0.0,0.0
2025-01-24,22.71,23.35,22.71,23.35,0.0,0.0
2025-01-27,22.55,21.45,22.55,21.45,0.0,0.0
2025-02-05,20.56,20.0,20.56,20.0,0.0,0.0
2025-02-06,20.31,20.48,20.31,20.48,0.0,0.0
2025-02-07,20.67,21.55,20.67,21.55,0.0,0.0
2025-02-10,21.66,21.72,21.66,21.72,0.0,0.0
2025-02-11,21.8,21.77,21.8,21.77,0.0,0.0
2025-02-12,21.72,22.15,21.72,22.15,0.0,0.0
2025-02-13,22.05,21.79,22.05,21.79,0.0,0.0
2025-02-14,21.81,22.1,21.81,22.1,0.0,0.0
2025-02-17,22.46,22.9,22.46,22.9,0.0,0.0
2025-02-18,22.9,22.68,22.9,22.68,0.0,0.0
2025-02-19,22.6,23.24,22.6,23.24,0.0,0.0
2025-02-20,23.05,22.62,23.05,22.62,0.0,0.0
2025-02-21,22.87,23.2,22.87,23.2,0.0,0.0
2025-02-24,23.38,23.21,23.38,23.21,0.0,0.0
2025-02-25,22.8,23.08,22.8,23.08,0.0,0.0
2025-02-26,22.99,22.77,22.99,22.77,0.0,0.0
2025-02-27,22.9,21.96,22.9,21.96,0.0,0.0
2025-02-28,21.1,21.19,21.1,21.19,0.0,0.0
2025-03-03,21.37,21.07,21.37,21.07,0.0,0.0
2025-03-04,20.39,21.04,20.39,21.04,0.0,0.0
2025-03-05,21.04,21.04,21.04,21.04,0.0,0.0
2025-03-06,21.2,21.32,21.2,21.32,0.0,0.0
2025-03-07,21.13,20.87,21.13,20.87,0.0,0.0
2025-03-10,20.93,21.03,20.93,21.03,0.0,0.0
2025-03-11,20.61,20.82,20.61,20.82,0.0,0.0
2025-03-12,20.92,20.91,20.92,20.91,0.0,0.0
2025-03-13,21.03,20.67,21.03,20.67,0.0,0.0
2025-03-14,20.81,21.26,20.81,21.26,0.0,0.0
2025-03-17,21.6,21.52,21.6,21.52,0.0,0.0
2025-03-18,21.48,21.54,21.48,21.54,0.0,0.0
2025-03-19,21.4,21.02,21.4,21.02,0.0,0.0
2025-03-20,21.11,20.85,21.11,20.85,0.0,0.0
2025-03-21,20.78,20.63,20.78,20.63,0.0,0.0
2025-03-24,20.69,20.84,20.69,20.84,0.0,0.0
2025-03-25,20.79,20.51,20.79,20.51,0.0,0.0
2025-03-26,20.43,20.38,20.43,20.38,0.0,0.0
2025-03-27,20.21,20.22,20.21,20.22,0.0,0.0
2025-03-28,20.2,19.98,20.2,19.98,0.0,0.0
2025-03-31,19.8,19.86,19.8,19.86,0.0,0.0
2025-04-01,19.95,20.02,19.95,20.02,0.0,0.0
2025-04-02,19.95,20.0,19.95,20.0,0.0,0.0
2025-04-03,19.65,19.05,19.65,19.05,0.0,0.0
2025-04-07,17.15,17.15,17.15,17.15,0.0,0.0
2025-04-08,16.29,15.44,16.29,15.44,0.0,0.0
2025-04-09,14.58,16.33,14.58,16.33,0.0,0.0
2025-04-10,17.9,17.96,17.9,17.96,0.0,0.0
2025-04-11,17.65,17.8,17.65,17.8,0.0,0.0
2025-04-14,18.4,17.92,18.4,17.92,0.0,0.0
2025-04-15,17.92,18.1,17.92,18.1,0.0,0.0
2025-04-16,18.0,17.5,18.0,17.5,0.0,0.0
2025-04-17,17.22,17.4,17.22,17.4,0.0,0.0
2025-04-18,17.4,17.56,17.4,17.56,0.0,0.0
2025-04-21,17.55,17.81,17.55,17.81,0.0,0.0
2025-04-22,17.7,17.78,17.7,17.78,0.0,0.0
2025-04-23,18.19,18.24,18.19,18.24,0.0,0.0
2025-04-24,18.26,17.92,18.26,17.92,0.0,0.0
2025-04-25,18.09,18.24,18.09,18.24,0.0,0.0
2025-04-28,18.26,18.0,18.26,18.0,0.0,0.0
2025-04-29,17.99,18.09,17.99,18.09,0.0,0.0
2025-04-30,18.25,18.06,18.25,18.06,0.0,0.0
2025-05-06,18.3,18.81,18.3,18.81,0.0,0.0
2025-05-07,19.09,18.63,19.09,18.63,0.0,0.0
2025-05-08,18.7,19.03,18.7,19.03,0.0,0.0
2025-05-09,18.91,18.69,18.91,18.69,0.0,0.0
2025-05-12,19.11,19.27,19.11,19.27,0.0,0.0
2025-05-13,19.8,19.09,19.8,19.09,0.0,0.0
2025-05-14,19.48,19.55,19.48,19.55,0.0,0.0
2025-05-15,19.56,19.1,19.56,19.1,0.0,0.0
2025-05-16,19.0,19.22,19.0,19.22,0.0,0.0
2025-05-19,19.06,19.05,19.06,19.05,0.0,0.0
2025-05-20,19.05,19.06,19.05,19.06,0.0,0.0
2025-05-21,19.06,18.97,19.06,18.97,0.0,0.0
2025-05-22,18.88,19.05,18.88,19.05,0.0,0.0
2025-05-23,19.08,18.79,19.08,18.79,0.0,0.0
2025-05-26,18.84,18.76,18.84,18.76,0.0,0.0
2025-05-27,18.76,18.47,18.76,18.47,0.0,0.0
2025-05-28,18.5,18.58,18.5,18.58,0.0,0.0
2025-05-29,18.81,19.7,18.81,19.7,0.0,0.0
2025-05-30,19.32,18.93,19.32,18.93,0.0,0.0
2025-06-03,18.82,18.79,18.82,18.79,0.0,0.0
2025-06-04,18.95,19.43,18.95,19.43,0.0,0.0
2025-06-05,19.38,20.56,19.38,20.56,0.0,0.0
2025-06-06,20.5,20.31,20.5,20.31,0.0,0.0
2025-06-09,20.52,20.43,20.52,20.43,0.0,0.0
2025-06-10,20.45,20.16,20.45,20.16,0.0,0.0
2025-06-11,20.25,20.4,20.25,20.4,0.0,0.0
2025-06-12,20.25,20.66,20.25,20.66,0.0,0.0
2025-06-13,20.6,20.9,20.6,20.9,0.0,0.0
2025-06-16,20.85,21.22,20.85,21.22,0.0,0.0
2025-06-17,21.31,20.6,21.31,20.6,0.0,0.0
2025-06-18,20.65,21.16,20.65,21.16,0.0,0.0
2025-06-19,21.1,20.81,21.1,20.81,0.0,0.0
2025-06-20,20.91,20.59,20.91,20.59,0.0,0.0
2025-06-23,20.43,20.2,20.43,20.2,0.0,0.0
2025-06-24,20.41,20.29,20.41,20.29,0.0,0.0
2025-06-25,20.49,20.98,20.49,20.98,0.0,0.0
2025-06-26,21.4,21.04,21.4,21.04,0.0,0.0
2025-06-27,21.04,21.35,21.04,21.35,0.0,0.0
2025-06-30,21.48,21.38,21.48,21.38,0.0,0.0
2025-07-01,21.26,21.4,21.26,21.4,0.0,0.0
2025-07-02,21.2,21.16,21.2,21.16,0.0,0.0
2025-07-03,21.26,23.28,21.26,23.28,0.0,0.0
2025-07-04,23.31,23.81,23.31,23.81,0.0,0.0
2025-07-07,23.8,23.98,23.8,23.98,0.0,0.0
2025-07-08,24.88,26.38,24.88,26.38,0.0,0.0
2025-07-09,27.0,26.6,27.0,26.6,0.0,0.0
2025-07-10,26.9,26.16,26.9,26.16,0.0,0.0
2025-07-11,26.1,26.0,26.1,26.0,0.0,0.0
2025-07-14,26.0,25.92,26.0,25.92,0.0,0.0
2025-07-15,26.3,27.25,26.3,27.25,0.0,0.0
2025-07-16,26.99,26.73,26.99,26.73,0.0,0.0
2025-07-17,26.63,27.5,26.63,27.5,0.0,0.0
2025-07-18,27.49,27.11,27.49,27.11,0.0,0.0
2025-07-21,27.0,27.02,27.0,27.02,0.0,0.0
2025-07-22,27.0,26.96,27.0,26.96,0.0,0.0
2025-07-23,26.5,26.58,26.5,26.58,0.0,0.0
2025-07-24,27.19,28.45,27.19,28.45,0.0,0.0
2025-07-25,28.45,28.66,28.45,28.66,0.0,0.0
2025-07-28,28.94,29.57,28.94,29.57,0.0,0.0
2025-07-29,29.56,31.19,29.56,31.19,0.0,0.0
2025-07-30,31.0,33.28,31.0,33.28,0.0,0.0
2025-07-31,33.26,34.61,33.26,34.61,0.0,0.0
2025-08-01,34.0,33.0,34.0,33.0,0.0,0.0
2025-08-04,32.4,32.97,32.4,32.97,0.0,0.0
2025-08-05,33.5,35.05,33.5,35.05,0.0,0.0
2025-08-06,34.1,34.3,34.1,34.3,0.0,0.0
2025-08-07,36.2,35.65,36.2,35.65,0.0,0.0
2025-08-08,35.73,36.59,35.73,36.59,0.0,0.0
2025-08-11,36.5,36.35,36.5,36.35,0.0,0.0
2025-08-12,36.47,39.71,36.47,39.71,0.0,0.0
2025-08-13,39.72,43.68,39.72,43.68,0.0,0.0
2025-08-14,43.96,43.22,43.96,43.22,0.0,0.0
2025-08-15,42.59,44.86,42.59,44.86,0.0,0.0
2025-08-18,44.8,44.46,44.8,44.46,0.0,0.0
2025-08-19,44.02,48.91,44.02,48.91,0.0,0.0
2025-08-20,46.5,47.91,46.5,47.91,0.0,0.0
2025-08-21,47.42,45.29,47.42,45.29,0.0,0.0
2025-08-22,44.5,45.83,44.5,45.83,0.0,0.0
2025-08-25,46.5,48.0,46.5,48.0,0.0,0.0
2025-08-26,46.88,45.48,46.88,45.48,0.0,0.0
2025-08-27,45.0,45.72,45.0,45.72,0.0,0.0
2025-08-28,44.6,48.94,44.6,48.94,0.0,0.0
2025-08-29,48.0,53.83,48.0,53.83,0.0,0.0
2025-09-01,53.99,55.62,53.99,55.62,0.0,0.0
2025-09-02,56.7,53.88,56.7,53.88,0.0,0.0
2025-09-03,53.88,54.24,53.88,54.24,0.0,0.0
2025-09-04,56.5,53.13,56.5,53.13,0.0,0.0
2025-09-05,53.3,55.83,53.3,55.83,0.0,0.0
2025-09-08,55.0,51.4,55.0,51.4,0.0,0.0
2025-09-09,50.4,48.79,50.4,48.79,0.0,0.0
2025-09-10,51.6,53.67,51.6,53.67,0.0,0.0
2025-09-11,55.8,59.04,55.8,59.04,0.0,0.0
2025-09-12,58.88,61.9,58.88,61.9,0.0,0.0
2025-09-15,60.0,59.9,60.0,59.9,0.0,0.0
2025-09-16,59.87,59.73,59.87,59.73,0.0,0.0
2025-09-17,58.9,61.12,58.9,61.12,0.0,0.0
2025-09-18,59.39,64.36,59.39,64.36,0.0,0.0
2025-09-19,65.64,66.1,65.64,66.1,0.0,0.0
2025-09-22,66.55,70.5,66.55,70.5,0.0,0.0
2025-09-23,74.72,70.87,74.72,70.87,0.0,0.0
2025-09-24,68.8,68.63,68.8,68.63,0.0,0.0
2025-09-25,67.88,68.46,67.88,68.46,0.0,0.0
2025-09-26,67.55,64.87,67.55,64.87,0.0,0.0
2025-09-29,64.85,66.58,64.85,66.58,0.0,0.0
2025-09-30,66.8,66.01,66.8,66.01,0.0,0.0
2025-10-09,67.11,68.45,67.11,68.45,0.0,0.0
2025-10-10,68.31,66.41,68.31,66.41,0.0,0.0
2025-10-13,61.0,63.48,61.0,63.48,0.0,0.0
2025-10-14,64.99,59.72,64.99,59.72,0.0,0.0
2025-10-15,59.72,63.38,59.72,63.38,0.0,0.0
2025-10-16,62.0,63.59,62.0,63.59,0.0,0.0
2025-10-17,63.0,60.01,63.0,60.01,0.0,0.0
2025-10-20,62.0,62.06,62.0,62.06,0.0,0.0
2025-10-21,62.94,68.0,62.94,68.0,0.0,0.0
2025-10-22,66.99,65.46,66.99,65.46,0.0,0.0
2025-10-23,64.8,63.99,64.8,63.99,0.0,0.0
2025-10-24,65.18,67.25,65.18,67.25,0.0,0.0
2025-10-27,69.26,72.76,69.26,72.76,0.0,0.0
2025-10-28,71.18,73.99,71.18,73.99,0.0,0.0
2025-10-29,78.12,80.8,78.12,80.8,0.0,0.0
2025-10-30,80.0,77.97,80.0,77.97,0.0,0.0
2025-10-31,77.95,72.0,77.95,72.0,0.0,0.0
2025-11-03,70.36,74.89,70.36,74.89,0.0,0.0
2025-11-04,74.77,73.49,74.77,73.49,0.0,0.0
2025-11-05,70.31,75.24,70.31,75.24,0.0,0.0
2025-11-06,75.24,76.22,75.24,76.22,0.0,0.0
2025-11-07,74.07,72.7,74.07,72.7,0.0,0.0
2025-11-10,72.0,71.5,72.0,71.5,0.0,0.0
2025-11-11,72.0,68.03,72.0,68.03,0.0,0.0
2025-11-12,66.45,68.6,66.45,68.6,0.0,0.0
2025-11-13,67.58,67.99,67.58,67.99,0.0,0.0
2025-11-14,65.8,64.27,65.8,64.27,0.0,0.0
2025-11-17,64.39,64.94,64.39,64.94,0.0,0.0
2025-11-18,63.65,64.72,63.65,64.72,0.0,0.0
2025-11-19,64.5,65.06,64.5,65.06,0.0,0.0
2025-11-20,68.06,65.94,68.06,65.94,0.0,0.0
2025-11-21,63.05,60.67,63.05,60.67,0.0,0.0
2025-11-24,61.0,55.94,61.0,55.94,0.0,0.0
2025-11-25,56.36,56.61,56.36,56.61,0.0,0.0
2025-11-26,55.31,58.93,55.31,58.93,0.0,0.0
2025-11-27,60.02,60.27,60.02,60.27,0.0,0.0
2025-11-28,60.24,60.72,60.24,60.72,0.0,0.0
2025-12-01,60.03,59.81,60.03,59.81,0.0,0.0
2025-12-02,59.83,60.96,59.83,60.96,0.0,0.0
2025-12-03,61.0,61.68,61.0,61.68,0.0,0.0
2025-12-04,60.88,61.4,60.88,61.4,0.0,0.0
2025-12-05,61.99,61.12,61.99,61.12,0.0,0.0
2025-12-08,60.75,63.41,60.75,63.41,0.0,0.0
2025-12-09,64.0,67.99,64.0,67.99,0.0,0.0
2025-12-10,66.84,65.21,66.84,65.21,0.0,0.0
2025-12-11,64.01,62.3,64.01,62.3,0.0,0.0
2025-12-12,61.0,61.75,61.0,61.75,0.0,0.0
2025-12-15,59.5,59.14,59.5,59.14,0.0,0.0
2025-12-16,58.95,58.95,58.95,58.95,0.0,0.0
2025-12-17,59.1,61.5,59.1,61.5,0.0,0.0
2025-12-18,59.56,58.28,59.56,58.28,0.0,0.0
2025-12-19,59.19,58.3,59.19,58.3,0.0,0.0
2025-12-22,59.47,60.62,59.47,60.62,0.0,0.0
2025-12-23,60.56,62.86,60.56,62.86,0.0,0.0
2025-12-24,64.18,65.14,64.18,65.14,0.0,0.0
2025-12-25,65.4,66.72,65.4,66.72,0.0,0.0
2025-12-26,66.5,63.84,66.5,63.84,0.0,0.0
2025-12-29,63.74,65.24,63.74,65.24,0.0,0.0
2025-12-30,63.8,64.23,63.8,64.23,0.0,0.0
2025-12-31,64.24,62.05,64.24,62.05,0.0,0.0
2026-01-05,63.29,63.67,63.29,63.67,0.0,0.0
2026-01-06,63.67,64.05,63.67,64.05,0.0,0.0
2026-01-07,63.41,63.15,63.41,63.15,0.0,0.0
2026-01-08,63.31,61.33,63.31,61.33,0.0,0.0
2026-01-09,60.5,61.48,60.5,61.48,0.0,0.0
2026-01-12,61.49,60.93,61.49,60.93,0.0,0.0
2026-01-13,60.78,59.43,60.78,59.43,0.0,0.0
2026-01-14,60.1,60.0,60.1,60.0,0.0,0.0
2026-01-15,59.3,60.79,59.3,60.79,0.0,0.0
2026-01-16,61.2,63.0,61.2,63.0,0.0,0.0
2026-01-19,62.11,60.9,62.11,60.9,0.0,0.0
2026-01-20,60.3,59.67,60.3,59.67,0.0,0.0
2026-01-21,58.71,61.56,58.71,61.56,0.0,0.0
2026-01-22,61.69,62.75,61.69,62.75,0.0,0.0
2026-01-23,62.0,60.11,62.0,60.11,0.0,0.0
2026-01-26,60.09,59.26,60.09,59.26,0.0,0.0
2026-01-27,59.51,60.97,59.51,60.97,0.0,0.0
2026-01-28,62.3,60.69,62.3,60.69,0.0,0.0
2026-01-29,60.68,57.6,60.68,57.6,0.0,0.0
2026-01-30,57.0,57.7,57.0,57.7,0.0,0.0
2026-02-02,56.8,55.68,56.8,55.68,0.0,0.0
2026-02-03,56.3,55.75,56.3,55.75,0.0,0.0
2026-02-04,54.69,53.41,54.69,53.41,0.0,0.0
2026-02-05,52.27,53.88,52.27,53.88,0.0,0.0
2026-02-06,53.0,54.4,53.0,54.4,0.0,0.0
2026-02-09,56.2,55.52,56.2,55.52,0.0,0.0
2026-02-10,55.73,56.07,55.73,56.07,0.0,0.0
2026-02-11,55.6,55.2,55.6,55.2,0.0,0.0
2026-02-12,55.35,55.33,55.35,55.33,0.0,0.0
2026-02-13,54.45,54.75,54.45,54.75,0.0,0.0
2026-02-24,55.41,55.38,55.41,55.38,0.0,0.0
2026-02-25,55.81,57.39,55.81,57.39,0.0,0.0
2026-02-26,57.4,57.95,57.4,57.95,0.0,0.0
2026-02-27,56.3,55.7,56.3,55.7,0.0,0.0
2026-03-02,54.0,55.53,54.0,55.53,0.0,0.0
2026-03-03,55.84,54.88,55.84,54.88,0.0,0.0
2026-03-04,53.98,53.76,53.98,53.76,0.0,0.0
2026-03-05,54.79,55.1,54.79,55.1,0.0,0.0
2026-03-06,54.8,54.33,54.8,54.33,0.0,0.0
2026-03-09,52.76,52.79,52.76,52.79,0.0,0.0
2026-03-10,53.63,54.36,53.63,54.36,0.0,0.0
2026-03-11,54.7,53.89,54.7,53.89,0.0,0.0
2026-03-12,53.9,52.54,53.9,52.54,0.0,0.0
2026-03-13,52.02,52.49,52.02,52.49,0.0,0.0
2026-03-16,52.18,52.7,52.18,52.7,0.0,0.0
2026-03-17,52.99,50.9,52.99,50.9,0.0,0.0
2026-03-18,51.3,52.06,51.3,52.06,0.0,0.0
2026-03-19,51.0,50.46,51.0,50.46,0.0,0.0
2026-03-20,50.98,50.3,50.98,50.3,0.0,0.0
2026-03-23,48.95,47.6,48.95,47.6,0.0,0.0
2026-03-24,48.57,48.84,48.57,48.84,0.0,0.0
2026-03-25,49.39,50.31,49.39,50.31,0.0,0.0
2026-03-26,50.0,49.74,50.0,49.74,0.0,0.0
2026-03-27,48.63,49.53,48.63,49.53,0.0,0.0
2026-03-30,48.46,49.27,48.46,49.27,0.0,0.0
2026-03-31,49.0,51.46,49.0,51.46,0.0,0.0
2026-04-01,53.0,53.32,53.0,53.32,0.0,0.0
2026-04-02,52.66,52.0,52.66,52.0,0.0,0.0
2026-04-03,52.6,52.18,52.6,52.18,0.0,0.0
2026-04-07,52.98,52.58,52.98,52.58,0.0,0.0
2026-04-08,54.16,56.61,54.16,56.61,0.0,0.0
2026-04-09,55.0,55.02,55.0,55.02,0.0,0.0
2026-04-10,55.6,56.52,55.6,56.52,0.0,0.0
2026-04-13,56.0,55.7,56.0,55.7,0.0,0.0
2026-04-14,56.47,58.92,56.47,58.92,0.0,0.0
2026-04-15,59.36,57.82,59.36,57.82,0.0,0.0
2026-04-16,57.99,59.32,57.99,59.32,0.0,0.0
2026-04-17,59.6,60.97,59.6,60.97,0.0,0.0
2026-04-20,61.89,61.51,61.89,61.51,0.0,0.0
2026-04-21,60.97,61.41,60.97,61.41,0.0,0.0
2026-04-22,61.19,66.89,61.19,66.89,0.0,0.0
2026-04-23,66.98,67.92,66.98,67.92,0.0,0.0
2026-04-24,66.57,65.01,66.57,65.01,0.0,0.0
2026-04-27,66.01,67.25,66.01,67.25,0.0,0.0
2026-04-28,67.25,68.2,67.25,68.2,0.0,0.0
2026-04-29,67.77,66.26,67.77,66.26,0.0,0.0
2026-04-30,65.9,62.88,65.9,62.88,0.0,0.0
2026-05-06,63.28,63.08,63.28,63.08,0.0,0.0
2026-05-07,64.09,64.18,64.09,64.18,0.0,0.0
2026-05-08,63.0,63.28,63.0,63.28,0.0,0.0
2026-05-11,64.2,65.85,64.2,65.85,0.0,0.0
2026-05-12,65.87,64.4,65.87,64.4,0.0,0.0
2026-05-13,64.1,70.84,64.1,70.84,0.0,0.0
2026-05-14,74.0,68.6,74.0,68.6,0.0,0.0
2026-05-15,69.5,67.62,69.5,67.62,0.0,0.0
2026-05-18,65.88,68.98,65.88,68.98,0.0,0.0
2026-05-19,68.3,68.56,68.3,68.56,0.0,0.0
2026-05-20,68.2,68.15,68.2,68.15,0.0,0.0
2026-05-21,69.2,65.5,69.2,65.5,0.0,0.0
2026-05-22,66.11,67.16,66.11,67.16,0.0,0.0
2026-05-25,68.0,70.3,68.0,70.3,0.0,0.0
2026-05-26,69.86,69.98,69.86,69.98,0.0,0.0
2026-05-27,69.9,70.08,69.9,70.08,0.0,0.0
2026-05-28,70.0,75.0,70.0,75.0,0.0,0.0
2026-05-29,78.75,73.4,78.75,73.4,0.0,0.0
2026-06-01,75.2,73.75,75.2,73.75,0.0,0.0
2026-06-02,75.0,80.01,75.0,80.01,0.0,0.0
2026-06-03,79.95,81.05,79.95,81.05,0.0,0.0
2026-06-04,80.0,78.55,80.0,78.55,0.0,0.0
2026-06-05,77.5,74.06,77.5,74.06,0.0,0.0
2026-06-08,69.99,70.48,69.99,70.48,0.0,0.0
2026-06-09,71.99,74.74,71.99,74.74,0.0,0.0
2026-06-10,72.9,71.13,72.9,71.13,0.0,0.0
2026-06-11,69.82,69.52,69.82,69.52,0.0,0.0
2026-06-12,71.94,70.13,71.94,70.13,0.0,0.0
2026-06-15,71.47,73.4,71.47,73.4,0.0,0.0
2026-06-16,73.4,72.9,73.4,72.9,0.0,0.0
2026-06-17,71.7,72.64,71.7,72.64,0.0,0.0
2026-06-18,72.0,78.08,72.0,78.08,0.0,0.0
2026-06-22,78.08,78.88,78.08,78.88,0.0,0.0
2026-06-23,78.88,74.1,78.88,74.1,0.0,0.0
2026-06-24,73.0,76.78,73.0,76.78,0.0,0.0
2026-06-25,77.59,76.99,77.59,76.99,0.0,0.0
2026-06-26,75.0,70.22,75.0,70.22,0.0,0.0
2026-06-29,69.3,69.61,69.3,69.61,0.0,0.0
2026-06-30,69.56,72.15,69.56,72.15,0.0,0.0
2026-07-01,73.0,70.0,73.0,70.0,0.0,0.0
2026-07-02,67.46,64.02,67.46,64.02,0.0,0.0
2026-07-03,63.5,64.72,63.5,64.72,0.0,0.0
2026-07-06,65.77,63.59,65.77,63.59,0.0,0.0
2026-07-07,63.17,63.78,63.17,63.78,0.0,0.0
2026-07-08,65.0,66.01,65.0,66.01,0.0,0.0
2026-07-09,66.61,69.53,66.61,69.53,0.0,0.0
2026-07-10,71.0,66.27,71.0,66.27,0.0,0.0
2026-07-13,65.3,63.08,65.3,63.08,0.0,0.0
2026-07-14,62.9,65.6,62.9,65.6,0.0,0.0
2026-07-15,65.88,63.62,65.88,63.62,0.0,0.0
2026-07-16,62.35,63.02,62.35,63.02,0.0,0.0
2026-07-17,62.02,57.59,62.02,57.59,0.0,0.0
2026-07-20,58.88,56.5,58.88,56.5,0.0,0.0
2026-07-21,57.5,60.98,57.5,60.98,0.0,0.0
2026-07-22,60.26,60.71,60.26,60.71,0.0,0.0
2026-07-23,61.99,62.88,61.99,62.88,0.0,0.0
2026-07-24,61.05,60.25,61.05,60.25,0.0,0.0
2026-07-27,59.88,61.55,59.88,61.55,0.0,0.0
2026-07-28,58.88,58.08,58.88,58.08,0.0,0.0
2026-07-29,58.08,57.75,58.08,57.75,0.0,0.0
2026-07-30,57.0,53.8,57.0,53.8,0.0,0.0
2026-07-31,57.14,56.7,57.14,56.7,0.0,0.0
2026-08-03,55.53,55.9,55.53,55.9,0.0,0.0
2026-08-04,56.81,59.93,56.81,59.93,0.0,0.0
2026-08-05,59.0,65.92,59.0,65.92,0.0,0.0
2026-08-06,65.55,68.27,65.55,68.27,0.0,0.0
2026-08-07,68.27,68.18,68.27,68.18,0.0,0.0
2026-08-10,69.0,69.18,69.0,69.18,0.0,0.0
2026-08-11,67.93,66.01,67.93,66.01,0.0,0.0
2026-08-12,66.46,65.6,66.46,65.6,0.0,0.0
2026-08-13,67.99,65.23,67.99,65.23,0.0,0.0
2026-08-14,65.6,66.19,65.6,66.19,0.0,0.0
2026-08-17,67.0,68.23,67.0,68.23,0.0,0.0
2026-08-18,67.7,66.2,67.7,66.2,0.0,0.0
2026-08-19,64.1,61.83,64.1,61.83,0.0,0.0
2026-08-20,62.5,62.13,62.5,62.13,0.0,0.0
2026-08-21,61.65,62.84,61.65,62.84,0.0,0.0
2026-08-24,62.7,60.4,62.7,60.4,0.0,0.0
2026-08-25,58.75,60.15,58.75,60.15,0.0,0.0
2026-08-26,60.2,60.57,60.2,60.57,0.0,0.0
2026-08-27,62.0,63.86,62.0,63.86,0.0,0.0
2026-08-28,64.04,64.04,64.04,64.04,0.0,0.0
2026-08-31,63.15,64.84,63.15,64.84,0.0,0.0
2026-09-01,64.35,62.94,64.35,62.94,0.0,0.0
2026-09-02,61.72,61.8,61.72,61.8,0.0,0.0
2026-09-03,63.0,63.2,63.0,63.2,0.0,0.0
2026-09-04,63.84,63.69,63.84,63.69,0.0,0.0
2026-09-07,64.6,66.57,64.6,66.57,0.0,0.0
2026-09-08,66.3,64.75,66.3,64.75,0.0,0.0
2026-09-09,64.9,65.24,64.9,65.24,0.0,0.0
2026-09-10,64.5,63.91,64.5,63.91,0.0,0.0
2026-09-11,62.66,64.07,62.66,64.07,0.0,0.0
